bar,equity
0,100000
1,100000
2,100000
3,100000
4,100000
5,100000
6,100000
7,100000
8,100000
9,100000
10,100000
11,100000
12,100000
13,100000
14,100000
15,100000
16,100000
17,100000
18,100000
19,100000
20,100000
21,100000
22,100000
23,100000
24,100000
25,100000
26,100000
27,100000
28,100000
29,100000
30,100000
31,100000
32,100000
33,100000
34,100000
35,100000
36,100000
37,100000
38,100000
39,100000
40,100000
41,100000
42,100000
43,100000
44,100000
45,100000
46,100000
47,100000
48,100000
49,100000
50,100000
51,100000
52,100000
53,100000
54,100000
55,100000
56,100000
57,100000
58,100000
59,100000
60,100000
61,100000
62,100000
63,100000
64,100000
65,100000
66,100000
67,100000
68,100000
69,100000
70,100000
71,100000
72,100000
73,100000
74,100000
75,100000
76,100000
77,100000
78,100000
79,100000
80,100000
81,100000
82,100000
83,100000
84,100000
85,100000
86,100000
87,100000
88,100000
89,100000
90,100000
91,100000
92,100000
93,100000
94,100000
95,100000
96,100000
97,100000
98,100000
99,100000
100,100000
101,100000
102,100000
103,100000
104,100000
105,100000
106,100000
107,100000
108,100000
109,100000
110,100000
111,100000
112,100000
113,100000
114,100000
115,100000
116,100000
117,100000
118,100000
119,100000
120,100000
121,100000
122,100000
123,100000
124,100000
125,100000
126,100000
127,100000
128,100000
129,100000
130,100000
131,100000
132,100000
133,100000
134,100000
135,100000
136,100000
137,100000
138,100000
139,100000
140,100000
141,100000
142,100000
143,100000
144,100000
145,100000
146,100000
147,100000
148,100000
149,100000
150,100000
151,100000
152,100000
153,100000
154,100000
155,100000
156,100000
157,100000
158,100000
159,100000
160,100000
161,100000
162,100000
163,100000
164,100000
165,100000
166,100000
167,100000
168,100000
169,100000
170,100000
171,100000
172,100000
173,100000
174,100000
175,100000
176,100000
177,100000
178,100000
179,100000
180,100000
181,100000
182,100000
183,100000
184,100000
185,100000
186,100000
187,100000
188,100000
189,100000
190,100000
191,100000
192,100000
193,100000
194,100000
195,100000
196,100000
197,100000
198,100000
199,100000
200,100000
201,100000
202,100000
203,100000
204,100000
205,100000
206,100000
207,100000
208,100000
209,100000
210,100000
211,100000
212,100000
213,100000
214,100000
215,100000
216,100000
217,100000
218,100000
219,100000
220,100000
221,100000
222,100000
223,100000
224,100000
225,100000
226,100000
227,100000
228,100000
229,100000
230,100000
231,100000
232,100000
233,100000
234,100000
235,100000
236,100000
237,100000
238,100000
239,100000
240,100000
241,100000
242,100000
243,100000
244,100000
245,100000
246,100000
247,100000
248,100000
249,100000
250,100000
251,100000
252,100000
253,100000
254,100000
255,100000
256,100000
257,100000
258,100000
259,100000
260,100000
261,100000
262,100000
263,100000
264,100000
265,100000
266,100000
267,100000
268,100000
269,100000
270,100000
271,100000
272,100000
273,100000
274,100000
275,100000
276,100000
277,100000
278,100000
279,100000
280,100000
281,100000
282,100000
283,100000
284,100000
285,100000
286,100000
287,100000
288,100000
289,100000
290,100000
291,100000
292,100000
293,100000
294,100000
295,100000
296,100000
297,100000
298,100000
299,100000
300,100000
301,100000
302,100000
303,100000
304,100000
305,100000
306,100000
307,100000
308,100000
309,100000
310,100000
311,100000
312,100000
313,100000
314,100000
315,100000
316,100000
317,100000
318,100000
319,100000
320,100000
321,100000
322,100000
323,100000
324,100000
325,100000
326,100000
327,100000
328,100000
329,100000
330,100000
331,100000
332,100000
333,100000
334,100000
335,100000
336,100000
337,100000
338,100000
339,100000
340,100000
341,100000
342,100000
343,100000
344,100000
345,100000
346,100000
347,100000
348,100000
349,100000
350,100000
351,100000
352,100000
353,100000
354,100000
355,100000
356,100000
357,100000
358,100000
359,100000
360,100000
361,100000
362,100000
363,100000
364,100000
365,100000
366,100000
367,100000
368,100000
369,100000
370,100000
371,100000
372,100000
373,100000
374,100000
375,100000
376,100000
377,100000
378,100000
379,100000
380,100000
381,100000
382,100000
383,100000
384,100000
385,100000
386,100000
387,100000
388,100000
389,100000
390,100000
391,100000
392,100000
393,100000
394,100000
395,100000
396,100000
397,100000
398,100000
399,100000
400,100000
401,100000
402,100000
403,100000
404,100000
405,100000
406,100000
407,100000
408,100000
409,100000
410,100000
411,100000
412,100000
413,100000
414,100000
415,100000
416,100000
417,100000
418,100000
419,100000
420,100000
421,100000
422,100000
423,100000
424,100000
425,100000
426,100000
427,100000
428,100000
429,100000
430,100000
431,100000
432,100000
433,100000
434,100000
435,100000
436,100000
437,100000
438,100000
439,100000
440,100000
441,100000
442,100000
443,100000
444,100000
445,100000
446,100000
447,100000
448,100000
449,100000
450,100000
451,100000
452,100000
453,100000
454,100000
455,100000
456,100000
457,100000
458,100000
459,100000
460,100000
461,100000
462,100000
463,100000
464,100000
465,100000
466,100000
467,100000
468,100000
469,100000
470,100000
471,100000
472,100000
473,100000
474,100000
475,100000
476,100000
477,100000
478,100000
479,100000
480,100000
481,100000
482,100000
483,100000
484,100000
485,100000
486,100000
487,100000
488,100000
489,100000
490,100000
491,100000
492,100000
493,100000
494,100000
495,100000
496,100000
497,100000
498,100000
499,100000
500,100000
501,100000
502,100000
503,100000
504,100000
505,100000
506,100000
507,100000
508,100000
509,100000
510,100000
511,100000
512,100000
513,100000
514,100000
515,100000
516,100000
517,100000
518,100000
519,100000
520,100000
521,100000
522,100000
523,100000
524,100000
525,100000
526,100000
527,100000
528,100000
529,100000
530,100000
531,100000
532,100000
533,100000
534,100000
535,100000
536,100000
537,100000
538,100000
539,100000
540,100000
541,100000
542,100000
543,100000
544,100000
545,100000
546,100000
547,100000
548,100000
549,100000
550,100000
551,100000
552,100000
553,100000
554,100000
555,100000
556,100000
557,100000
558,100000
559,100000
560,100000
561,100000
562,100000
563,100000
564,100000
565,100000
566,100000
567,100000
568,100000
569,100000
570,100000
571,100000
572,100000
573,100000
574,100000
575,100000
576,100000
577,100000
578,100000
579,100000
580,100000
581,100000
582,100000
583,100000
584,100000
585,100000
586,100000
587,100000
588,100000
589,100000
590,100000
591,100000
592,100000
593,100000
594,100000
595,100000
596,100000
597,100000
598,100000
599,100000
600,100000
601,100000
602,100000
603,100000
604,100000
605,100000
606,100000
607,100000
608,100000
609,100000
610,100000
611,100000
612,100000
613,100000
614,100000
615,100000
616,100000
617,100000
618,100000
619,100000
620,100000
621,100000
622,100000
623,100000
624,100000
625,100000
626,100000
627,100000
628,100000
629,100000
630,100000
631,100000
632,100000
633,100000
634,100000
635,100000
636,100000
637,100000
638,100000
639,100000
640,100000
641,100000
642,100000
643,100000
644,100000
645,100000
646,100000
647,100000
648,100000
649,100000
650,100000
651,100000
652,100000
653,100000
654,100000
655,100000
656,100000
657,100000
658,100000
659,100000
660,100000
661,100000
662,100000
663,100000
664,100000
665,100000
666,100000
667,100000
668,100000
669,100000
670,100000
671,100000
672,100000
673,100000
674,100000
675,100000
676,100000
677,100000
678,100000
679,100000
680,100000
681,100000
682,100000
683,100000
684,100000
685,100000
686,100000
687,100000
688,100000
689,100000
690,100000
691,100000
692,100000
693,100000
694,100000
695,100000
696,100000
697,100000
698,100000
699,100000
700,100000
701,100000
702,100000
703,100000
704,100000
705,100000
706,100000
707,100000
708,100000
709,100000
710,100000
711,100000
712,100000
713,100000
714,100000
715,100000
716,100000
717,100000
718,100000
719,100000
720,100000
721,100000
722,100000
723,100000
724,100000
725,100000
726,100000
727,100000
728,100000
729,100000
730,100000
731,100000
732,100000
733,100000
734,100000
735,100000
736,100000
737,100000
738,100000
739,100000
740,100000
741,100000
742,100000
743,100000
744,100000
745,100000
746,100000
747,100000
748,100000
749,100000
750,100000
751,100000
752,100000
753,100000
754,100000
755,100000
756,100000
757,100000
758,100000
759,100000
760,100000
761,100000
762,100000
763,100000
764,100000
765,100000
766,100000
767,100000
768,100000
769,100000
770,100000
771,100000
772,100000
773,100000
774,100000
775,100000
776,100000
777,100000
778,100000
779,100000
780,100000
781,100000
782,100000
783,100000
784,100000
785,100000
786,100000
787,100000
788,100000
789,100000
790,100000
791,100000
792,100000
793,100000
794,100000
795,100000
796,100000
797,100000
798,100000
799,100000
800,100000
801,100000
802,100000
803,100000
804,100000
805,100000
806,100000
807,100000
808,100000
809,100000
810,100000
811,100000
812,100000
813,100000
814,100000
815,100000
816,100000
817,100000
818,100000
819,100000
820,100000
821,100000
822,100000
823,100000
824,100000
825,100000
826,100000
827,100000
828,100000
829,100000
830,100000
831,100000
832,100000
833,100000
834,100000
835,100000
836,100000
837,100000
838,100000
839,100000
840,100000
841,100000
842,100000
843,100000
844,100000
845,100000
846,100000
847,100000
848,100000
849,100000
850,100000
851,100000
852,100000
853,100000
854,100000
855,100000
856,100000
857,100000
858,100000
859,100000
860,100000
861,100000
862,100000
863,100000
864,100000
865,100000
866,100000
867,100000
868,100000
869,100000
870,100000
871,100000
872,100000
873,100000
874,100000
875,100000
876,100000
877,100000
878,100000
879,100000
880,100000
881,100000
882,100000
883,100000
884,100000
885,100000
886,100000
887,100000
888,100000
889,100000
890,100000
891,100000
892,100000
893,100000
894,100000
895,100000
896,100000
897,100000
898,100000
899,100000
900,100000
901,100000
902,100000
903,100000
904,100000
905,100000
906,100000
907,100000
908,100000
909,100000
910,100000
911,100000
912,100000
913,100000
914,100000
915,100000
916,100000
917,100000
918,100000
919,100000
920,100000
921,100000
922,100000
923,100000
924,100000
925,100000
926,100000
927,100000
928,100000
929,100000
930,100000
931,100000
932,100000
933,100000
934,100000
935,100000
936,100000
937,100000
938,100000
939,100000
940,100000
941,100000
942,100000
943,100000
944,100000
945,100000
946,100000
947,100000
948,100000
949,100000
950,100000
951,100000
952,100000
953,100000
954,100000
955,100000
956,100000
957,100000
958,100000
959,100000
960,100000
961,100000
962,100000
963,100000
964,100000
965,100000
966,100000
967,100000
968,100000
969,100000
970,100000
971,100000
972,100000
973,100000
974,100000
975,100000
976,100000
977,100000
978,100000
979,100000
980,100000
981,100000
982,100000
983,100000
984,100000
985,100000
986,100000
987,100000
988,100000
989,100000
990,100000
991,100000
992,100000
993,100000
994,100000
995,100000
996,100000
997,100000
998,100000
999,100000
1000,100000
1001,100000
1002,100000
1003,100000
1004,100000
1005,100000
1006,100000
1007,100000
1008,100000
1009,100000
1010,100000
1011,100000
1012,100000
1013,100000
1014,100000
1015,100000
1016,100000
1017,100000
1018,100000
1019,100000
1020,100000
1021,100000
1022,100000
1023,100000
1024,100000
1025,100000
1026,100000
1027,100000
1028,100000
1029,100000
1030,100000
1031,100000
1032,100000
1033,100000
1034,100000
1035,100000
1036,100000
1037,100000
1038,100000
1039,100000
1040,100000
1041,100000
1042,100000
1043,100000
1044,100000
1045,100000
1046,100000
1047,100000
1048,100000
1049,100000
1050,100000
1051,100000
1052,100000
1053,100000
1054,100000
1055,100000
1056,100000
1057,100000
1058,100000
1059,100000
1060,100000
1061,100000
1062,100000
1063,100000
1064,100000
1065,100000
1066,100000
1067,100000
1068,100000
1069,100000
1070,100000
1071,100000
1072,100000
1073,100000
1074,100000
1075,100000
1076,100000
1077,100000
1078,100000
1079,100000
1080,100000
1081,100000
1082,100000
1083,100000
1084,100000
1085,100000
1086,100000
1087,100000
1088,100000
1089,100000
1090,100000
1091,100000
1092,100000
1093,100000
1094,100000
1095,100000
1096,100000
1097,100000
1098,100000
1099,100000
1100,100000
1101,100000
1102,100000
1103,100000
1104,100000
1105,100000
1106,100000
1107,100000
1108,100000
1109,100000
1110,100000
1111,100000
1112,100000
1113,100000
1114,100000
1115,100000
1116,100000
1117,100000
1118,100000
1119,100000
1120,100000
1121,100000
1122,100000
1123,100000
1124,100000
1125,100000
1126,100000
1127,100000
1128,100000
1129,100000
1130,100000
1131,100000
1132,100000
1133,100000
1134,100000
1135,100000
1136,100000
1137,100000
1138,100000
1139,100000
1140,100000
1141,100000
1142,100000
1143,100000
1144,100000
1145,100000
1146,100000
1147,100000
1148,100000
1149,100000
1150,100000
1151,100000
1152,100000
1153,100000
1154,100000
1155,100000
1156,100000
1157,100000
1158,100000
1159,100000
1160,100000
1161,100000
1162,100000
1163,100000
1164,100000
1165,100000
1166,100000
1167,100000
1168,100000
1169,100000
1170,100000
1171,100000
1172,100000
1173,100000
1174,100000
1175,100000
1176,100000
1177,100000
1178,100000
1179,100000
1180,100000
1181,100000
1182,100000
1183,100000
1184,100000
1185,100000
1186,100000
1187,100000
1188,100000
1189,100000
1190,100000
1191,100000
1192,100000
1193,100000
1194,100000
1195,100000
1196,100000
1197,100000
1198,100000
1199,100000
1200,100000
1201,100000
1202,100000
1203,100000
1204,100000
1205,100000
1206,100000
1207,100000
1208,100000
1209,100000
1210,100000
1211,100000
1212,100000
1213,100000
1214,100000
1215,100000
1216,100000
1217,100000
1218,100000
1219,100000
1220,100000
1221,100000
1222,100000
1223,100000
1224,100000
1225,100000
1226,100000
1227,100000
1228,100000
1229,100000
1230,100000
1231,100000
1232,100000
1233,100000
1234,100000
1235,100000
1236,100000
1237,100000
1238,100000
1239,100000
1240,100000
1241,100000
1242,100000
1243,100000
1244,100000
1245,100000
1246,100000
1247,100000
1248,100000
1249,100000
1250,100000
1251,100000
1252,100000
1253,100000
1254,100000
1255,100000
1256,100000
1257,100000
1258,100000
1259,100000
1260,100000
1261,100000
1262,100000
1263,100000
1264,100000
1265,100000
1266,100000
1267,100000
1268,100000
1269,100000
1270,100000
1271,100000
1272,100000
1273,100000
1274,100000
1275,100000
1276,100000
1277,100000
1278,100000
1279,100000
1280,100000
1281,100000
1282,100000
1283,100000
1284,100000
1285,100000
1286,100000
1287,100000
1288,100000
1289,100000
1290,100000
1291,100000
1292,100000
1293,100000
1294,100000
1295,100000
1296,100000
1297,100000
1298,100000
1299,100000
1300,100000
1301,100000
1302,100000
1303,100000
1304,100000
1305,100000
1306,100000
1307,100000
1308,100000
1309,100000
1310,100000
1311,100000
1312,100000
1313,100000
1314,100000
1315,100000
1316,100000
1317,100000
1318,100000
1319,100000
1320,100000
1321,100000
1322,100000
1323,100000
1324,100000
1325,100000
1326,100000
1327,100000
1328,100000
1329,100000
1330,100000
1331,100000
1332,100000
1333,100000
1334,100000
1335,100000
1336,100000
1337,100000
1338,100000
1339,100000
1340,100000
1341,100000
1342,100000
1343,100000
1344,100000
1345,100000
1346,100000
1347,100000
1348,100000
1349,100000
1350,100000
1351,100000
1352,100000
1353,100000
1354,100000
1355,100000
1356,100000
1357,100000
1358,100000
1359,100000
1360,100000
1361,100000
1362,100000
1363,100000
1364,100000
1365,100000
1366,100000
1367,100000
1368,100000
1369,100000
1370,100000
1371,100000
1372,100000
1373,100000
1374,100000
1375,100000
1376,100000
1377,100000
1378,100000
1379,100000
1380,100000
1381,100000
1382,100000
1383,100000
1384,100000
1385,100000
1386,100000
1387,100000
1388,100000
1389,100000
1390,100000
1391,100000
1392,100000
1393,100000
1394,100000
1395,100000
1396,100000
1397,100000
1398,100000
1399,100000
1400,100000
1401,100000
1402,100000
1403,100000
1404,100000
1405,100000
1406,100000
1407,100000
1408,100000
1409,100000
1410,100000
1411,100000
1412,100000
1413,100000
1414,100000
1415,100000
1416,100000
1417,100000
1418,100000
1419,100000
1420,100000
1421,100000
1422,100000
1423,100000
1424,100000
1425,100000
1426,100000
1427,100000
1428,100000
1429,100000
1430,100000
1431,100000
1432,100000
1433,100000
1434,100000
1435,100000
1436,100000
1437,100000
1438,100000
1439,100000
1440,100000
1441,100000
1442,100000
1443,100000
1444,100000
1445,100000
1446,100000
1447,98043.99999999987
1448,98043.99999999987
1449,98043.99999999987
1450,98043.99999999987
1451,98043.99999999987
1452,98043.99999999987
1453,98043.99999999987
1454,98043.99999999987
1455,98043.99999999987
1456,98043.99999999987
1457,98043.99999999987
1458,98043.99999999987
1459,98043.99999999987
1460,98043.99999999987
1461,98043.99999999987
1462,98043.99999999987
1463,98043.99999999987
1464,98043.99999999987
1465,98043.99999999987
1466,98043.99999999987
1467,98043.99999999987
1468,98043.99999999987
1469,98043.99999999987
1470,98043.99999999987
1471,98043.99999999987
1472,98043.99999999987
1473,98043.99999999987
1474,98043.99999999987
1475,98043.99999999987
1476,98043.99999999987
1477,98043.99999999987
1478,98043.99999999987
1479,98043.99999999987
1480,98043.99999999987
1481,98043.99999999987
1482,98043.99999999987
1483,98043.99999999987
1484,98043.99999999987
1485,98043.99999999987
1486,98043.99999999987
1487,98043.99999999987
1488,98043.99999999987
1489,98043.99999999987
1490,98043.99999999987
1491,98043.99999999987
1492,98043.99999999987
1493,98043.99999999987
1494,98043.99999999987
1495,98043.99999999987
1496,98043.99999999987
1497,98043.99999999987
1498,98043.99999999987
1499,98043.99999999987
1500,98043.99999999987
1501,98043.99999999987
1502,98043.99999999987
1503,98043.99999999987
1504,98043.99999999987
1505,98043.99999999987
1506,98043.99999999987
1507,98043.99999999987
1508,98043.99999999987
1509,98043.99999999987
1510,98043.99999999987
1511,98043.99999999987
1512,98043.99999999987
1513,98043.99999999987
1514,98043.99999999987
1515,98043.99999999987
1516,98043.99999999987
1517,98043.99999999987
1518,98043.99999999987
1519,98043.99999999987
1520,98043.99999999987
1521,98043.99999999987
1522,98043.99999999987
1523,98043.99999999987
1524,98043.99999999987
1525,98043.99999999987
1526,98043.99999999987
1527,98043.99999999987
1528,98043.99999999987
1529,98043.99999999987
1530,98043.99999999987
1531,98043.99999999987
1532,98043.99999999987
1533,98043.99999999987
1534,98043.99999999987
1535,98043.99999999987
1536,98043.99999999987
1537,98043.99999999987
1538,98043.99999999987
1539,98043.99999999987
1540,98043.99999999987
1541,98043.99999999987
1542,98043.99999999987
1543,98043.99999999987
1544,98043.99999999987
1545,98043.99999999987
1546,98043.99999999987
1547,98043.99999999987
1548,98043.99999999987
1549,98043.99999999987
1550,98043.99999999987
1551,98043.99999999987
1552,98043.99999999987
1553,98043.99999999987
1554,98043.99999999987
1555,98043.99999999987
1556,98043.99999999987
1557,98043.99999999987
1558,98043.99999999987
1559,98043.99999999987
1560,98043.99999999987
1561,98043.99999999987
1562,98043.99999999987
1563,98043.99999999987
1564,98043.99999999987
1565,98043.99999999987
1566,98043.99999999987
1567,98043.99999999987
1568,98043.99999999987
1569,98043.99999999987
1570,98043.99999999987
1571,98043.99999999987
1572,98043.99999999987
1573,98043.99999999987
1574,98043.99999999987
1575,98043.99999999987
1576,98043.99999999987
1577,98043.99999999987
1578,98043.99999999987
1579,98043.99999999987
1580,98043.99999999987
1581,98043.99999999987
1582,98043.99999999987
1583,98043.99999999987
1584,98043.99999999987
1585,98043.99999999987
1586,98043.99999999987
1587,98043.99999999987
1588,98043.99999999987
1589,98043.99999999987
1590,98043.99999999987
1591,98043.99999999987
1592,98043.99999999987
1593,98043.99999999987
1594,98043.99999999987
1595,98043.99999999987
1596,98043.99999999987
1597,98043.99999999987
1598,98043.99999999987
1599,98043.99999999987
1600,98043.99999999987
1601,98043.99999999987
1602,98043.99999999987
1603,98043.99999999987
1604,98043.99999999987
1605,98043.99999999987
1606,98043.99999999987
1607,98043.99999999987
1608,98043.99999999987
1609,98043.99999999987
1610,98043.99999999987
1611,98043.99999999987
1612,98043.99999999987
1613,98043.99999999987
1614,98043.99999999987
1615,98043.99999999987
1616,98043.99999999987
1617,98043.99999999987
1618,98043.99999999987
1619,98043.99999999987
1620,98043.99999999987
1621,98043.99999999987
1622,98043.99999999987
1623,98043.99999999987
1624,98043.99999999987
1625,98043.99999999987
1626,98043.99999999987
1627,98043.99999999987
1628,98043.99999999987
1629,98043.99999999987
1630,98043.99999999987
1631,98043.99999999987
1632,98043.99999999987
1633,98043.99999999987
1634,98043.99999999987
1635,98043.99999999987
1636,98043.99999999987
1637,98043.99999999987
1638,98043.99999999987
1639,98043.99999999987
1640,98043.99999999987
1641,98043.99999999987
1642,98043.99999999987
1643,98043.99999999987
1644,98043.99999999987
1645,98043.99999999987
1646,98043.99999999987
1647,98043.99999999987
1648,98043.99999999987
1649,98043.99999999987
1650,98043.99999999987
1651,98043.99999999987
1652,98043.99999999987
1653,98043.99999999987
1654,98043.99999999987
1655,98043.99999999987
1656,98043.99999999987
1657,98043.99999999987
1658,98043.99999999987
1659,98043.99999999987
1660,98043.99999999987
1661,98043.99999999987
1662,98043.99999999987
1663,98043.99999999987
1664,98043.99999999987
1665,98043.99999999987
1666,98043.99999999987
1667,98043.99999999987
1668,98043.99999999987
1669,98043.99999999987
1670,98043.99999999987
1671,98043.99999999987
1672,98043.99999999987
1673,98043.99999999987
1674,98043.99999999987
1675,98043.99999999987
1676,98043.99999999987
1677,98043.99999999987
1678,98043.99999999987
1679,98043.99999999987
1680,98043.99999999987
1681,98043.99999999987
1682,98043.99999999987
1683,98043.99999999987
1684,98043.99999999987
1685,98043.99999999987
1686,98043.99999999987
1687,98043.99999999987
1688,98043.99999999987
1689,98043.99999999987
1690,98043.99999999987
1691,98043.99999999987
1692,98043.99999999987
1693,98043.99999999987
1694,98043.99999999987
1695,98043.99999999987
1696,98043.99999999987
1697,98043.99999999987
1698,98043.99999999987
1699,98043.99999999987
1700,98043.99999999987
1701,98043.99999999987
1702,98043.99999999987
1703,98043.99999999987
1704,98043.99999999987
1705,98043.99999999987
1706,98043.99999999987
1707,98043.99999999987
1708,98043.99999999987
1709,98043.99999999987
1710,98043.99999999987
1711,98043.99999999987
1712,98043.99999999987
1713,98043.99999999987
1714,98043.99999999987
1715,98043.99999999987
1716,98043.99999999987
1717,98043.99999999987
1718,98043.99999999987
1719,98043.99999999987
1720,98043.99999999987
1721,98043.99999999987
1722,98043.99999999987
1723,98043.99999999987
1724,98043.99999999987
1725,98043.99999999987
1726,98043.99999999987
1727,98043.99999999987
1728,98043.99999999987
1729,98043.99999999987
1730,98043.99999999987
1731,98043.99999999987
1732,98043.99999999987
1733,98043.99999999987
1734,98043.99999999987
1735,98043.99999999987
1736,98043.99999999987
1737,98043.99999999987
1738,98043.99999999987
1739,98043.99999999987
1740,98043.99999999987
1741,98043.99999999987
1742,98043.99999999987
1743,98043.99999999987
1744,98043.99999999987
1745,98043.99999999987
1746,98043.99999999987
1747,98043.99999999987
1748,98043.99999999987
1749,98043.99999999987
1750,98043.99999999987
1751,98043.99999999987
1752,98043.99999999987
1753,98043.99999999987
1754,98043.99999999987
1755,98043.99999999987
1756,98043.99999999987
1757,98043.99999999987
1758,98043.99999999987
1759,98043.99999999987
1760,98043.99999999987
1761,98043.99999999987
1762,98043.99999999987
1763,98043.99999999987
1764,98043.99999999987
1765,98043.99999999987
1766,98043.99999999987
1767,98043.99999999987
1768,98043.99999999987
1769,98043.99999999987
1770,98043.99999999987
1771,98043.99999999987
1772,98043.99999999987
1773,98043.99999999987
1774,98043.99999999987
1775,98043.99999999987
1776,98043.99999999987
1777,98043.99999999987
1778,98043.99999999987
1779,98043.99999999987
1780,98043.99999999987
1781,98043.99999999987
1782,98043.99999999987
1783,98043.99999999987
1784,98043.99999999987
1785,98043.99999999987
1786,98043.99999999987
1787,98043.99999999987
1788,98043.99999999987
1789,98043.99999999987
1790,98043.99999999987
1791,98043.99999999987
1792,98043.99999999987
1793,98043.99999999987
1794,98043.99999999987
1795,98043.99999999987
1796,98043.99999999987
1797,98043.99999999987
1798,98043.99999999987
1799,98043.99999999987
1800,98043.99999999987
1801,98043.99999999987
1802,98043.99999999987
1803,98043.99999999987
1804,98043.99999999987
1805,98043.99999999987
1806,98043.99999999987
1807,98043.99999999987
1808,98043.99999999987
1809,98043.99999999987
1810,98043.99999999987
1811,98043.99999999987
1812,98043.99999999987
1813,98043.99999999987
1814,98043.99999999987
1815,98043.99999999987
1816,98043.99999999987
1817,98043.99999999987
1818,98043.99999999987
1819,98043.99999999987
1820,98043.99999999987
1821,98043.99999999987
1822,98043.99999999987
1823,98043.99999999987
1824,98043.99999999987
1825,98043.99999999987
1826,98043.99999999987
1827,98043.99999999987
1828,98043.99999999987
1829,98043.99999999987
1830,98043.99999999987
1831,98043.99999999987
1832,98043.99999999987
1833,98043.99999999987
1834,98043.99999999987
1835,98043.99999999987
1836,98043.99999999987
1837,98043.99999999987
1838,98043.99999999987
1839,98043.99999999987
1840,98043.99999999987
1841,98043.99999999987
1842,98043.99999999987
1843,98043.99999999987
1844,98043.99999999987
1845,98043.99999999987
1846,98043.99999999987
1847,98043.99999999987
1848,98043.99999999987
1849,98043.99999999987
1850,98043.99999999987
1851,98043.99999999987
1852,98043.99999999987
1853,98043.99999999987
1854,98043.99999999987
1855,98043.99999999987
1856,98043.99999999987
1857,98043.99999999987
1858,98043.99999999987
1859,98043.99999999987
1860,98043.99999999987
1861,98043.99999999987
1862,98043.99999999987
1863,98043.99999999987
1864,98043.99999999987
1865,98043.99999999987
1866,98043.99999999987
1867,98043.99999999987
1868,98043.99999999987
1869,98043.99999999987
1870,98043.99999999987
1871,98043.99999999987
1872,98043.99999999987
1873,98043.99999999987
1874,98043.99999999987
1875,98043.99999999987
1876,98043.99999999987
1877,98043.99999999987
1878,98043.99999999987
1879,98043.99999999987
1880,98043.99999999987
1881,98043.99999999987
1882,98043.99999999987
1883,98043.99999999987
1884,98043.99999999987
1885,98043.99999999987
1886,98043.99999999987
1887,98043.99999999987
1888,98043.99999999987
1889,98043.99999999987
1890,98043.99999999987
1891,98043.99999999987
1892,98043.99999999987
1893,98043.99999999987
1894,98043.99999999987
1895,98043.99999999987
1896,98043.99999999987
1897,98043.99999999987
1898,98043.99999999987
1899,98043.99999999987
1900,98043.99999999987
1901,98043.99999999987
1902,98043.99999999987
1903,98043.99999999987
1904,98043.99999999987
1905,98043.99999999987
1906,98043.99999999987
1907,98043.99999999987
1908,98043.99999999987
1909,98043.99999999987
1910,98043.99999999987
1911,98043.99999999987
1912,98043.99999999987
1913,98043.99999999987
1914,98043.99999999987
1915,98043.99999999987
1916,98043.99999999987
1917,98043.99999999987
1918,98043.99999999987
1919,98043.99999999987
1920,98043.99999999987
1921,98043.99999999987
1922,98043.99999999987
1923,98043.99999999987
1924,98043.99999999987
1925,98043.99999999987
1926,98043.99999999987
1927,98043.99999999987
1928,98043.99999999987
1929,98043.99999999987
1930,98043.99999999987
1931,98043.99999999987
1932,98043.99999999987
1933,98043.99999999987
1934,98043.99999999987
1935,98043.99999999987
1936,98043.99999999987
1937,98043.99999999987
1938,98043.99999999987
1939,98043.99999999987
1940,98043.99999999987
1941,98043.99999999987
1942,98043.99999999987
1943,98043.99999999987
1944,98043.99999999987
1945,98043.99999999987
1946,98043.99999999987
1947,98043.99999999987
1948,98043.99999999987
1949,98043.99999999987
1950,98043.99999999987
1951,98043.99999999987
1952,98043.99999999987
1953,98043.99999999987
1954,98043.99999999987
1955,98043.99999999987
1956,98043.99999999987
1957,98043.99999999987
1958,98043.99999999987
1959,98043.99999999987
1960,98043.99999999987
1961,98043.99999999987
1962,98043.99999999987
1963,98043.99999999987
1964,98043.99999999987
1965,98043.99999999987
1966,98043.99999999987
1967,98043.99999999987
1968,98043.99999999987
1969,98043.99999999987
1970,98043.99999999987
1971,98043.99999999987
1972,98043.99999999987
1973,98043.99999999987
1974,98043.99999999987
1975,98043.99999999987
1976,98043.99999999987
1977,98043.99999999987
1978,98043.99999999987
1979,98043.99999999987
1980,98043.99999999987
1981,98043.99999999987
1982,98043.99999999987
1983,98043.99999999987
1984,98043.99999999987
1985,98043.99999999987
1986,98043.99999999987
1987,98043.99999999987
1988,98043.99999999987
1989,98043.99999999987
1990,98043.99999999987
1991,98043.99999999987
1992,98043.99999999987
1993,98043.99999999987
1994,98043.99999999987
1995,98043.99999999987
1996,98043.99999999987
1997,98043.99999999987
1998,98043.99999999987
1999,98043.99999999987
2000,98043.99999999987
2001,98043.99999999987
2002,98043.99999999987
2003,98043.99999999987
2004,98043.99999999987
2005,98043.99999999987
2006,98043.99999999987
2007,98043.99999999987
2008,98043.99999999987
2009,98043.99999999987
2010,98043.99999999987
2011,98043.99999999987
2012,98043.99999999987
2013,98043.99999999987
2014,98043.99999999987
2015,98043.99999999987
2016,98043.99999999987
2017,98043.99999999987
2018,98043.99999999987
2019,98043.99999999987
2020,98043.99999999987
2021,98043.99999999987
2022,98043.99999999987
2023,98043.99999999987
2024,98043.99999999987
2025,98043.99999999987
2026,98043.99999999987
2027,98043.99999999987
2028,98043.99999999987
2029,98043.99999999987
2030,98043.99999999987
2031,98043.99999999987
2032,98043.99999999987
2033,98043.99999999987
2034,98043.99999999987
2035,98043.99999999987
2036,98043.99999999987
2037,98043.99999999987
2038,98043.99999999987
2039,98043.99999999987
2040,98043.99999999987
2041,98043.99999999987
2042,98043.99999999987
2043,98043.99999999987
2044,98043.99999999987
2045,98043.99999999987
2046,98043.99999999987
2047,98043.99999999987
2048,98043.99999999987
2049,98043.99999999987
2050,98043.99999999987
2051,98043.99999999987
2052,98043.99999999987
2053,98043.99999999987
2054,98043.99999999987
2055,98043.99999999987
2056,98043.99999999987
2057,98043.99999999987
2058,98043.99999999987
2059,98043.99999999987
2060,98043.99999999987
2061,98043.99999999987
2062,98043.99999999987
2063,98043.99999999987
2064,98043.99999999987
2065,98043.99999999987
2066,98043.99999999987
2067,98043.99999999987
2068,98043.99999999987
2069,98043.99999999987
2070,98043.99999999987
2071,98043.99999999987
2072,98043.99999999987
2073,98043.99999999987
2074,98043.99999999987
2075,98043.99999999987
2076,98043.99999999987
2077,98043.99999999987
2078,98043.99999999987
2079,98043.99999999987
2080,98043.99999999987
2081,98043.99999999987
2082,98043.99999999987
2083,98043.99999999987
2084,98043.99999999987
2085,98043.99999999987
2086,98043.99999999987
2087,98043.99999999987
2088,98043.99999999987
2089,98043.99999999987
2090,98043.99999999987
2091,98043.99999999987
2092,98043.99999999987
2093,98043.99999999987
2094,98043.99999999987
2095,98043.99999999987
2096,98043.99999999987
2097,98043.99999999987
2098,98043.99999999987
2099,98043.99999999987
2100,98043.99999999987
2101,98043.99999999987
2102,98043.99999999987
2103,98043.99999999987
2104,98043.99999999987
2105,98043.99999999987
2106,98043.99999999987
2107,98043.99999999987
2108,98043.99999999987
2109,98043.99999999987
2110,98043.99999999987
2111,98043.99999999987
2112,98043.99999999987
2113,98043.99999999987
2114,98043.99999999987
2115,98043.99999999987
2116,98043.99999999987
2117,98043.99999999987
2118,98043.99999999987
2119,98043.99999999987
2120,98043.99999999987
2121,98043.99999999987
2122,98043.99999999987
2123,98043.99999999987
2124,98043.99999999987
2125,98043.99999999987
2126,98043.99999999987
2127,98043.99999999987
2128,98043.99999999987
2129,98043.99999999987
2130,98043.99999999987
2131,98043.99999999987
2132,98043.99999999987
2133,98043.99999999987
2134,98043.99999999987
2135,98043.99999999987
2136,98043.99999999987
2137,98043.99999999987
2138,98043.99999999987
2139,98043.99999999987
2140,98043.99999999987
2141,98043.99999999987
2142,98043.99999999987
2143,98043.99999999987
2144,98043.99999999987
2145,98043.99999999987
2146,98043.99999999987
2147,98043.99999999987
2148,98043.99999999987
2149,98043.99999999987
2150,98043.99999999987
2151,98043.99999999987
2152,98043.99999999987
2153,98043.99999999987
2154,98043.99999999987
2155,98043.99999999987
2156,98043.99999999987
2157,98043.99999999987
2158,98043.99999999987
2159,98043.99999999987
2160,98043.99999999987
2161,98043.99999999987
2162,98043.99999999987
2163,98043.99999999987
2164,98043.99999999987
2165,98043.99999999987
2166,98043.99999999987
2167,98043.99999999987
2168,98043.99999999987
2169,98043.99999999987
2170,98043.99999999987
2171,98043.99999999987
2172,98043.99999999987
2173,98043.99999999987
2174,98043.99999999987
2175,98043.99999999987
2176,98043.99999999987
2177,98043.99999999987
2178,98043.99999999987
2179,98043.99999999987
2180,98043.99999999987
2181,98043.99999999987
2182,98043.99999999987
2183,98043.99999999987
2184,98043.99999999987
2185,98043.99999999987
2186,98043.99999999987
2187,98043.99999999987
2188,98043.99999999987
2189,98043.99999999987
2190,98043.99999999987
2191,98043.99999999987
2192,98043.99999999987
2193,98043.99999999987
2194,98043.99999999987
2195,98043.99999999987
2196,98043.99999999987
2197,98043.99999999987
2198,98043.99999999987
2199,98043.99999999987
2200,98043.99999999987
2201,98043.99999999987
2202,98043.99999999987
2203,98043.99999999987
2204,98043.99999999987
2205,98043.99999999987
2206,98043.99999999987
2207,98043.99999999987
2208,98043.99999999987
2209,98043.99999999987
2210,98043.99999999987
2211,98043.99999999987
2212,98043.99999999987
2213,98043.99999999987
2214,98043.99999999987
2215,98043.99999999987
2216,98043.99999999987
2217,98043.99999999987
2218,98043.99999999987
2219,98043.99999999987
2220,98043.99999999987
2221,98043.99999999987
2222,98043.99999999987
2223,98043.99999999987
2224,98043.99999999987
2225,98043.99999999987
2226,98043.99999999987
2227,98043.99999999987
2228,98043.99999999987
2229,98043.99999999987
2230,98043.99999999987
2231,98043.99999999987
2232,98043.99999999987
2233,98043.99999999987
2234,98043.99999999987
2235,98043.99999999987
2236,98043.99999999987
2237,98043.99999999987
2238,98043.99999999987
2239,98043.99999999987
2240,98043.99999999987
2241,98043.99999999987
2242,98043.99999999987
2243,98043.99999999987
2244,98043.99999999987
2245,98043.99999999987
2246,98043.99999999987
2247,98043.99999999987
2248,98043.99999999987
2249,98043.99999999987
2250,98043.99999999987
2251,98043.99999999987
2252,98043.99999999987
2253,98043.99999999987
2254,98043.99999999987
2255,98043.99999999987
2256,98043.99999999987
2257,98043.99999999987
2258,98043.99999999987
2259,98043.99999999987
2260,98043.99999999987
2261,98043.99999999987
2262,98043.99999999987
2263,98043.99999999987
2264,98043.99999999987
2265,98043.99999999987
2266,98043.99999999987
2267,98043.99999999987
2268,98043.99999999987
2269,98043.99999999987
2270,98043.99999999987
2271,98043.99999999987
2272,98043.99999999987
2273,98043.99999999987
2274,98043.99999999987
2275,98043.99999999987
2276,98043.99999999987
2277,98043.99999999987
2278,98043.99999999987
2279,98043.99999999987
2280,98043.99999999987
2281,98043.99999999987
2282,98043.99999999987
2283,98043.99999999987
2284,98043.99999999987
2285,98043.99999999987
2286,98043.99999999987
2287,98043.99999999987
2288,98043.99999999987
2289,98043.99999999987
2290,98043.99999999987
2291,98043.99999999987
2292,98043.99999999987
2293,98043.99999999987
2294,98043.99999999987
2295,98043.99999999987
2296,98043.99999999987
2297,98043.99999999987
2298,98043.99999999987
2299,98043.99999999987
2300,98043.99999999987
2301,98043.99999999987
2302,98043.99999999987
2303,98043.99999999987
2304,98043.99999999987
2305,98043.99999999987
2306,98043.99999999987
2307,98043.99999999987
2308,98043.99999999987
2309,98043.99999999987
2310,98043.99999999987
2311,98043.99999999987
2312,98043.99999999987
2313,98043.99999999987
2314,98043.99999999987
2315,98043.99999999987
2316,98043.99999999987
2317,98043.99999999987
2318,98043.99999999987
2319,98043.99999999987
2320,98043.99999999987
2321,98043.99999999987
2322,98043.99999999987
2323,98043.99999999987
2324,98043.99999999987
2325,98043.99999999987
2326,98043.99999999987
2327,98043.99999999987
2328,98043.99999999987
2329,98043.99999999987
2330,98043.99999999987
2331,98043.99999999987
2332,98043.99999999987
2333,98043.99999999987
2334,98043.99999999987
2335,98043.99999999987
2336,98043.99999999987
2337,98043.99999999987
2338,98043.99999999987
2339,98043.99999999987
2340,98043.99999999987
2341,98043.99999999987
2342,98043.99999999987
2343,98043.99999999987
2344,98043.99999999987
2345,98043.99999999987
2346,98043.99999999987
2347,98043.99999999987
2348,98043.99999999987
2349,98043.99999999987
2350,98043.99999999987
2351,98043.99999999987
2352,98043.99999999987
2353,98043.99999999987
2354,98043.99999999987
2355,98043.99999999987
2356,98043.99999999987
2357,98043.99999999987
2358,98043.99999999987
2359,98043.99999999987
2360,98043.99999999987
2361,98043.99999999987
2362,98043.99999999987
2363,98043.99999999987
2364,98043.99999999987
2365,98043.99999999987
2366,98043.99999999987
2367,98043.99999999987
2368,98043.99999999987
2369,98043.99999999987
2370,98043.99999999987
2371,98043.99999999987
2372,98043.99999999987
2373,98043.99999999987
2374,98043.99999999987
2375,98043.99999999987
2376,98043.99999999987
2377,98043.99999999987
2378,98043.99999999987
2379,98043.99999999987
2380,98043.99999999987
2381,98043.99999999987
2382,98043.99999999987
2383,98043.99999999987
2384,98043.99999999987
2385,98043.99999999987
2386,98043.99999999987
2387,98043.99999999987
2388,98043.99999999987
2389,98043.99999999987
2390,98043.99999999987
2391,98043.99999999987
2392,98043.99999999987
2393,98043.99999999987
2394,98043.99999999987
2395,98043.99999999987
2396,98043.99999999987
2397,98043.99999999987
2398,98043.99999999987
2399,98043.99999999987
2400,98043.99999999987
2401,98043.99999999987
2402,98043.99999999987
2403,98043.99999999987
2404,98043.99999999987
2405,98043.99999999987
2406,98043.99999999987
2407,98043.99999999987
2408,98043.99999999987
2409,98043.99999999987
2410,98043.99999999987
2411,98043.99999999987
2412,98043.99999999987
2413,98043.99999999987
2414,98043.99999999987
2415,98043.99999999987
2416,98043.99999999987
2417,98043.99999999987
2418,98043.99999999987
2419,98043.99999999987
2420,98043.99999999987
2421,98043.99999999987
2422,98043.99999999987
2423,98043.99999999987
2424,98043.99999999987
2425,98043.99999999987
2426,98043.99999999987
2427,98043.99999999987
2428,98043.99999999987
2429,98043.99999999987
2430,98043.99999999987
2431,98043.99999999987
2432,98043.99999999987
2433,98043.99999999987
2434,98043.99999999987
2435,98043.99999999987
2436,98043.99999999987
2437,98043.99999999987
2438,98043.99999999987
2439,98043.99999999987
2440,98043.99999999987
2441,98043.99999999987
2442,98043.99999999987
2443,98043.99999999987
2444,98043.99999999987
2445,98043.99999999987
2446,98043.99999999987
2447,98043.99999999987
2448,98043.99999999987
2449,98043.99999999987
2450,98043.99999999987
2451,98043.99999999987
2452,98043.99999999987
2453,98043.99999999987
2454,98043.99999999987
2455,98043.99999999987
2456,98043.99999999987
2457,98043.99999999987
2458,98043.99999999987
2459,98043.99999999987
2460,98043.99999999987
2461,98043.99999999987
2462,98043.99999999987
2463,98043.99999999987
2464,98043.99999999987
2465,98043.99999999987
2466,98043.99999999987
2467,98043.99999999987
2468,98043.99999999987
2469,98043.99999999987
2470,98043.99999999987
2471,98043.99999999987
2472,98043.99999999987
2473,98043.99999999987
2474,98043.99999999987
2475,98043.99999999987
2476,98043.99999999987
2477,98043.99999999987
2478,98043.99999999987
2479,98043.99999999987
2480,98043.99999999987
2481,98043.99999999987
2482,98043.99999999987
2483,98043.99999999987
2484,98043.99999999987
2485,98043.99999999987
2486,98043.99999999987
2487,98043.99999999987
2488,98043.99999999987
2489,98043.99999999987
2490,98043.99999999987
2491,98043.99999999987
2492,98043.99999999987
2493,98043.99999999987
2494,98043.99999999987
2495,98043.99999999987
2496,98043.99999999987
2497,98043.99999999987
2498,98043.99999999987
2499,98043.99999999987
2500,98043.99999999987
2501,98043.99999999987
2502,98043.99999999987
2503,98043.99999999987
2504,98043.99999999987
2505,98043.99999999987
2506,98043.99999999987
2507,98043.99999999987
2508,98043.99999999987
2509,98043.99999999987
2510,98043.99999999987
2511,98043.99999999987
2512,98043.99999999987
2513,98043.99999999987
2514,98043.99999999987
2515,98043.99999999987
2516,98043.99999999987
2517,98043.99999999987
2518,98043.99999999987
2519,98043.99999999987
2520,98043.99999999987
2521,98043.99999999987
2522,98043.99999999987
2523,98043.99999999987
2524,98043.99999999987
2525,98043.99999999987
2526,98043.99999999987
2527,98043.99999999987
2528,98043.99999999987
2529,98043.99999999987
2530,98043.99999999987
2531,98043.99999999987
2532,98043.99999999987
2533,98043.99999999987
2534,98043.99999999987
2535,98043.99999999987
2536,98043.99999999987
2537,98043.99999999987
2538,98043.99999999987
2539,98043.99999999987
2540,98043.99999999987
2541,98043.99999999987
2542,98043.99999999987
2543,98043.99999999987
2544,98043.99999999987
2545,98043.99999999987
2546,98043.99999999987
2547,98043.99999999987
2548,98043.99999999987
2549,98043.99999999987
2550,98043.99999999987
2551,98043.99999999987
2552,98043.99999999987
2553,98043.99999999987
2554,98043.99999999987
2555,98043.99999999987
2556,98043.99999999987
2557,98043.99999999987
2558,98043.99999999987
2559,98043.99999999987
2560,98043.99999999987
2561,98043.99999999987
2562,98043.99999999987
2563,98043.99999999987
2564,98043.99999999987
2565,98043.99999999987
2566,98043.99999999987
2567,98043.99999999987
2568,98043.99999999987
2569,98043.99999999987
2570,98043.99999999987
2571,98043.99999999987
2572,98043.99999999987
2573,98043.99999999987
2574,98043.99999999987
2575,98043.99999999987
2576,98043.99999999987
2577,98043.99999999987
2578,98043.99999999987
2579,98043.99999999987
2580,98043.99999999987
2581,98043.99999999987
2582,98043.99999999987
2583,98043.99999999987
2584,98043.99999999987
2585,98043.99999999987
2586,98043.99999999987
2587,98043.99999999987
2588,98043.99999999987
2589,98043.99999999987
2590,98043.99999999987
2591,98043.99999999987
2592,98043.99999999987
2593,98043.99999999987
2594,98043.99999999987
2595,98043.99999999987
2596,98043.99999999987
2597,98043.99999999987
2598,98043.99999999987
2599,98043.99999999987
2600,98043.99999999987
2601,98043.99999999987
2602,98043.99999999987
2603,98043.99999999987
2604,98043.99999999987
2605,98043.99999999987
2606,98043.99999999987
2607,98043.99999999987
2608,98043.99999999987
2609,98043.99999999987
2610,98043.99999999987
2611,98043.99999999987
2612,98043.99999999987
2613,98043.99999999987
2614,98043.99999999987
2615,98043.99999999987
2616,98043.99999999987
2617,98043.99999999987
2618,98043.99999999987
2619,98043.99999999987
2620,98043.99999999987
2621,98043.99999999987
2622,98043.99999999987
2623,98043.99999999987
2624,98043.99999999987
2625,98043.99999999987
2626,98043.99999999987
2627,98043.99999999987
2628,98043.99999999987
2629,98043.99999999987
2630,98043.99999999987
2631,98043.99999999987
2632,98043.99999999987
2633,98043.99999999987
2634,98043.99999999987
2635,98043.99999999987
2636,98043.99999999987
2637,98043.99999999987
2638,98043.99999999987
2639,98043.99999999987
2640,98043.99999999987
2641,98043.99999999987
2642,98043.99999999987
2643,98043.99999999987
2644,98043.99999999987
2645,98043.99999999987
2646,98043.99999999987
2647,98043.99999999987
2648,98043.99999999987
2649,98043.99999999987
2650,98043.99999999987
2651,98043.99999999987
2652,98043.99999999987
2653,98043.99999999987
2654,98043.99999999987
2655,98043.99999999987
2656,98043.99999999987
2657,98043.99999999987
2658,98043.99999999987
2659,98043.99999999987
2660,98043.99999999987
2661,98043.99999999987
2662,98043.99999999987
2663,98043.99999999987
2664,98043.99999999987
2665,98043.99999999987
2666,98043.99999999987
2667,98043.99999999987
2668,98043.99999999987
2669,98043.99999999987
2670,98043.99999999987
2671,98043.99999999987
2672,98043.99999999987
2673,98043.99999999987
2674,98043.99999999987
2675,98043.99999999987
2676,98043.99999999987
2677,98043.99999999987
2678,98043.99999999987
2679,98043.99999999987
2680,98043.99999999987
2681,98043.99999999987
2682,98043.99999999987
2683,98043.99999999987
2684,98043.99999999987
2685,98043.99999999987
2686,98043.99999999987
2687,98043.99999999987
2688,98043.99999999987
2689,98043.99999999987
2690,98043.99999999987
2691,98043.99999999987
2692,98043.99999999987
2693,98043.99999999987
2694,98043.99999999987
2695,98043.99999999987
2696,98043.99999999987
2697,98043.99999999987
2698,98043.99999999987
2699,98043.99999999987
2700,98043.99999999987
2701,98043.99999999987
2702,98043.99999999987
2703,98043.99999999987
2704,98043.99999999987
2705,98043.99999999987
2706,98043.99999999987
2707,98043.99999999987
2708,98043.99999999987
2709,98043.99999999987
2710,98043.99999999987
2711,98043.99999999987
2712,98043.99999999987
2713,98043.99999999987
2714,98043.99999999987
2715,98043.99999999987
2716,98043.99999999987
2717,98043.99999999987
2718,98043.99999999987
2719,98043.99999999987
2720,98043.99999999987
2721,98043.99999999987
2722,98043.99999999987
2723,98043.99999999987
2724,98043.99999999987
2725,98043.99999999987
2726,98043.99999999987
2727,98043.99999999987
2728,98043.99999999987
2729,98043.99999999987
2730,98043.99999999987
2731,98043.99999999987
2732,98043.99999999987
2733,98043.99999999987
2734,98043.99999999987
2735,98043.99999999987
2736,98043.99999999987
2737,98043.99999999987
2738,98043.99999999987
2739,98043.99999999987
2740,98043.99999999987
2741,98043.99999999987
2742,98043.99999999987
2743,98043.99999999987
2744,98043.99999999987
2745,98043.99999999987
2746,98043.99999999987
2747,98043.99999999987
2748,98043.99999999987
2749,98043.99999999987
2750,98043.99999999987
2751,98043.99999999987
2752,98043.99999999987
2753,98043.99999999987
2754,98043.99999999987
2755,98043.99999999987
2756,98043.99999999987
2757,98043.99999999987
2758,98043.99999999987
2759,98043.99999999987
2760,98043.99999999987
2761,98043.99999999987
2762,98043.99999999987
2763,98043.99999999987
2764,98043.99999999987
2765,98043.99999999987
2766,98043.99999999987
2767,98043.99999999987
2768,98043.99999999987
2769,98043.99999999987
2770,98043.99999999987
2771,98043.99999999987
2772,98043.99999999987
2773,98043.99999999987
2774,98043.99999999987
2775,98043.99999999987
2776,98043.99999999987
2777,98043.99999999987
2778,98043.99999999987
2779,98043.99999999987
2780,98043.99999999987
2781,98043.99999999987
2782,98043.99999999987
2783,98043.99999999987
2784,98043.99999999987
2785,98043.99999999987
2786,98043.99999999987
2787,98043.99999999987
2788,98043.99999999987
2789,98043.99999999987
2790,98043.99999999987
2791,98043.99999999987
2792,98043.99999999987
2793,98043.99999999987
2794,98043.99999999987
2795,98043.99999999987
2796,98043.99999999987
2797,98043.99999999987
2798,98043.99999999987
2799,98043.99999999987
2800,98043.99999999987
2801,98043.99999999987
2802,98043.99999999987
2803,98043.99999999987
2804,98043.99999999987
2805,98043.99999999987
2806,98043.99999999987
2807,98043.99999999987
2808,98043.99999999987
2809,98043.99999999987
2810,98043.99999999987
2811,98043.99999999987
2812,98043.99999999987
2813,98043.99999999987
2814,98043.99999999987
2815,98043.99999999987
2816,98043.99999999987
2817,98043.99999999987
2818,98043.99999999987
2819,98043.99999999987
2820,98043.99999999987
2821,98043.99999999987
2822,98043.99999999987
2823,98043.99999999987
2824,98043.99999999987
2825,98043.99999999987
2826,98043.99999999987
2827,98043.99999999987
2828,98043.99999999987
2829,98043.99999999987
2830,98043.99999999987
2831,98043.99999999987
2832,98043.99999999987
2833,98043.99999999987
2834,98043.99999999987
2835,98043.99999999987
2836,98043.99999999987
2837,98043.99999999987
2838,98043.99999999987
2839,98043.99999999987
2840,98043.99999999987
2841,98043.99999999987
2842,98043.99999999987
2843,98043.99999999987
2844,98043.99999999987
2845,98043.99999999987
2846,98043.99999999987
2847,98043.99999999987
2848,98043.99999999987
2849,98043.99999999987
2850,98043.99999999987
2851,98043.99999999987
2852,98043.99999999987
2853,98043.99999999987
2854,98043.99999999987
2855,98043.99999999987
2856,98043.99999999987
2857,98043.99999999987
2858,98043.99999999987
2859,98043.99999999987
2860,98043.99999999987
2861,98043.99999999987
2862,98043.99999999987
2863,98043.99999999987
2864,98043.99999999987
2865,98043.99999999987
2866,98043.99999999987
2867,98043.99999999987
2868,98043.99999999987
2869,98043.99999999987
2870,98043.99999999987
2871,98043.99999999987
2872,98043.99999999987
2873,98043.99999999987
2874,98043.99999999987
2875,98043.99999999987
2876,98043.99999999987
2877,98043.99999999987
2878,98043.99999999987
2879,98043.99999999987
2880,98043.99999999987
2881,98043.99999999987
2882,98043.99999999987
2883,98043.99999999987
2884,98043.99999999987
2885,98043.99999999987
2886,98043.99999999987
2887,98043.99999999987
2888,98043.99999999987
2889,98043.99999999987
2890,98043.99999999987
2891,98043.99999999987
2892,98043.99999999987
2893,98043.99999999987
2894,98043.99999999987
2895,98043.99999999987
2896,98043.99999999987
2897,98043.99999999987
2898,98043.99999999987
2899,98043.99999999987
2900,98043.99999999987
2901,98043.99999999987
2902,98043.99999999987
2903,98043.99999999987
2904,98043.99999999987
2905,98043.99999999987
2906,98043.99999999987
2907,98043.99999999987
2908,98043.99999999987
2909,98043.99999999987
2910,98043.99999999987
2911,98043.99999999987
2912,98043.99999999987
2913,98043.99999999987
2914,98043.99999999987
2915,98043.99999999987
2916,98043.99999999987
2917,98043.99999999987
2918,98043.99999999987
2919,98043.99999999987
2920,98043.99999999987
2921,98043.99999999987
2922,98043.99999999987
2923,98043.99999999987
2924,98043.99999999987
2925,98043.99999999987
2926,98043.99999999987
2927,98043.99999999987
2928,98043.99999999987
2929,98043.99999999987
2930,98043.99999999987
2931,98043.99999999987
2932,98043.99999999987
2933,98043.99999999987
2934,98043.99999999987
2935,98043.99999999987
2936,98043.99999999987
2937,98043.99999999987
2938,98043.99999999987
2939,98043.99999999987
2940,98043.99999999987
2941,98043.99999999987
2942,98043.99999999987
2943,98043.99999999987
2944,98043.99999999987
2945,98043.99999999987
2946,98043.99999999987
2947,98043.99999999987
2948,98043.99999999987
2949,98043.99999999987
2950,98043.99999999987
2951,98043.99999999987
2952,98043.99999999987
2953,98043.99999999987
2954,98043.99999999987
2955,98043.99999999987
2956,98043.99999999987
2957,98043.99999999987
2958,98043.99999999987
2959,98043.99999999987
2960,98043.99999999987
2961,98043.99999999987
2962,98043.99999999987
2963,98043.99999999987
2964,98043.99999999987
2965,98043.99999999987
2966,98043.99999999987
2967,98043.99999999987
2968,98043.99999999987
2969,98043.99999999987
2970,98043.99999999987
2971,98043.99999999987
2972,98043.99999999987
2973,98043.99999999987
2974,98043.99999999987
2975,98043.99999999987
2976,98043.99999999987
2977,98043.99999999987
2978,98043.99999999987
2979,98043.99999999987
2980,98043.99999999987
2981,98043.99999999987
2982,98043.99999999987
2983,98043.99999999987
2984,98043.99999999987
2985,98043.99999999987
2986,98043.99999999987
2987,98043.99999999987
2988,98043.99999999987
2989,98043.99999999987
2990,98043.99999999987
2991,98043.99999999987
2992,98043.99999999987
2993,98043.99999999987
2994,98043.99999999987
2995,98043.99999999987
2996,98043.99999999987
2997,98043.99999999987
2998,98043.99999999987
2999,98043.99999999987
3000,98043.99999999987
3001,98043.99999999987
3002,98043.99999999987
3003,98043.99999999987
3004,98043.99999999987
3005,98043.99999999987
3006,98043.99999999987
3007,98043.99999999987
3008,98043.99999999987
3009,98043.99999999987
3010,98043.99999999987
3011,98043.99999999987
3012,98043.99999999987
3013,98043.99999999987
3014,98043.99999999987
3015,98043.99999999987
3016,98043.99999999987
3017,98043.99999999987
3018,98043.99999999987
3019,98043.99999999987
3020,98043.99999999987
3021,98043.99999999987
3022,98043.99999999987
3023,98043.99999999987
3024,98043.99999999987
3025,98043.99999999987
3026,98043.99999999987
3027,98043.99999999987
3028,98043.99999999987
3029,98043.99999999987
3030,98043.99999999987
3031,98043.99999999987
3032,98043.99999999987
3033,98043.99999999987
3034,98043.99999999987
3035,98043.99999999987
3036,98043.99999999987
3037,98043.99999999987
3038,98043.99999999987
3039,98043.99999999987
3040,98043.99999999987
3041,98043.99999999987
3042,98043.99999999987
3043,98043.99999999987
3044,98043.99999999987
3045,98043.99999999987
3046,98043.99999999987
3047,98043.99999999987
3048,98043.99999999987
3049,98043.99999999987
3050,98043.99999999987
3051,98043.99999999987
3052,98043.99999999987
3053,98043.99999999987
3054,98043.99999999987
3055,98043.99999999987
3056,98043.99999999987
3057,98043.99999999987
3058,98043.99999999987
3059,98043.99999999987
3060,98043.99999999987
3061,98043.99999999987
3062,98043.99999999987
3063,98043.99999999987
3064,98043.99999999987
3065,98043.99999999987
3066,98043.99999999987
3067,98043.99999999987
3068,98043.99999999987
3069,98043.99999999987
3070,98043.99999999987
3071,98043.99999999987
3072,98043.99999999987
3073,98043.99999999987
3074,98043.99999999987
3075,98043.99999999987
3076,98043.99999999987
3077,98043.99999999987
3078,98043.99999999987
3079,98043.99999999987
3080,98043.99999999987
3081,98043.99999999987
3082,98043.99999999987
3083,98043.99999999987
3084,98043.99999999987
3085,98043.99999999987
3086,98043.99999999987
3087,98043.99999999987
3088,98043.99999999987
3089,98043.99999999987
3090,98043.99999999987
3091,98043.99999999987
3092,98043.99999999987
3093,98043.99999999987
3094,98043.99999999987
3095,98043.99999999987
3096,98043.99999999987
3097,98043.99999999987
3098,98043.99999999987
3099,98043.99999999987
3100,98043.99999999987
3101,98043.99999999987
3102,98043.99999999987
3103,98043.99999999987
3104,98043.99999999987
3105,98043.99999999987
3106,98043.99999999987
3107,98043.99999999987
3108,98043.99999999987
3109,98043.99999999987
3110,98043.99999999987
3111,98043.99999999987
3112,98043.99999999987
3113,98043.99999999987
3114,98043.99999999987
3115,98043.99999999987
3116,98043.99999999987
3117,98043.99999999987
3118,98043.99999999987
3119,98043.99999999987
3120,98043.99999999987
3121,98043.99999999987
3122,98043.99999999987
3123,98043.99999999987
3124,98043.99999999987
3125,98043.99999999987
3126,98043.99999999987
3127,98043.99999999987
3128,98043.99999999987
3129,98043.99999999987
3130,98043.99999999987
3131,98043.99999999987
3132,98043.99999999987
3133,98043.99999999987
3134,98043.99999999987
3135,98043.99999999987
3136,98043.99999999987
3137,98043.99999999987
3138,98043.99999999987
3139,98043.99999999987
3140,98043.99999999987
3141,98043.99999999987
3142,98043.99999999987
3143,98043.99999999987
3144,98043.99999999987
3145,98043.99999999987
3146,98043.99999999987
3147,98043.99999999987
3148,98043.99999999987
3149,98043.99999999987
3150,98043.99999999987
3151,98043.99999999987
3152,98043.99999999987
3153,98043.99999999987
3154,98043.99999999987
3155,98043.99999999987
3156,98043.99999999987
3157,98043.99999999987
3158,98043.99999999987
3159,98043.99999999987
3160,98043.99999999987
3161,98043.99999999987
3162,98043.99999999987
3163,98043.99999999987
3164,98043.99999999987
3165,98043.99999999987
3166,98043.99999999987
3167,98043.99999999987
3168,98043.99999999987
3169,98043.99999999987
3170,98043.99999999987
3171,98043.99999999987
3172,98043.99999999987
3173,98043.99999999987
3174,98043.99999999987
3175,98043.99999999987
3176,98043.99999999987
3177,98043.99999999987
3178,98043.99999999987
3179,98043.99999999987
3180,98043.99999999987
3181,98043.99999999987
3182,98043.99999999987
3183,98043.99999999987
3184,98043.99999999987
3185,98043.99999999987
3186,98043.99999999987
3187,98043.99999999987
3188,98043.99999999987
3189,98043.99999999987
3190,98043.99999999987
3191,98043.99999999987
3192,98043.99999999987
3193,98043.99999999987
3194,98043.99999999987
3195,98043.99999999987
3196,98043.99999999987
3197,98043.99999999987
3198,98043.99999999987
3199,98043.99999999987
3200,98043.99999999987
3201,98043.99999999987
3202,98043.99999999987
3203,98043.99999999987
3204,98043.99999999987
3205,98043.99999999987
3206,98043.99999999987
3207,98043.99999999987
3208,98043.99999999987
3209,98043.99999999987
3210,98043.99999999987
3211,98043.99999999987
3212,98043.99999999987
3213,98043.99999999987
3214,98043.99999999987
3215,98043.99999999987
3216,98043.99999999987
3217,98043.99999999987
3218,98043.99999999987
3219,98043.99999999987
3220,98043.99999999987
3221,98043.99999999987
3222,98043.99999999987
3223,98043.99999999987
3224,98043.99999999987
3225,98043.99999999987
3226,98043.99999999987
3227,98043.99999999987
3228,98043.99999999987
3229,98043.99999999987
3230,98043.99999999987
3231,98043.99999999987
3232,98043.99999999987
3233,98043.99999999987
3234,98043.99999999987
3235,98043.99999999987
3236,98043.99999999987
3237,98043.99999999987
3238,98043.99999999987
3239,98043.99999999987
3240,98043.99999999987
3241,98043.99999999987
3242,98043.99999999987
3243,98043.99999999987
3244,98043.99999999987
3245,98043.99999999987
3246,98043.99999999987
3247,98043.99999999987
3248,98043.99999999987
3249,98043.99999999987
3250,98043.99999999987
3251,98043.99999999987
3252,98043.99999999987
3253,98043.99999999987
3254,98043.99999999987
3255,98043.99999999987
3256,98043.99999999987
3257,98043.99999999987
3258,98043.99999999987
3259,98043.99999999987
3260,98043.99999999987
3261,98043.99999999987
3262,98043.99999999987
3263,98043.99999999987
3264,98043.99999999987
3265,98043.99999999987
3266,98043.99999999987
3267,98043.99999999987
3268,98043.99999999987
3269,98043.99999999987
3270,98043.99999999987
3271,98043.99999999987
3272,98043.99999999987
3273,98043.99999999987
3274,98043.99999999987
3275,98043.99999999987
3276,98043.99999999987
3277,98043.99999999987
3278,98043.99999999987
3279,98043.99999999987
3280,98043.99999999987
3281,98043.99999999987
3282,98043.99999999987
3283,98043.99999999987
3284,98043.99999999987
3285,98043.99999999987
3286,98043.99999999987
3287,98043.99999999987
3288,98043.99999999987
3289,98043.99999999987
3290,98043.99999999987
3291,98043.99999999987
3292,98043.99999999987
3293,98043.99999999987
3294,98043.99999999987
3295,98043.99999999987
3296,98043.99999999987
3297,98043.99999999987
3298,98043.99999999987
3299,98043.99999999987
3300,98043.99999999987
3301,98043.99999999987
3302,98043.99999999987
3303,98043.99999999987
3304,98043.99999999987
3305,98043.99999999987
3306,98043.99999999987
3307,98043.99999999987
3308,98043.99999999987
3309,98043.99999999987
3310,98043.99999999987
3311,98043.99999999987
3312,98043.99999999987
3313,98043.99999999987
3314,98043.99999999987
3315,98043.99999999987
3316,98043.99999999987
3317,98043.99999999987
3318,98043.99999999987
3319,98043.99999999987
3320,98043.99999999987
3321,98043.99999999987
3322,98043.99999999987
3323,98043.99999999987
3324,98043.99999999987
3325,98043.99999999987
3326,98043.99999999987
3327,98043.99999999987
3328,98043.99999999987
3329,98043.99999999987
3330,98043.99999999987
3331,98043.99999999987
3332,98043.99999999987
3333,98043.99999999987
3334,98043.99999999987
3335,98043.99999999987
3336,98043.99999999987
3337,98043.99999999987
3338,98043.99999999987
3339,98043.99999999987
3340,98043.99999999987
3341,98043.99999999987
3342,98043.99999999987
3343,98043.99999999987
3344,98043.99999999987
3345,98043.99999999987
3346,98043.99999999987
3347,98043.99999999987
3348,98043.99999999987
3349,98043.99999999987
3350,98043.99999999987
3351,98043.99999999987
3352,98043.99999999987
3353,98043.99999999987
3354,98043.99999999987
3355,98043.99999999987
3356,98043.99999999987
3357,98043.99999999987
3358,98043.99999999987
3359,98043.99999999987
3360,98043.99999999987
3361,98043.99999999987
3362,98043.99999999987
3363,98043.99999999987
3364,98043.99999999987
3365,98043.99999999987
3366,98043.99999999987
3367,98043.99999999987
3368,98043.99999999987
3369,98043.99999999987
3370,98043.99999999987
3371,98043.99999999987
3372,98043.99999999987
3373,98043.99999999987
3374,98043.99999999987
3375,98043.99999999987
3376,98043.99999999987
3377,98043.99999999987
3378,98043.99999999987
3379,98043.99999999987
3380,98043.99999999987
3381,98043.99999999987
3382,98043.99999999987
3383,98043.99999999987
3384,98043.99999999987
3385,98043.99999999987
3386,98043.99999999987
3387,98043.99999999987
3388,98043.99999999987
3389,98043.99999999987
3390,98043.99999999987
3391,98043.99999999987
3392,98043.99999999987
3393,98043.99999999987
3394,98043.99999999987
3395,98043.99999999987
3396,98043.99999999987
3397,98043.99999999987
3398,98043.99999999987
3399,98043.99999999987
3400,98043.99999999987
3401,98043.99999999987
3402,98043.99999999987
3403,98043.99999999987
3404,98043.99999999987
3405,98043.99999999987
3406,98043.99999999987
3407,98043.99999999987
3408,98043.99999999987
3409,98043.99999999987
3410,98043.99999999987
3411,98043.99999999987
3412,98043.99999999987
3413,98043.99999999987
3414,98043.99999999987
3415,98043.99999999987
3416,98043.99999999987
3417,98043.99999999987
3418,98043.99999999987
3419,98043.99999999987
3420,98043.99999999987
3421,98043.99999999987
3422,98043.99999999987
3423,98043.99999999987
3424,98043.99999999987
3425,98043.99999999987
3426,98043.99999999987
3427,98043.99999999987
3428,98043.99999999987
3429,98043.99999999987
3430,98043.99999999987
3431,98043.99999999987
3432,98043.99999999987
3433,98043.99999999987
3434,98043.99999999987
3435,98043.99999999987
3436,98043.99999999987
3437,98043.99999999987
3438,98043.99999999987
3439,98043.99999999987
3440,98043.99999999987
3441,98043.99999999987
3442,98043.99999999987
3443,98043.99999999987
3444,98043.99999999987
3445,98043.99999999987
3446,98043.99999999987
3447,98043.99999999987
3448,98043.99999999987
3449,98043.99999999987
3450,98043.99999999987
3451,98043.99999999987
3452,98043.99999999987
3453,98043.99999999987
3454,98043.99999999987
3455,98043.99999999987
3456,98043.99999999987
3457,98043.99999999987
3458,98043.99999999987
3459,98043.99999999987
3460,98043.99999999987
3461,98043.99999999987
3462,98043.99999999987
3463,98043.99999999987
3464,98043.99999999987
3465,98043.99999999987
3466,98043.99999999987
3467,98043.99999999987
3468,98043.99999999987
3469,98043.99999999987
3470,98043.99999999987
3471,98043.99999999987
3472,98043.99999999987
3473,98043.99999999987
3474,98043.99999999987
3475,98043.99999999987
3476,98043.99999999987
3477,98043.99999999987
3478,98043.99999999987
3479,98043.99999999987
3480,98043.99999999987
3481,98043.99999999987
3482,98043.99999999987
3483,98043.99999999987
3484,98043.99999999987
3485,98043.99999999987
3486,98043.99999999987
3487,98043.99999999987
3488,98043.99999999987
3489,98043.99999999987
3490,98043.99999999987
3491,98043.99999999987
3492,98043.99999999987
3493,98043.99999999987
3494,98043.99999999987
3495,98043.99999999987
3496,98043.99999999987
3497,98043.99999999987
3498,98043.99999999987
3499,98043.99999999987
3500,98043.99999999987
3501,98043.99999999987
3502,98043.99999999987
3503,98043.99999999987
3504,98043.99999999987
3505,98043.99999999987
3506,98043.99999999987
3507,98043.99999999987
3508,98043.99999999987
3509,98043.99999999987
3510,98043.99999999987
3511,98043.99999999987
3512,98043.99999999987
3513,98043.99999999987
3514,98043.99999999987
3515,98043.99999999987
3516,98043.99999999987
3517,98043.99999999987
3518,98043.99999999987
3519,98043.99999999987
3520,98043.99999999987
3521,98043.99999999987
3522,98043.99999999987
3523,98043.99999999987
3524,98043.99999999987
3525,98043.99999999987
3526,98043.99999999987
3527,98043.99999999987
3528,98043.99999999987
3529,98043.99999999987
3530,98043.99999999987
3531,98043.99999999987
3532,98043.99999999987
3533,98043.99999999987
3534,98043.99999999987
3535,98043.99999999987
3536,98043.99999999987
3537,98043.99999999987
3538,98043.99999999987
3539,98043.99999999987
3540,98043.99999999987
3541,98043.99999999987
3542,98043.99999999987
3543,98043.99999999987
3544,98043.99999999987
3545,98043.99999999987
3546,98043.99999999987
3547,98043.99999999987
3548,98043.99999999987
3549,98043.99999999987
3550,98043.99999999987
3551,98043.99999999987
3552,98043.99999999987
3553,98043.99999999987
3554,98043.99999999987
3555,98043.99999999987
3556,98043.99999999987
3557,98043.99999999987
3558,98043.99999999987
3559,98043.99999999987
3560,98043.99999999987
3561,98043.99999999987
3562,98043.99999999987
3563,98043.99999999987
3564,98043.99999999987
3565,98043.99999999987
3566,98043.99999999987
3567,98043.99999999987
3568,98043.99999999987
3569,98043.99999999987
3570,98043.99999999987
3571,98043.99999999987
3572,98043.99999999987
3573,98043.99999999987
3574,98043.99999999987
3575,98043.99999999987
3576,98043.99999999987
3577,98043.99999999987
3578,98043.99999999987
3579,98043.99999999987
3580,98043.99999999987
3581,98043.99999999987
3582,98043.99999999987
3583,98043.99999999987
3584,98043.99999999987
3585,98043.99999999987
3586,98043.99999999987
3587,98043.99999999987
3588,98043.99999999987
3589,98043.99999999987
3590,98043.99999999987
3591,98043.99999999987
3592,98043.99999999987
3593,98043.99999999987
3594,98043.99999999987
3595,98043.99999999987
3596,98043.99999999987
3597,98043.99999999987
3598,98043.99999999987
3599,98043.99999999987
3600,98043.99999999987
3601,98043.99999999987
3602,98043.99999999987
3603,98043.99999999987
3604,98043.99999999987
3605,98043.99999999987
3606,98043.99999999987
3607,98043.99999999987
3608,98043.99999999987
3609,98043.99999999987
3610,98043.99999999987
3611,98043.99999999987
3612,98043.99999999987
3613,98043.99999999987
3614,98043.99999999987
3615,98043.99999999987
3616,98043.99999999987
3617,98043.99999999987
3618,98043.99999999987
3619,98043.99999999987
3620,98043.99999999987
3621,98043.99999999987
3622,98043.99999999987
3623,98043.99999999987
3624,98043.99999999987
3625,98043.99999999987
3626,98043.99999999987
3627,98043.99999999987
3628,98043.99999999987
3629,98043.99999999987
3630,98043.99999999987
3631,98043.99999999987
3632,98043.99999999987
3633,98043.99999999987
3634,98043.99999999987
3635,98043.99999999987
3636,98043.99999999987
3637,98043.99999999987
3638,98043.99999999987
3639,98043.99999999987
3640,98043.99999999987
3641,98043.99999999987
3642,98043.99999999987
3643,98043.99999999987
3644,98043.99999999987
3645,98043.99999999987
3646,98043.99999999987
3647,98043.99999999987
3648,98043.99999999987
3649,98043.99999999987
3650,98043.99999999987
3651,98043.99999999987
3652,98043.99999999987
3653,98043.99999999987
3654,98043.99999999987
3655,98043.99999999987
3656,98043.99999999987
3657,98043.99999999987
3658,98043.99999999987
3659,98043.99999999987
3660,98043.99999999987
3661,98043.99999999987
3662,98043.99999999987
3663,98043.99999999987
3664,98043.99999999987
3665,98043.99999999987
3666,98043.99999999987
3667,98043.99999999987
3668,98043.99999999987
3669,98043.99999999987
3670,98043.99999999987
3671,98043.99999999987
3672,98043.99999999987
3673,98043.99999999987
3674,98043.99999999987
3675,98043.99999999987
3676,98043.99999999987
3677,98043.99999999987
3678,98043.99999999987
3679,98043.99999999987
3680,98043.99999999987
3681,98043.99999999987
3682,98043.99999999987
3683,98043.99999999987
3684,98043.99999999987
3685,98043.99999999987
3686,98043.99999999987
3687,98043.99999999987
3688,98043.99999999987
3689,98043.99999999987
3690,98043.99999999987
3691,98043.99999999987
3692,98043.99999999987
3693,98043.99999999987
3694,98043.99999999987
3695,98043.99999999987
3696,98043.99999999987
3697,98043.99999999987
3698,98043.99999999987
3699,98043.99999999987
3700,98043.99999999987
3701,98043.99999999987
3702,98043.99999999987
3703,98043.99999999987
3704,98043.99999999987
3705,98043.99999999987
3706,98043.99999999987
3707,98043.99999999987
3708,98043.99999999987
3709,98043.99999999987
3710,98043.99999999987
3711,98043.99999999987
3712,98043.99999999987
3713,98043.99999999987
3714,98043.99999999987
3715,98043.99999999987
3716,98043.99999999987
3717,98043.99999999987
3718,98043.99999999987
3719,98043.99999999987
3720,98043.99999999987
3721,98043.99999999987
3722,98043.99999999987
3723,98043.99999999987
3724,98043.99999999987
3725,98043.99999999987
3726,98043.99999999987
3727,98043.99999999987
3728,98043.99999999987
3729,98043.99999999987
3730,98043.99999999987
3731,98043.99999999987
3732,98043.99999999987
3733,98043.99999999987
3734,98043.99999999987
3735,98043.99999999987
3736,98043.99999999987
3737,98043.99999999987
3738,98043.99999999987
3739,98043.99999999987
3740,98043.99999999987
3741,98043.99999999987
3742,98043.99999999987
3743,98043.99999999987
3744,98043.99999999987
3745,98043.99999999987
3746,98043.99999999987
3747,98043.99999999987
3748,98043.99999999987
3749,98043.99999999987
3750,98043.99999999987
3751,98043.99999999987
3752,98043.99999999987
3753,98043.99999999987
3754,98043.99999999987
3755,98043.99999999987
3756,98043.99999999987
3757,98043.99999999987
3758,98043.99999999987
3759,98043.99999999987
3760,98043.99999999987
3761,98043.99999999987
3762,98043.99999999987
3763,98043.99999999987
3764,98043.99999999987
3765,98043.99999999987
3766,98043.99999999987
3767,98043.99999999987
3768,98043.99999999987
3769,98043.99999999987
3770,98043.99999999987
3771,98043.99999999987
3772,98043.99999999987
3773,98043.99999999987
3774,98043.99999999987
3775,98043.99999999987
3776,98043.99999999987
3777,98043.99999999987
3778,98043.99999999987
3779,98043.99999999987
3780,98043.99999999987
3781,98043.99999999987
3782,98043.99999999987
3783,98043.99999999987
3784,98043.99999999987
3785,98043.99999999987
3786,98043.99999999987
3787,98043.99999999987
3788,98043.99999999987
3789,98043.99999999987
3790,98043.99999999987
3791,98043.99999999987
3792,98043.99999999987
3793,98043.99999999987
3794,98043.99999999987
3795,98043.99999999987
3796,98043.99999999987
3797,98043.99999999987
3798,98043.99999999987
3799,98043.99999999987
3800,98043.99999999987
3801,98043.99999999987
3802,98043.99999999987
3803,98043.99999999987
3804,98043.99999999987
3805,98043.99999999987
3806,98043.99999999987
3807,98043.99999999987
3808,98043.99999999987
3809,98043.99999999987
3810,98043.99999999987
3811,98043.99999999987
3812,98043.99999999987
3813,98043.99999999987
3814,98043.99999999987
3815,98043.99999999987
3816,98043.99999999987
3817,98043.99999999987
3818,98043.99999999987
3819,98043.99999999987
3820,98043.99999999987
3821,98043.99999999987
3822,98043.99999999987
3823,98043.99999999987
3824,98043.99999999987
3825,98043.99999999987
3826,98043.99999999987
3827,98043.99999999987
3828,98043.99999999987
3829,98043.99999999987
3830,98043.99999999987
3831,98043.99999999987
3832,98043.99999999987
3833,98043.99999999987
3834,98043.99999999987
3835,98043.99999999987
3836,98043.99999999987
3837,98043.99999999987
3838,98043.99999999987
3839,98043.99999999987
3840,98043.99999999987
3841,98043.99999999987
3842,98043.99999999987
3843,98043.99999999987
3844,98043.99999999987
3845,98043.99999999987
3846,98043.99999999987
3847,98043.99999999987
3848,98043.99999999987
3849,98043.99999999987
3850,98043.99999999987
3851,98043.99999999987
3852,98043.99999999987
3853,98043.99999999987
3854,98043.99999999987
3855,98043.99999999987
3856,98043.99999999987
3857,98043.99999999987
3858,98043.99999999987
3859,98043.99999999987
3860,98043.99999999987
3861,98043.99999999987
3862,98043.99999999987
3863,98043.99999999987
3864,98043.99999999987
3865,98043.99999999987
3866,98043.99999999987
3867,98043.99999999987
3868,98043.99999999987
3869,98043.99999999987
3870,98043.99999999987
3871,98043.99999999987
3872,98043.99999999987
3873,98043.99999999987
3874,98043.99999999987
3875,98043.99999999987
3876,98043.99999999987
3877,98043.99999999987
3878,98043.99999999987
3879,98043.99999999987
3880,98043.99999999987
3881,98043.99999999987
3882,98043.99999999987
3883,98043.99999999987
3884,98043.99999999987
3885,98043.99999999987
3886,98043.99999999987
3887,98043.99999999987
3888,98043.99999999987
3889,98043.99999999987
3890,98043.99999999987
3891,98043.99999999987
3892,98043.99999999987
3893,98043.99999999987
3894,98043.99999999987
3895,98043.99999999987
3896,98043.99999999987
3897,98043.99999999987
3898,98043.99999999987
3899,98043.99999999987
3900,98043.99999999987
3901,98043.99999999987
3902,98043.99999999987
3903,98043.99999999987
3904,98043.99999999987
3905,98043.99999999987
3906,98043.99999999987
3907,98043.99999999987
3908,98043.99999999987
3909,98043.99999999987
3910,98043.99999999987
3911,98043.99999999987
3912,98043.99999999987
3913,98043.99999999987
3914,98043.99999999987
3915,98043.99999999987
3916,98043.99999999987
3917,98043.99999999987
3918,98043.99999999987
3919,98043.99999999987
3920,98043.99999999987
3921,98043.99999999987
3922,98043.99999999987
3923,98043.99999999987
3924,98043.99999999987
3925,98043.99999999987
3926,98043.99999999987
3927,98043.99999999987
3928,98043.99999999987
3929,98043.99999999987
3930,98043.99999999987
3931,98043.99999999987
3932,98043.99999999987
3933,98043.99999999987
3934,98043.99999999987
3935,98043.99999999987
3936,98043.99999999987
3937,98043.99999999987
3938,98043.99999999987
3939,98043.99999999987
3940,98043.99999999987
3941,98043.99999999987
3942,98043.99999999987
3943,98043.99999999987
3944,98043.99999999987
3945,98043.99999999987
3946,98043.99999999987
3947,98043.99999999987
3948,98043.99999999987
3949,98043.99999999987
3950,98043.99999999987
3951,98043.99999999987
3952,98043.99999999987
3953,98043.99999999987
3954,98043.99999999987
3955,98043.99999999987
3956,98043.99999999987
3957,98043.99999999987
3958,98043.99999999987
3959,98043.99999999987
3960,98043.99999999987
3961,98043.99999999987
3962,98043.99999999987
3963,98043.99999999987
3964,98043.99999999987
3965,98043.99999999987
3966,98043.99999999987
3967,98043.99999999987
3968,98043.99999999987
3969,98043.99999999987
3970,98043.99999999987
3971,98043.99999999987
3972,98043.99999999987
3973,98043.99999999987
3974,98043.99999999987
3975,98043.99999999987
3976,98043.99999999987
3977,98043.99999999987
3978,98043.99999999987
3979,98043.99999999987
3980,98043.99999999987
3981,98043.99999999987
3982,98043.99999999987
3983,98043.99999999987
3984,98043.99999999987
3985,98043.99999999987
3986,98043.99999999987
3987,98043.99999999987
3988,98043.99999999987
3989,98043.99999999987
3990,98043.99999999987
3991,98043.99999999987
3992,98043.99999999987
3993,98043.99999999987
3994,98043.99999999987
3995,98043.99999999987
3996,98043.99999999987
3997,98043.99999999987
3998,98043.99999999987
3999,98043.99999999987
4000,98043.99999999987
4001,98043.99999999987
4002,98043.99999999987
4003,98043.99999999987
4004,98043.99999999987
4005,98043.99999999987
4006,98043.99999999987
4007,98043.99999999987
4008,98043.99999999987
4009,98043.99999999987
4010,98043.99999999987
4011,98043.99999999987
4012,98043.99999999987
4013,98043.99999999987
4014,98043.99999999987
4015,98043.99999999987
4016,98043.99999999987
4017,98043.99999999987
4018,98043.99999999987
4019,98043.99999999987
4020,98043.99999999987
4021,98043.99999999987
4022,98043.99999999987
4023,98043.99999999987
4024,98043.99999999987
4025,98043.99999999987
4026,98043.99999999987
4027,98043.99999999987
4028,98043.99999999987
4029,98043.99999999987
4030,98043.99999999987
4031,98043.99999999987
4032,98043.99999999987
4033,98043.99999999987
4034,98043.99999999987
4035,98043.99999999987
4036,98043.99999999987
4037,98043.99999999987
4038,98043.99999999987
4039,98043.99999999987
4040,98043.99999999987
4041,98043.99999999987
4042,98043.99999999987
4043,98043.99999999987
4044,98043.99999999987
4045,98043.99999999987
4046,98043.99999999987
4047,98043.99999999987
4048,98043.99999999987
4049,98043.99999999987
4050,98043.99999999987
4051,98043.99999999987
4052,98043.99999999987
4053,98043.99999999987
4054,98043.99999999987
4055,98043.99999999987
4056,98043.99999999987
4057,98043.99999999987
4058,98043.99999999987
4059,98043.99999999987
4060,98043.99999999987
4061,98043.99999999987
4062,98043.99999999987
4063,98043.99999999987
4064,98043.99999999987
4065,98043.99999999987
4066,98043.99999999987
4067,98043.99999999987
4068,98043.99999999987
4069,98043.99999999987
4070,98043.99999999987
4071,98043.99999999987
4072,98043.99999999987
4073,98043.99999999987
4074,98043.99999999987
4075,98043.99999999987
4076,98043.99999999987
4077,98043.99999999987
4078,98043.99999999987
4079,98043.99999999987
4080,98043.99999999987
4081,98043.99999999987
4082,98043.99999999987
4083,98043.99999999987
4084,98043.99999999987
4085,98043.99999999987
4086,98043.99999999987
4087,98043.99999999987
4088,98043.99999999987
4089,98043.99999999987
4090,98043.99999999987
4091,98043.99999999987
4092,98043.99999999987
4093,98043.99999999987
4094,98043.99999999987
4095,98043.99999999987
4096,98043.99999999987
4097,98043.99999999987
4098,98043.99999999987
4099,98043.99999999987
4100,98043.99999999987
4101,98043.99999999987
4102,98043.99999999987
4103,98043.99999999987
4104,98043.99999999987
4105,98043.99999999987
4106,98043.99999999987
4107,98043.99999999987
4108,98043.99999999987
4109,98043.99999999987
4110,98043.99999999987
4111,98043.99999999987
4112,98043.99999999987
4113,98043.99999999987
4114,98043.99999999987
4115,98043.99999999987
4116,98043.99999999987
4117,98043.99999999987
4118,98043.99999999987
4119,98043.99999999987
4120,98043.99999999987
4121,98043.99999999987
4122,98043.99999999987
4123,98043.99999999987
4124,98043.99999999987
4125,98043.99999999987
4126,98043.99999999987
4127,98043.99999999987
4128,98043.99999999987
4129,98043.99999999987
4130,98043.99999999987
4131,98043.99999999987
4132,98043.99999999987
4133,98043.99999999987
4134,98043.99999999987
4135,98043.99999999987
4136,98043.99999999987
4137,98043.99999999987
4138,98043.99999999987
4139,98043.99999999987
4140,98043.99999999987
4141,98043.99999999987
4142,98043.99999999987
4143,98043.99999999987
4144,98043.99999999987
4145,98043.99999999987
4146,98043.99999999987
4147,98043.99999999987
4148,98043.99999999987
4149,98043.99999999987
4150,98043.99999999987
4151,98043.99999999987
4152,98043.99999999987
4153,98043.99999999987
4154,98043.99999999987
4155,98043.99999999987
4156,98043.99999999987
4157,98043.99999999987
4158,98043.99999999987
4159,98043.99999999987
4160,98043.99999999987
4161,98043.99999999987
4162,98043.99999999987
4163,98043.99999999987
4164,98043.99999999987
4165,98043.99999999987
4166,98043.99999999987
4167,98043.99999999987
4168,98043.99999999987
4169,98043.99999999987
4170,98043.99999999987
4171,98043.99999999987
4172,98043.99999999987
4173,98043.99999999987
4174,98043.99999999987
4175,98043.99999999987
4176,98043.99999999987
4177,98043.99999999987
4178,98043.99999999987
4179,98043.99999999987
4180,98043.99999999987
4181,98043.99999999987
4182,98043.99999999987
4183,98043.99999999987
4184,98043.99999999987
4185,98043.99999999987
4186,98043.99999999987
4187,98043.99999999987
4188,98043.99999999987
4189,98043.99999999987
4190,98043.99999999987
4191,98043.99999999987
4192,98043.99999999987
4193,98043.99999999987
4194,98043.99999999987
4195,98043.99999999987
4196,98043.99999999987
4197,98043.99999999987
4198,98043.99999999987
4199,98043.99999999987
4200,98043.99999999987
4201,98043.99999999987
4202,98043.99999999987
4203,98043.99999999987
4204,98043.99999999987
4205,98043.99999999987
4206,98043.99999999987
4207,98043.99999999987
4208,98043.99999999987
4209,98043.99999999987
4210,98043.99999999987
4211,98043.99999999987
4212,98043.99999999987
4213,98043.99999999987
4214,98043.99999999987
4215,98043.99999999987
4216,98043.99999999987
4217,98043.99999999987
4218,98043.99999999987
4219,98043.99999999987
4220,98043.99999999987
4221,98043.99999999987
4222,98043.99999999987
4223,98043.99999999987
4224,98043.99999999987
4225,98043.99999999987
4226,98043.99999999987
4227,98043.99999999987
4228,98043.99999999987
4229,98043.99999999987
4230,98043.99999999987
4231,98043.99999999987
4232,98043.99999999987
4233,98043.99999999987
4234,98043.99999999987
4235,98043.99999999987
4236,98043.99999999987
4237,98043.99999999987
4238,98043.99999999987
4239,98043.99999999987
4240,98043.99999999987
4241,98043.99999999987
4242,98043.99999999987
4243,98043.99999999987
4244,98043.99999999987
4245,98043.99999999987
4246,98043.99999999987
4247,98043.99999999987
4248,98043.99999999987
4249,98043.99999999987
4250,98043.99999999987
4251,98043.99999999987
4252,98043.99999999987
4253,98043.99999999987
4254,98043.99999999987
4255,98043.99999999987
4256,98043.99999999987
4257,98043.99999999987
4258,98043.99999999987
4259,98043.99999999987
4260,98043.99999999987
4261,98043.99999999987
4262,98043.99999999987
4263,98043.99999999987
4264,98043.99999999987
4265,98043.99999999987
4266,98043.99999999987
4267,98043.99999999987
4268,98043.99999999987
4269,98043.99999999987
4270,98043.99999999987
4271,98043.99999999987
4272,98043.99999999987
4273,98043.99999999987
4274,98043.99999999987
4275,98043.99999999987
4276,98043.99999999987
4277,98043.99999999987
4278,98043.99999999987
4279,98043.99999999987
4280,98043.99999999987
4281,98043.99999999987
4282,98043.99999999987
4283,98043.99999999987
4284,98043.99999999987
4285,98043.99999999987
4286,98043.99999999987
4287,98043.99999999987
4288,98043.99999999987
4289,98043.99999999987
4290,98043.99999999987
4291,98043.99999999987
4292,98043.99999999987
4293,98043.99999999987
4294,98043.99999999987
4295,98043.99999999987
4296,98043.99999999987
4297,98043.99999999987
4298,98043.99999999987
4299,98043.99999999987
4300,98043.99999999987
4301,98043.99999999987
4302,98043.99999999987
4303,98043.99999999987
4304,98043.99999999987
4305,98043.99999999987
4306,98043.99999999987
4307,98043.99999999987
4308,98043.99999999987
4309,98043.99999999987
4310,98043.99999999987
4311,98043.99999999987
4312,98043.99999999987
4313,98043.99999999987
4314,98043.99999999987
4315,98043.99999999987
4316,98043.99999999987
4317,98043.99999999987
4318,98043.99999999987
4319,98043.99999999987
4320,98043.99999999987
4321,98043.99999999987
4322,98043.99999999987
4323,98043.99999999987
4324,98043.99999999987
4325,98043.99999999987
4326,98043.99999999987
4327,98043.99999999987
4328,98043.99999999987
4329,98043.99999999987
4330,98043.99999999987
4331,98043.99999999987
4332,98043.99999999987
4333,98043.99999999987
4334,98043.99999999987
4335,98043.99999999987
4336,98043.99999999987
4337,98043.99999999987
4338,98043.99999999987
4339,98043.99999999987
4340,98043.99999999987
4341,98043.99999999987
4342,98043.99999999987
4343,98043.99999999987
4344,98043.99999999987
4345,98043.99999999987
4346,98043.99999999987
4347,98043.99999999987
4348,98043.99999999987
4349,98043.99999999987
4350,98043.99999999987
4351,98043.99999999987
4352,98043.99999999987
4353,98043.99999999987
4354,98043.99999999987
4355,98043.99999999987
4356,98043.99999999987
4357,98043.99999999987
4358,98043.99999999987
4359,98043.99999999987
4360,98043.99999999987
4361,98043.99999999987
4362,98043.99999999987
4363,98043.99999999987
4364,98043.99999999987
4365,98043.99999999987
4366,98043.99999999987
4367,98043.99999999987
4368,98043.99999999987
4369,98043.99999999987
4370,98043.99999999987
4371,98043.99999999987
4372,98043.99999999987
4373,98043.99999999987
4374,98043.99999999987
4375,98043.99999999987
4376,98043.99999999987
4377,98043.99999999987
4378,98043.99999999987
4379,98043.99999999987
4380,98043.99999999987
4381,98043.99999999987
4382,98043.99999999987
4383,98043.99999999987
4384,98043.99999999987
4385,98043.99999999987
4386,98043.99999999987
4387,98043.99999999987
4388,98043.99999999987
4389,98043.99999999987
4390,98043.99999999987
4391,98043.99999999987
4392,98043.99999999987
4393,98043.99999999987
4394,98043.99999999987
4395,98043.99999999987
4396,98043.99999999987
4397,98043.99999999987
4398,98043.99999999987
4399,98043.99999999987
4400,98043.99999999987
4401,98043.99999999987
4402,98043.99999999987
4403,98043.99999999987
4404,98043.99999999987
4405,98043.99999999987
4406,98043.99999999987
4407,98043.99999999987
4408,98043.99999999987
4409,98043.99999999987
4410,98043.99999999987
4411,98043.99999999987
4412,98043.99999999987
4413,98043.99999999987
4414,98043.99999999987
4415,98043.99999999987
4416,98043.99999999987
4417,98043.99999999987
4418,98043.99999999987
4419,98043.99999999987
4420,98043.99999999987
4421,98043.99999999987
4422,98043.99999999987
4423,98043.99999999987
4424,98043.99999999987
4425,98043.99999999987
4426,98043.99999999987
4427,98043.99999999987
4428,98043.99999999987
4429,98043.99999999987
4430,98043.99999999987
4431,98043.99999999987
4432,98043.99999999987
4433,98043.99999999987
4434,98043.99999999987
4435,98043.99999999987
4436,98043.99999999987
4437,98043.99999999987
4438,98043.99999999987
4439,98043.99999999987
4440,98043.99999999987
4441,98043.99999999987
4442,98043.99999999987
4443,98043.99999999987
4444,98043.99999999987
4445,98043.99999999987
4446,98043.99999999987
4447,98043.99999999987
4448,98043.99999999987
4449,98043.99999999987
4450,98043.99999999987
4451,98043.99999999987
4452,98043.99999999987
4453,98043.99999999987
4454,98043.99999999987
4455,98043.99999999987
4456,98043.99999999987
4457,98043.99999999987
4458,98043.99999999987
4459,98043.99999999987
4460,98043.99999999987
4461,98043.99999999987
4462,98043.99999999987
4463,98043.99999999987
4464,98043.99999999987
4465,98043.99999999987
4466,98043.99999999987
4467,98043.99999999987
4468,98043.99999999987
4469,98043.99999999987
4470,98043.99999999987
4471,98043.99999999987
4472,98043.99999999987
4473,98043.99999999987
4474,98043.99999999987
4475,98043.99999999987
4476,98043.99999999987
4477,98043.99999999987
4478,98043.99999999987
4479,98043.99999999987
4480,98043.99999999987
4481,98043.99999999987
4482,98043.99999999987
4483,98043.99999999987
4484,98043.99999999987
4485,98043.99999999987
4486,98043.99999999987
4487,98043.99999999987
4488,98043.99999999987
4489,98043.99999999987
4490,98043.99999999987
4491,98043.99999999987
4492,98043.99999999987
4493,98043.99999999987
4494,98043.99999999987
4495,98043.99999999987
4496,98043.99999999987
4497,98043.99999999987
4498,98043.99999999987
4499,98043.99999999987
4500,98043.99999999987
4501,98043.99999999987
4502,98043.99999999987
4503,98043.99999999987
4504,98043.99999999987
4505,98043.99999999987
4506,98043.99999999987
4507,98043.99999999987
4508,98043.99999999987
4509,98043.99999999987
4510,98043.99999999987
4511,98043.99999999987
4512,98043.99999999987
4513,98043.99999999987
4514,98043.99999999987
4515,98043.99999999987
4516,98043.99999999987
4517,98043.99999999987
4518,98043.99999999987
4519,98043.99999999987
4520,98043.99999999987
4521,98043.99999999987
4522,98043.99999999987
4523,98043.99999999987
4524,98043.99999999987
4525,98043.99999999987
4526,98043.99999999987
4527,98043.99999999987
4528,98043.99999999987
4529,98043.99999999987
4530,98043.99999999987
4531,98043.99999999987
4532,98043.99999999987
4533,98043.99999999987
4534,98043.99999999987
4535,98043.99999999987
4536,98043.99999999987
4537,98043.99999999987
4538,98043.99999999987
4539,98043.99999999987
4540,98043.99999999987
4541,98043.99999999987
4542,98043.99999999987
4543,98043.99999999987
4544,98043.99999999987
4545,98043.99999999987
4546,98043.99999999987
4547,98043.99999999987
4548,98043.99999999987
4549,98043.99999999987
4550,98043.99999999987
4551,98043.99999999987
4552,98043.99999999987
4553,98043.99999999987
4554,98043.99999999987
4555,98043.99999999987
4556,98043.99999999987
4557,98043.99999999987
4558,98043.99999999987
4559,98043.99999999987
4560,98043.99999999987
4561,98043.99999999987
4562,98043.99999999987
4563,98043.99999999987
4564,98043.99999999987
4565,98043.99999999987
4566,98043.99999999987
4567,98043.99999999987
4568,98043.99999999987
4569,98043.99999999987
4570,98043.99999999987
4571,98043.99999999987
4572,98043.99999999987
4573,98043.99999999987
4574,98043.99999999987
4575,98043.99999999987
4576,98043.99999999987
4577,98043.99999999987
4578,98043.99999999987
4579,98043.99999999987
4580,98043.99999999987
4581,98043.99999999987
4582,98043.99999999987
4583,98043.99999999987
4584,98043.99999999987
4585,98043.99999999987
4586,98043.99999999987
4587,98043.99999999987
4588,98043.99999999987
4589,98043.99999999987
4590,98043.99999999987
4591,98043.99999999987
4592,98043.99999999987
4593,98043.99999999987
4594,98043.99999999987
4595,98043.99999999987
4596,98043.99999999987
4597,98043.99999999987
4598,98043.99999999987
4599,98043.99999999987
4600,98043.99999999987
4601,98043.99999999987
4602,98043.99999999987
4603,98043.99999999987
4604,98043.99999999987
4605,98043.99999999987
4606,98043.99999999987
4607,98043.99999999987
4608,98043.99999999987
4609,98043.99999999987
4610,98043.99999999987
4611,98043.99999999987
4612,98043.99999999987
4613,98043.99999999987
4614,98043.99999999987
4615,98043.99999999987
4616,98043.99999999987
4617,98043.99999999987
4618,98043.99999999987
4619,98043.99999999987
4620,98043.99999999987
4621,98043.99999999987
4622,98043.99999999987
4623,98043.99999999987
4624,98043.99999999987
4625,98043.99999999987
4626,98043.99999999987
4627,98043.99999999987
4628,98043.99999999987
4629,98043.99999999987
4630,98043.99999999987
4631,98043.99999999987
4632,98043.99999999987
4633,98043.99999999987
4634,98043.99999999987
4635,98043.99999999987
4636,98043.99999999987
4637,98043.99999999987
4638,98043.99999999987
4639,98043.99999999987
4640,98043.99999999987
4641,98043.99999999987
4642,98043.99999999987
4643,98043.99999999987
4644,98043.99999999987
4645,98043.99999999987
4646,98043.99999999987
4647,98043.99999999987
4648,98043.99999999987
4649,98043.99999999987
4650,98043.99999999987
4651,98043.99999999987
4652,98043.99999999987
4653,98043.99999999987
4654,98043.99999999987
4655,98043.99999999987
4656,98043.99999999987
4657,98043.99999999987
4658,98043.99999999987
4659,98043.99999999987
4660,98043.99999999987
4661,98043.99999999987
4662,98043.99999999987
4663,98043.99999999987
4664,98043.99999999987
4665,98043.99999999987
4666,98043.99999999987
4667,98043.99999999987
4668,98043.99999999987
4669,98043.99999999987
4670,98043.99999999987
4671,98043.99999999987
4672,98043.99999999987
4673,98043.99999999987
4674,98043.99999999987
4675,98043.99999999987
4676,98043.99999999987
4677,98043.99999999987
4678,98043.99999999987
4679,98043.99999999987
4680,98043.99999999987
4681,98043.99999999987
4682,98043.99999999987
4683,98043.99999999987
4684,98043.99999999987
4685,98043.99999999987
4686,98043.99999999987
4687,98043.99999999987
4688,98043.99999999987
4689,98043.99999999987
4690,98043.99999999987
4691,98043.99999999987
4692,98043.99999999987
4693,98043.99999999987
4694,98043.99999999987
4695,98043.99999999987
4696,98043.99999999987
4697,98043.99999999987
4698,98043.99999999987
4699,98043.99999999987
4700,98043.99999999987
4701,98043.99999999987
4702,98043.99999999987
4703,98043.99999999987
4704,98043.99999999987
4705,98043.99999999987
4706,98043.99999999987
4707,98043.99999999987
4708,98043.99999999987
4709,98043.99999999987
4710,98043.99999999987
4711,98043.99999999987
4712,98043.99999999987
4713,98043.99999999987
4714,98043.99999999987
4715,98043.99999999987
4716,98043.99999999987
4717,98043.99999999987
4718,98043.99999999987
4719,98043.99999999987
4720,98043.99999999987
4721,98043.99999999987
4722,98043.99999999987
4723,98043.99999999987
4724,98043.99999999987
4725,98043.99999999987
4726,98043.99999999987
4727,98043.99999999987
4728,98043.99999999987
4729,98043.99999999987
4730,98043.99999999987
4731,98043.99999999987
4732,98043.99999999987
4733,98043.99999999987
4734,98043.99999999987
4735,98043.99999999987
4736,98043.99999999987
4737,98043.99999999987
4738,98043.99999999987
4739,98043.99999999987
4740,98043.99999999987
4741,98043.99999999987
4742,98043.99999999987
4743,98043.99999999987
4744,98043.99999999987
4745,98043.99999999987
4746,98043.99999999987
4747,98043.99999999987
4748,98043.99999999987
4749,98043.99999999987
4750,98043.99999999987
4751,98043.99999999987
4752,98043.99999999987
4753,98043.99999999987
4754,98043.99999999987
4755,98043.99999999987
4756,98043.99999999987
4757,98043.99999999987
4758,98043.99999999987
4759,98043.99999999987
4760,98043.99999999987
4761,98043.99999999987
4762,98043.99999999987
4763,98043.99999999987
4764,98043.99999999987
4765,98043.99999999987
4766,98043.99999999987
4767,98043.99999999987
4768,98043.99999999987
4769,98043.99999999987
4770,98043.99999999987
4771,98043.99999999987
4772,98043.99999999987
4773,98043.99999999987
4774,98043.99999999987
4775,98043.99999999987
4776,98043.99999999987
4777,98043.99999999987
4778,98043.99999999987
4779,98043.99999999987
4780,98043.99999999987
4781,98043.99999999987
4782,98043.99999999987
4783,98043.99999999987
4784,98043.99999999987
4785,98043.99999999987
4786,98043.99999999987
4787,98043.99999999987
4788,98043.99999999987
4789,98043.99999999987
4790,98043.99999999987
4791,98043.99999999987
4792,98043.99999999987
4793,98043.99999999987
4794,98043.99999999987
4795,98043.99999999987
4796,98043.99999999987
4797,98043.99999999987
4798,98043.99999999987
4799,98043.99999999987
4800,98043.99999999987
4801,98043.99999999987
4802,98043.99999999987
4803,98043.99999999987
4804,98043.99999999987
4805,98043.99999999987
4806,98043.99999999987
4807,98043.99999999987
4808,98043.99999999987
4809,98043.99999999987
4810,98043.99999999987
4811,98043.99999999987
4812,98043.99999999987
4813,98043.99999999987
4814,98043.99999999987
4815,98043.99999999987
4816,98043.99999999987
4817,98043.99999999987
4818,98043.99999999987
4819,98043.99999999987
4820,98043.99999999987
4821,98043.99999999987
4822,98043.99999999987
4823,98043.99999999987
4824,98043.99999999987
4825,98043.99999999987
4826,98043.99999999987
4827,98043.99999999987
4828,98043.99999999987
4829,98043.99999999987
4830,98043.99999999987
4831,98043.99999999987
4832,98043.99999999987
4833,98043.99999999987
4834,98043.99999999987
4835,98043.99999999987
4836,98043.99999999987
4837,98043.99999999987
4838,98043.99999999987
4839,98043.99999999987
4840,98043.99999999987
4841,98043.99999999987
4842,98043.99999999987
4843,98043.99999999987
4844,98043.99999999987
4845,98043.99999999987
4846,98043.99999999987
4847,98043.99999999987
4848,98043.99999999987
4849,98043.99999999987
4850,98043.99999999987
4851,98043.99999999987
4852,98043.99999999987
4853,98043.99999999987
4854,98043.99999999987
4855,98043.99999999987
4856,98043.99999999987
4857,98043.99999999987
4858,98043.99999999987
4859,98043.99999999987
4860,98043.99999999987
4861,98043.99999999987
4862,98043.99999999987
4863,98043.99999999987
4864,98043.99999999987
4865,98043.99999999987
4866,98043.99999999987
4867,98043.99999999987
4868,98043.99999999987
4869,98043.99999999987
4870,98043.99999999987
4871,98043.99999999987
4872,98043.99999999987
4873,98043.99999999987
4874,98043.99999999987
4875,98043.99999999987
4876,98043.99999999987
4877,98043.99999999987
4878,98043.99999999987
4879,98043.99999999987
4880,98043.99999999987
4881,98043.99999999987
4882,98043.99999999987
4883,98043.99999999987
4884,98043.99999999987
4885,98043.99999999987
4886,98043.99999999987
4887,98043.99999999987
4888,98043.99999999987
4889,98043.99999999987
4890,98043.99999999987
4891,98043.99999999987
4892,98043.99999999987
4893,98043.99999999987
4894,98043.99999999987
4895,98043.99999999987
4896,98043.99999999987
4897,98043.99999999987
4898,98043.99999999987
4899,98043.99999999987
4900,98043.99999999987
4901,98043.99999999987
4902,98043.99999999987
4903,98043.99999999987
4904,98043.99999999987
4905,98043.99999999987
4906,98043.99999999987
4907,98043.99999999987
4908,98043.99999999987
4909,98043.99999999987
4910,98043.99999999987
4911,98043.99999999987
4912,98043.99999999987
4913,98043.99999999987
4914,98043.99999999987
4915,98043.99999999987
4916,98043.99999999987
4917,98043.99999999987
4918,98043.99999999987
4919,98043.99999999987
4920,98043.99999999987
4921,98043.99999999987
4922,98043.99999999987
4923,98043.99999999987
4924,98043.99999999987
4925,98043.99999999987
4926,98043.99999999987
4927,98043.99999999987
4928,98043.99999999987
4929,98043.99999999987
4930,98043.99999999987
4931,98043.99999999987
4932,98043.99999999987
4933,98043.99999999987
4934,98043.99999999987
4935,98043.99999999987
4936,98043.99999999987
4937,98043.99999999987
4938,98043.99999999987
4939,98043.99999999987
4940,98043.99999999987
4941,98043.99999999987
4942,98043.99999999987
4943,98043.99999999987
4944,98043.99999999987
4945,98043.99999999987
4946,98043.99999999987
4947,98043.99999999987
4948,98043.99999999987
4949,98043.99999999987
4950,98043.99999999987
4951,98043.99999999987
4952,98043.99999999987
4953,98043.99999999987
4954,98043.99999999987
4955,98043.99999999987
4956,98043.99999999987
4957,98043.99999999987
4958,98043.99999999987
4959,98043.99999999987
4960,98043.99999999987
4961,98043.99999999987
4962,98043.99999999987
4963,98043.99999999987
4964,98043.99999999987
4965,98043.99999999987
4966,98043.99999999987
4967,98043.99999999987
4968,98043.99999999987
4969,98043.99999999987
4970,98043.99999999987
4971,98043.99999999987
4972,98043.99999999987
4973,98043.99999999987
4974,98043.99999999987
4975,98043.99999999987
4976,98043.99999999987
4977,98043.99999999987
4978,98043.99999999987
4979,98043.99999999987
4980,98043.99999999987
4981,98043.99999999987
4982,98043.99999999987
4983,98043.99999999987
4984,98043.99999999987
4985,98043.99999999987
4986,98043.99999999987
4987,98043.99999999987
4988,98043.99999999987
4989,98043.99999999987
4990,98043.99999999987
4991,98043.99999999987
4992,98043.99999999987
4993,98043.99999999987
4994,98043.99999999987
4995,98043.99999999987
4996,98043.99999999987
4997,98043.99999999987
4998,98043.99999999987
4999,98043.99999999987
5000,98043.99999999987
5001,98043.99999999987
5002,98043.99999999987
5003,98043.99999999987
5004,98043.99999999987
5005,98043.99999999987
5006,98043.99999999987
5007,98043.99999999987
5008,98043.99999999987
5009,98043.99999999987
5010,98043.99999999987
5011,98043.99999999987
5012,98043.99999999987
5013,98043.99999999987
5014,98043.99999999987
5015,98043.99999999987
5016,98043.99999999987
5017,98043.99999999987
5018,98043.99999999987
5019,98043.99999999987
5020,98043.99999999987
5021,98043.99999999987
5022,98043.99999999987
5023,98043.99999999987
5024,98043.99999999987
5025,98043.99999999987
5026,98043.99999999987
5027,98043.99999999987
5028,98043.99999999987
5029,98043.99999999987
5030,98043.99999999987
5031,98043.99999999987
5032,98043.99999999987
5033,98043.99999999987
5034,98043.99999999987
5035,98043.99999999987
5036,98043.99999999987
5037,98043.99999999987
5038,98043.99999999987
5039,98043.99999999987
5040,98043.99999999987
5041,98043.99999999987
5042,98043.99999999987
5043,98043.99999999987
5044,98043.99999999987
5045,98043.99999999987
5046,98043.99999999987
5047,98043.99999999987
5048,98043.99999999987
5049,98043.99999999987
5050,98043.99999999987
5051,98043.99999999987
5052,98043.99999999987
5053,98043.99999999987
5054,98043.99999999987
5055,98043.99999999987
5056,98043.99999999987
5057,98043.99999999987
5058,98043.99999999987
5059,98043.99999999987
5060,98043.99999999987
5061,98043.99999999987
5062,98043.99999999987
5063,98043.99999999987
5064,98043.99999999987
5065,98043.99999999987
5066,98043.99999999987
5067,98043.99999999987
5068,98043.99999999987
5069,98043.99999999987
5070,98043.99999999987
5071,98043.99999999987
5072,98043.99999999987
5073,98043.99999999987
5074,98043.99999999987
5075,98043.99999999987
5076,98043.99999999987
5077,98043.99999999987
5078,98043.99999999987
5079,98043.99999999987
5080,98043.99999999987
5081,98043.99999999987
5082,98043.99999999987
5083,98043.99999999987
5084,98043.99999999987
5085,98043.99999999987
5086,98043.99999999987
5087,98043.99999999987
5088,98043.99999999987
5089,98043.99999999987
5090,98043.99999999987
5091,98043.99999999987
5092,98043.99999999987
5093,98043.99999999987
5094,98043.99999999987
5095,98043.99999999987
5096,98043.99999999987
5097,98043.99999999987
5098,98043.99999999987
5099,98043.99999999987
5100,98043.99999999987
5101,98043.99999999987
5102,98043.99999999987
5103,98043.99999999987
5104,98043.99999999987
5105,98043.99999999987
5106,98043.99999999987
5107,98043.99999999987
5108,98043.99999999987
5109,98043.99999999987
5110,98043.99999999987
5111,98043.99999999987
5112,98043.99999999987
5113,98043.99999999987
5114,98043.99999999987
5115,98043.99999999987
5116,98043.99999999987
5117,98043.99999999987
5118,98043.99999999987
5119,98043.99999999987
5120,98043.99999999987
5121,98043.99999999987
5122,98043.99999999987
5123,98043.99999999987
5124,98043.99999999987
5125,98043.99999999987
5126,98043.99999999987
5127,98043.99999999987
5128,98043.99999999987
5129,98043.99999999987
5130,98043.99999999987
5131,98043.99999999987
5132,98043.99999999987
5133,98043.99999999987
5134,98043.99999999987
5135,98043.99999999987
5136,98043.99999999987
5137,98043.99999999987
5138,98043.99999999987
5139,98043.99999999987
5140,98043.99999999987
5141,98043.99999999987
5142,98043.99999999987
5143,98043.99999999987
5144,98043.99999999987
5145,98043.99999999987
5146,98043.99999999987
5147,98043.99999999987
5148,98043.99999999987
5149,98043.99999999987
5150,98043.99999999987
5151,98043.99999999987
5152,98043.99999999987
5153,98043.99999999987
5154,98043.99999999987
5155,98043.99999999987
5156,98043.99999999987
5157,98043.99999999987
5158,98043.99999999987
5159,98043.99999999987
5160,98043.99999999987
5161,98043.99999999987
5162,98043.99999999987
5163,98043.99999999987
5164,98043.99999999987
5165,98043.99999999987
5166,98043.99999999987
5167,98043.99999999987
5168,98043.99999999987
5169,98043.99999999987
5170,98043.99999999987
5171,98043.99999999987
5172,98043.99999999987
5173,98043.99999999987
5174,98043.99999999987
5175,98043.99999999987
5176,98043.99999999987
5177,98043.99999999987
5178,98043.99999999987
5179,98043.99999999987
5180,98043.99999999987
5181,98043.99999999987
5182,98043.99999999987
5183,98043.99999999987
5184,98043.99999999987
5185,98043.99999999987
5186,98043.99999999987
5187,98043.99999999987
5188,98043.99999999987
5189,98043.99999999987
5190,98043.99999999987
5191,98043.99999999987
5192,98043.99999999987
5193,98043.99999999987
5194,98043.99999999987
5195,98043.99999999987
5196,98043.99999999987
5197,98043.99999999987
5198,98043.99999999987
5199,98043.99999999987
5200,98043.99999999987
5201,98043.99999999987
5202,98043.99999999987
5203,98043.99999999987
5204,98043.99999999987
5205,98043.99999999987
5206,98043.99999999987
5207,98043.99999999987
5208,98043.99999999987
5209,98043.99999999987
5210,98043.99999999987
5211,98043.99999999987
5212,98043.99999999987
5213,98043.99999999987
5214,98043.99999999987
5215,98043.99999999987
5216,98043.99999999987
5217,98043.99999999987
5218,98043.99999999987
5219,98043.99999999987
5220,98043.99999999987
5221,98043.99999999987
5222,98043.99999999987
5223,98043.99999999987
5224,98043.99999999987
5225,98043.99999999987
5226,98043.99999999987
5227,98043.99999999987
5228,98043.99999999987
5229,98043.99999999987
5230,98043.99999999987
5231,98043.99999999987
5232,98043.99999999987
5233,98043.99999999987
5234,98043.99999999987
5235,98043.99999999987
5236,98043.99999999987
5237,98043.99999999987
5238,98043.99999999987
5239,98043.99999999987
5240,98043.99999999987
5241,98043.99999999987
5242,98043.99999999987
5243,98043.99999999987
5244,98043.99999999987
5245,98043.99999999987
5246,98043.99999999987
5247,98043.99999999987
5248,98043.99999999987
5249,98043.99999999987
5250,98043.99999999987
5251,98043.99999999987
5252,98043.99999999987
5253,98043.99999999987
5254,98043.99999999987
5255,98043.99999999987
5256,98043.99999999987
5257,98043.99999999987
5258,98043.99999999987
5259,98043.99999999987
5260,98043.99999999987
5261,98043.99999999987
5262,98043.99999999987
5263,98043.99999999987
5264,98043.99999999987
5265,98043.99999999987
5266,98043.99999999987
5267,98043.99999999987
5268,98043.99999999987
5269,98043.99999999987
5270,98043.99999999987
5271,98043.99999999987
5272,98043.99999999987
5273,98043.99999999987
5274,98043.99999999987
5275,98043.99999999987
5276,98043.99999999987
5277,98043.99999999987
5278,98043.99999999987
5279,98043.99999999987
5280,98043.99999999987
5281,98043.99999999987
5282,98043.99999999987
5283,98043.99999999987
5284,98043.99999999987
5285,98043.99999999987
5286,98043.99999999987
5287,98043.99999999987
5288,98043.99999999987
5289,98043.99999999987
5290,98043.99999999987
5291,98043.99999999987
5292,98043.99999999987
5293,98043.99999999987
5294,98043.99999999987
5295,98043.99999999987
5296,98043.99999999987
5297,98043.99999999987
5298,98043.99999999987
5299,98043.99999999987
5300,98043.99999999987
5301,98043.99999999987
5302,98043.99999999987
5303,98043.99999999987
5304,98043.99999999987
5305,98043.99999999987
5306,98043.99999999987
5307,98043.99999999987
5308,98043.99999999987
5309,98043.99999999987
5310,98043.99999999987
5311,98043.99999999987
5312,98043.99999999987
5313,98043.99999999987
5314,98043.99999999987
5315,98043.99999999987
5316,98043.99999999987
5317,98043.99999999987
5318,98043.99999999987
5319,98043.99999999987
5320,98043.99999999987
5321,98043.99999999987
5322,98043.99999999987
5323,98043.99999999987
5324,98043.99999999987
5325,98043.99999999987
5326,98043.99999999987
5327,98043.99999999987
5328,98043.99999999987
5329,98043.99999999987
5330,98043.99999999987
5331,98043.99999999987
5332,98043.99999999987
5333,98043.99999999987
5334,98043.99999999987
5335,98043.99999999987
5336,98043.99999999987
5337,98043.99999999987
5338,98043.99999999987
5339,98043.99999999987
5340,98043.99999999987
5341,98043.99999999987
5342,98043.99999999987
5343,98043.99999999987
5344,98043.99999999987
5345,98043.99999999987
5346,98043.99999999987
5347,98043.99999999987
5348,98043.99999999987
5349,98043.99999999987
5350,98043.99999999987
5351,98043.99999999987
5352,98043.99999999987
5353,98043.99999999987
5354,98043.99999999987
5355,98043.99999999987
5356,98043.99999999987
5357,98043.99999999987
5358,98043.99999999987
5359,98043.99999999987
5360,98043.99999999987
5361,98043.99999999987
5362,98043.99999999987
5363,98043.99999999987
5364,98043.99999999987
5365,98043.99999999987
5366,98043.99999999987
5367,98043.99999999987
5368,98043.99999999987
5369,98043.99999999987
5370,98043.99999999987
5371,98043.99999999987
5372,98043.99999999987
5373,98043.99999999987
5374,98043.99999999987
5375,98043.99999999987
5376,98043.99999999987
5377,98043.99999999987
5378,98043.99999999987
5379,98043.99999999987
5380,98043.99999999987
5381,98043.99999999987
5382,98043.99999999987
5383,98043.99999999987
5384,98043.99999999987
5385,98043.99999999987
5386,98043.99999999987
5387,98043.99999999987
5388,98043.99999999987
5389,98043.99999999987
5390,98043.99999999987
5391,98043.99999999987
5392,98043.99999999987
5393,98043.99999999987
5394,98043.99999999987
5395,98043.99999999987
5396,98043.99999999987
5397,98043.99999999987
5398,98043.99999999987
5399,98043.99999999987
5400,98043.99999999987
5401,98043.99999999987
5402,98043.99999999987
5403,98043.99999999987
5404,98043.99999999987
5405,98043.99999999987
5406,98043.99999999987
5407,98043.99999999987
5408,98043.99999999987
5409,98043.99999999987
5410,98043.99999999987
5411,98043.99999999987
5412,98043.99999999987
5413,98043.99999999987
5414,98043.99999999987
5415,98043.99999999987
5416,98043.99999999987
5417,98043.99999999987
5418,98043.99999999987
5419,98043.99999999987
5420,98043.99999999987
5421,98043.99999999987
5422,98043.99999999987
5423,98043.99999999987
5424,98043.99999999987
5425,98043.99999999987
5426,98043.99999999987
5427,98043.99999999987
5428,98043.99999999987
5429,98043.99999999987
5430,98043.99999999987
5431,98043.99999999987
5432,98043.99999999987
5433,98043.99999999987
5434,98043.99999999987
5435,98043.99999999987
5436,98043.99999999987
5437,98043.99999999987
5438,98043.99999999987
5439,98043.99999999987
5440,98043.99999999987
5441,98043.99999999987
5442,98043.99999999987
5443,98043.99999999987
5444,98043.99999999987
5445,98043.99999999987
5446,98043.99999999987
5447,98043.99999999987
5448,98043.99999999987
5449,98043.99999999987
5450,98043.99999999987
5451,98043.99999999987
5452,98043.99999999987
5453,98043.99999999987
5454,98043.99999999987
5455,98043.99999999987
5456,98043.99999999987
5457,98043.99999999987
5458,98043.99999999987
5459,98043.99999999987
5460,98043.99999999987
5461,98043.99999999987
5462,98043.99999999987
5463,98043.99999999987
5464,98043.99999999987
5465,98043.99999999987
5466,98043.99999999987
5467,98043.99999999987
5468,98043.99999999987
5469,98043.99999999987
5470,98043.99999999987
5471,98043.99999999987
5472,98043.99999999987
5473,98043.99999999987
5474,98043.99999999987
5475,98043.99999999987
5476,98043.99999999987
5477,98043.99999999987
5478,98043.99999999987
5479,98043.99999999987
5480,98043.99999999987
5481,98043.99999999987
5482,98043.99999999987
5483,98043.99999999987
5484,98043.99999999987
5485,98043.99999999987
5486,98043.99999999987
5487,98043.99999999987
5488,98043.99999999987
5489,98043.99999999987
5490,98043.99999999987
5491,98043.99999999987
5492,98043.99999999987
5493,98043.99999999987
5494,98043.99999999987
5495,98043.99999999987
5496,98043.99999999987
5497,98043.99999999987
5498,98043.99999999987
5499,98043.99999999987
5500,98043.99999999987
5501,98043.99999999987
5502,98043.99999999987
5503,98043.99999999987
5504,98043.99999999987
5505,98043.99999999987
5506,98043.99999999987
5507,98043.99999999987
5508,98043.99999999987
5509,98043.99999999987
5510,98043.99999999987
5511,98043.99999999987
5512,98043.99999999987
5513,98043.99999999987
5514,98043.99999999987
5515,98043.99999999987
5516,98043.99999999987
5517,98043.99999999987
5518,98043.99999999987
5519,98043.99999999987
5520,98043.99999999987
5521,98043.99999999987
5522,98043.99999999987
5523,98043.99999999987
5524,98043.99999999987
5525,98043.99999999987
5526,98043.99999999987
5527,98043.99999999987
5528,98043.99999999987
5529,98043.99999999987
5530,98043.99999999987
5531,98043.99999999987
5532,98043.99999999987
5533,98043.99999999987
5534,98043.99999999987
5535,98043.99999999987
5536,98043.99999999987
5537,98043.99999999987
5538,98043.99999999987
5539,98043.99999999987
5540,98043.99999999987
5541,98043.99999999987
5542,98043.99999999987
5543,98043.99999999987
5544,98043.99999999987
5545,98043.99999999987
5546,98043.99999999987
5547,98043.99999999987
5548,98043.99999999987
5549,98043.99999999987
5550,98043.99999999987
5551,98043.99999999987
5552,98043.99999999987
5553,98043.99999999987
5554,98043.99999999987
5555,98043.99999999987
5556,98043.99999999987
5557,98043.99999999987
5558,98043.99999999987
5559,98043.99999999987
5560,98043.99999999987
5561,98043.99999999987
5562,98043.99999999987
5563,98043.99999999987
5564,98043.99999999987
5565,98043.99999999987
5566,98043.99999999987
5567,98043.99999999987
5568,98043.99999999987
5569,98043.99999999987
5570,98043.99999999987
5571,98043.99999999987
5572,98043.99999999987
5573,98043.99999999987
5574,98043.99999999987
5575,98043.99999999987
5576,98043.99999999987
5577,98043.99999999987
5578,98043.99999999987
5579,98043.99999999987
5580,98043.99999999987
5581,98043.99999999987
5582,98043.99999999987
5583,98043.99999999987
5584,98043.99999999987
5585,98043.99999999987
5586,98043.99999999987
5587,98043.99999999987
5588,98043.99999999987
5589,98043.99999999987
5590,98043.99999999987
5591,98043.99999999987
5592,98043.99999999987
5593,98043.99999999987
5594,98043.99999999987
5595,98043.99999999987
5596,98043.99999999987
5597,98043.99999999987
5598,98043.99999999987
5599,98043.99999999987
5600,98043.99999999987
5601,98043.99999999987
5602,98043.99999999987
5603,98043.99999999987
5604,98043.99999999987
5605,98043.99999999987
5606,98043.99999999987
5607,98043.99999999987
5608,98043.99999999987
5609,98043.99999999987
5610,98043.99999999987
5611,98043.99999999987
5612,98043.99999999987
5613,98043.99999999987
5614,98043.99999999987
5615,98043.99999999987
5616,98043.99999999987
5617,98043.99999999987
5618,98043.99999999987
5619,98043.99999999987
5620,98043.99999999987
5621,98043.99999999987
5622,98043.99999999987
5623,98043.99999999987
5624,98043.99999999987
5625,98043.99999999987
5626,98043.99999999987
5627,98043.99999999987
5628,98043.99999999987
5629,98043.99999999987
5630,98043.99999999987
5631,98043.99999999987
5632,98043.99999999987
5633,98043.99999999987
5634,98043.99999999987
5635,98043.99999999987
5636,98043.99999999987
5637,98043.99999999987
5638,98043.99999999987
5639,98043.99999999987
5640,98043.99999999987
5641,98043.99999999987
5642,98043.99999999987
5643,98043.99999999987
5644,98043.99999999987
5645,98043.99999999987
5646,98043.99999999987
5647,98043.99999999987
5648,98043.99999999987
5649,98043.99999999987
5650,98043.99999999987
5651,98043.99999999987
5652,98043.99999999987
5653,98043.99999999987
5654,98043.99999999987
5655,98043.99999999987
5656,98043.99999999987
5657,98043.99999999987
5658,98043.99999999987
5659,98043.99999999987
5660,98043.99999999987
5661,98043.99999999987
5662,98043.99999999987
5663,98043.99999999987
5664,98043.99999999987
5665,98043.99999999987
5666,98043.99999999987
5667,98043.99999999987
5668,98043.99999999987
5669,98043.99999999987
5670,98043.99999999987
5671,98043.99999999987
5672,98043.99999999987
5673,98043.99999999987
5674,98043.99999999987
5675,98043.99999999987
5676,98043.99999999987
5677,98043.99999999987
5678,98043.99999999987
5679,98043.99999999987
5680,98043.99999999987
5681,98043.99999999987
5682,98043.99999999987
5683,98043.99999999987
5684,98043.99999999987
5685,98043.99999999987
5686,98043.99999999987
5687,98043.99999999987
5688,98043.99999999987
5689,98043.99999999987
5690,98043.99999999987
5691,98043.99999999987
5692,98043.99999999987
5693,98043.99999999987
5694,98043.99999999987
5695,98043.99999999987
5696,98043.99999999987
5697,98043.99999999987
5698,98043.99999999987
5699,98043.99999999987
5700,98043.99999999987
5701,98043.99999999987
5702,98043.99999999987
5703,98043.99999999987
5704,98043.99999999987
5705,98043.99999999987
5706,98043.99999999987
5707,98043.99999999987
5708,98043.99999999987
5709,98043.99999999987
5710,98043.99999999987
5711,98043.99999999987
5712,98043.99999999987
5713,98043.99999999987
5714,98043.99999999987
5715,98043.99999999987
5716,98043.99999999987
5717,98043.99999999987
5718,98043.99999999987
5719,98043.99999999987
5720,98043.99999999987
5721,98043.99999999987
5722,98043.99999999987
5723,98043.99999999987
5724,98043.99999999987
5725,98043.99999999987
5726,98043.99999999987
5727,98043.99999999987
5728,98043.99999999987
5729,98043.99999999987
5730,98043.99999999987
5731,98043.99999999987
5732,98043.99999999987
5733,98043.99999999987
5734,98043.99999999987
5735,98043.99999999987
5736,98043.99999999987
5737,98043.99999999987
5738,98043.99999999987
5739,98043.99999999987
5740,98043.99999999987
5741,98043.99999999987
5742,98043.99999999987
5743,98043.99999999987
5744,98043.99999999987
5745,98043.99999999987
5746,98043.99999999987
5747,98043.99999999987
5748,98043.99999999987
5749,98043.99999999987
5750,98043.99999999987
5751,98043.99999999987
5752,98043.99999999987
5753,98043.99999999987
5754,98043.99999999987
5755,98043.99999999987
5756,98043.99999999987
5757,98043.99999999987
5758,98043.99999999987
5759,98043.99999999987
5760,98043.99999999987
5761,98043.99999999987
5762,98043.99999999987
5763,98043.99999999987
5764,98043.99999999987
5765,98043.99999999987
5766,98043.99999999987
5767,98043.99999999987
5768,98043.99999999987
5769,98043.99999999987
5770,98043.99999999987
5771,98043.99999999987
5772,98043.99999999987
5773,98043.99999999987
5774,98043.99999999987
5775,98043.99999999987
5776,98043.99999999987
5777,98043.99999999987
5778,98043.99999999987
5779,98043.99999999987
5780,98043.99999999987
5781,98043.99999999987
5782,98043.99999999987
5783,98043.99999999987
5784,98043.99999999987
5785,98043.99999999987
5786,98043.99999999987
5787,98043.99999999987
5788,98043.99999999987
5789,98043.99999999987
5790,98043.99999999987
5791,98043.99999999987
5792,98043.99999999987
5793,98043.99999999987
5794,98043.99999999987
5795,98043.99999999987
5796,98043.99999999987
5797,98043.99999999987
5798,98043.99999999987
5799,98043.99999999987
5800,98043.99999999987
5801,98043.99999999987
5802,98043.99999999987
5803,98043.99999999987
5804,98043.99999999987
5805,98043.99999999987
5806,98043.99999999987
5807,98043.99999999987
5808,98043.99999999987
5809,98043.99999999987
5810,98043.99999999987
5811,98043.99999999987
5812,98043.99999999987
5813,98043.99999999987
5814,98043.99999999987
5815,98043.99999999987
5816,98043.99999999987
5817,98043.99999999987
5818,98043.99999999987
5819,98043.99999999987
5820,98043.99999999987
5821,98043.99999999987
5822,98043.99999999987
5823,98043.99999999987
5824,98043.99999999987
5825,98043.99999999987
5826,98043.99999999987
5827,98043.99999999987
5828,98043.99999999987
5829,98043.99999999987
5830,98043.99999999987
5831,98043.99999999987
5832,98043.99999999987
5833,98043.99999999987
5834,98043.99999999987
5835,98043.99999999987
5836,98043.99999999987
5837,98043.99999999987
5838,98043.99999999987
5839,98043.99999999987
5840,98043.99999999987
5841,98043.99999999987
5842,98043.99999999987
5843,98043.99999999987
5844,98043.99999999987
5845,98043.99999999987
5846,98043.99999999987
5847,98043.99999999987
5848,98043.99999999987
5849,98043.99999999987
5850,98043.99999999987
5851,98043.99999999987
5852,98043.99999999987
5853,98043.99999999987
5854,98043.99999999987
5855,98043.99999999987
5856,98043.99999999987
5857,98043.99999999987
5858,98043.99999999987
5859,98043.99999999987
5860,98043.99999999987
5861,98043.99999999987
5862,98043.99999999987
5863,98043.99999999987
5864,98043.99999999987
5865,98043.99999999987
5866,98043.99999999987
5867,98043.99999999987
5868,98043.99999999987
5869,98043.99999999987
5870,98043.99999999987
5871,98043.99999999987
5872,98043.99999999987
5873,98043.99999999987
5874,98043.99999999987
5875,98043.99999999987
5876,98043.99999999987
5877,98043.99999999987
5878,98043.99999999987
5879,98043.99999999987
5880,98043.99999999987
5881,98043.99999999987
5882,98043.99999999987
5883,98043.99999999987
5884,98043.99999999987
5885,98043.99999999987
5886,98043.99999999987
5887,98043.99999999987
5888,98043.99999999987
5889,98043.99999999987
5890,98043.99999999987
5891,98043.99999999987
5892,98043.99999999987
5893,98043.99999999987
5894,98043.99999999987
5895,98043.99999999987
5896,98043.99999999987
5897,98043.99999999987
5898,98043.99999999987
5899,98043.99999999987
5900,98043.99999999987
5901,98043.99999999987
5902,98043.99999999987
5903,98043.99999999987
5904,98043.99999999987
5905,98043.99999999987
5906,98043.99999999987
5907,98043.99999999987
5908,98043.99999999987
5909,98043.99999999987
5910,98043.99999999987
5911,98043.99999999987
5912,98043.99999999987
5913,98043.99999999987
5914,98043.99999999987
5915,98043.99999999987
5916,98043.99999999987
5917,98043.99999999987
5918,98043.99999999987
5919,98043.99999999987
5920,98043.99999999987
5921,98043.99999999987
5922,98043.99999999987
5923,98043.99999999987
5924,98043.99999999987
5925,98043.99999999987
5926,98043.99999999987
5927,98043.99999999987
5928,98043.99999999987
5929,98043.99999999987
5930,98043.99999999987
5931,98043.99999999987
5932,98043.99999999987
5933,98043.99999999987
5934,98043.99999999987
5935,98043.99999999987
5936,98043.99999999987
5937,98043.99999999987
5938,98043.99999999987
5939,98043.99999999987
5940,98043.99999999987
5941,98043.99999999987
5942,98043.99999999987
5943,98043.99999999987
5944,98043.99999999987
5945,98043.99999999987
5946,98043.99999999987
5947,98043.99999999987
5948,98043.99999999987
5949,98043.99999999987
5950,98043.99999999987
5951,98043.99999999987
5952,98043.99999999987
5953,98043.99999999987
5954,98043.99999999987
5955,98043.99999999987
5956,98043.99999999987
5957,98043.99999999987
5958,98043.99999999987
5959,98043.99999999987
5960,98043.99999999987
5961,98043.99999999987
5962,98043.99999999987
5963,98043.99999999987
5964,98043.99999999987
5965,98043.99999999987
5966,98043.99999999987
5967,98043.99999999987
5968,98043.99999999987
5969,98043.99999999987
5970,98043.99999999987
5971,98043.99999999987
5972,98043.99999999987
5973,98043.99999999987
5974,98043.99999999987
5975,98043.99999999987
5976,98043.99999999987
5977,98043.99999999987
5978,98043.99999999987
5979,98043.99999999987
5980,98043.99999999987
5981,98043.99999999987
5982,98043.99999999987
5983,98043.99999999987
5984,98043.99999999987
5985,98043.99999999987
5986,98043.99999999987
5987,98043.99999999987
5988,98043.99999999987
5989,98043.99999999987
5990,98043.99999999987
5991,98043.99999999987
5992,98043.99999999987
5993,98043.99999999987
5994,98043.99999999987
5995,98043.99999999987
5996,98043.99999999987
5997,98043.99999999987
5998,98043.99999999987
5999,98043.99999999987
6000,98043.99999999987
6001,98043.99999999987
6002,98043.99999999987
6003,98043.99999999987
6004,98043.99999999987
6005,98043.99999999987
6006,98043.99999999987
6007,98043.99999999987
6008,98043.99999999987
6009,98043.99999999987
6010,98043.99999999987
6011,98043.99999999987
6012,98043.99999999987
6013,98043.99999999987
6014,98043.99999999987
6015,98043.99999999987
6016,98043.99999999987
6017,98043.99999999987
6018,98043.99999999987
6019,98043.99999999987
6020,98043.99999999987
6021,98043.99999999987
6022,98043.99999999987
6023,98043.99999999987
6024,98043.99999999987
6025,98043.99999999987
6026,98043.99999999987
6027,98043.99999999987
6028,98043.99999999987
6029,98043.99999999987
6030,98043.99999999987
6031,98043.99999999987
6032,98043.99999999987
6033,98043.99999999987
6034,98043.99999999987
6035,98043.99999999987
6036,98043.99999999987
6037,98043.99999999987
6038,98043.99999999987
6039,98043.99999999987
6040,98043.99999999987
6041,98043.99999999987
6042,98043.99999999987
6043,98043.99999999987
6044,98043.99999999987
6045,98043.99999999987
6046,98043.99999999987
6047,98043.99999999987
6048,98043.99999999987
6049,98043.99999999987
6050,98043.99999999987
6051,98043.99999999987
6052,98043.99999999987
6053,98043.99999999987
6054,98043.99999999987
6055,98043.99999999987
6056,98043.99999999987
6057,98043.99999999987
6058,98043.99999999987
6059,98043.99999999987
6060,98043.99999999987
6061,98043.99999999987
6062,98043.99999999987
6063,98043.99999999987
6064,98043.99999999987
6065,98043.99999999987
6066,98043.99999999987
6067,98043.99999999987
6068,98043.99999999987
6069,98043.99999999987
6070,98043.99999999987
6071,98043.99999999987
6072,98043.99999999987
6073,98043.99999999987
6074,98043.99999999987
6075,98043.99999999987
6076,98043.99999999987
6077,98043.99999999987
6078,98043.99999999987
6079,98043.99999999987
6080,98043.99999999987
6081,98043.99999999987
6082,98043.99999999987
6083,98043.99999999987
6084,98043.99999999987
6085,98043.99999999987
6086,98043.99999999987
6087,98043.99999999987
6088,98043.99999999987
6089,98043.99999999987
6090,98043.99999999987
6091,98043.99999999987
6092,98043.99999999987
6093,98043.99999999987
6094,98043.99999999987
6095,98043.99999999987
6096,98043.99999999987
6097,98043.99999999987
6098,98043.99999999987
6099,98043.99999999987
6100,98043.99999999987
6101,98043.99999999987
6102,98043.99999999987
6103,98043.99999999987
6104,98043.99999999987
6105,98043.99999999987
6106,98043.99999999987
6107,98043.99999999987
6108,98043.99999999987
6109,98043.99999999987
6110,98043.99999999987
6111,98043.99999999987
6112,98043.99999999987
6113,98043.99999999987
6114,98043.99999999987
6115,98043.99999999987
6116,98043.99999999987
6117,98043.99999999987
6118,98043.99999999987
6119,98043.99999999987
6120,98043.99999999987
6121,98043.99999999987
6122,98043.99999999987
6123,98043.99999999987
6124,98043.99999999987
6125,98043.99999999987
6126,98043.99999999987
6127,98043.99999999987
6128,98043.99999999987
6129,98043.99999999987
6130,98043.99999999987
6131,98043.99999999987
6132,98043.99999999987
6133,98043.99999999987
6134,98043.99999999987
6135,98043.99999999987
6136,98043.99999999987
6137,98043.99999999987
6138,98043.99999999987
6139,98043.99999999987
6140,98043.99999999987
6141,98043.99999999987
6142,98043.99999999987
6143,98043.99999999987
6144,98043.99999999987
6145,98043.99999999987
6146,98043.99999999987
6147,98043.99999999987
6148,98043.99999999987
6149,98043.99999999987
6150,98043.99999999987
6151,98043.99999999987
6152,98043.99999999987
6153,98043.99999999987
6154,98043.99999999987
6155,98043.99999999987
6156,98043.99999999987
6157,98043.99999999987
6158,98043.99999999987
6159,98043.99999999987
6160,98043.99999999987
6161,98043.99999999987
6162,98043.99999999987
6163,98043.99999999987
6164,98043.99999999987
6165,98043.99999999987
6166,98043.99999999987
6167,98043.99999999987
6168,98043.99999999987
6169,98043.99999999987
6170,98043.99999999987
6171,98043.99999999987
6172,98043.99999999987
6173,98043.99999999987
6174,98043.99999999987
6175,98043.99999999987
6176,98043.99999999987
6177,98043.99999999987
6178,98043.99999999987
6179,98043.99999999987
6180,98043.99999999987
6181,98043.99999999987
6182,98043.99999999987
6183,98043.99999999987
6184,98043.99999999987
6185,98043.99999999987
6186,98043.99999999987
6187,98043.99999999987
6188,98043.99999999987
6189,98043.99999999987
6190,98043.99999999987
6191,98043.99999999987
6192,98043.99999999987
6193,98043.99999999987
6194,98043.99999999987
6195,98043.99999999987
6196,98043.99999999987
6197,98043.99999999987
6198,98043.99999999987
6199,98043.99999999987
6200,98043.99999999987
6201,98043.99999999987
6202,98043.99999999987
6203,98043.99999999987
6204,98043.99999999987
6205,98043.99999999987
6206,98043.99999999987
6207,98043.99999999987
6208,98043.99999999987
6209,98043.99999999987
6210,98043.99999999987
6211,98043.99999999987
6212,98043.99999999987
6213,98043.99999999987
6214,98043.99999999987
6215,98043.99999999987
6216,98043.99999999987
6217,98043.99999999987
6218,98043.99999999987
6219,98043.99999999987
6220,98043.99999999987
6221,98043.99999999987
6222,98043.99999999987
6223,98043.99999999987
6224,98043.99999999987
6225,98043.99999999987
6226,98043.99999999987
6227,98043.99999999987
6228,98043.99999999987
6229,98043.99999999987
6230,98043.99999999987
6231,98043.99999999987
6232,98043.99999999987
6233,98043.99999999987
6234,98043.99999999987
6235,98043.99999999987
6236,98043.99999999987
6237,98043.99999999987
6238,98043.99999999987
6239,98043.99999999987
6240,98043.99999999987
6241,98043.99999999987
6242,98043.99999999987
6243,98043.99999999987
6244,98043.99999999987
6245,98043.99999999987
6246,98043.99999999987
6247,98043.99999999987
6248,98043.99999999987
6249,98043.99999999987
6250,98043.99999999987
6251,98043.99999999987
6252,98043.99999999987
6253,98043.99999999987
6254,98043.99999999987
6255,98043.99999999987
6256,98043.99999999987
6257,98043.99999999987
6258,98043.99999999987
6259,98043.99999999987
6260,98043.99999999987
6261,98043.99999999987
6262,98043.99999999987
6263,98043.99999999987
6264,98043.99999999987
6265,98043.99999999987
6266,98043.99999999987
6267,98043.99999999987
6268,98043.99999999987
6269,98043.99999999987
6270,98043.99999999987
6271,98043.99999999987
6272,98043.99999999987
6273,98043.99999999987
6274,98043.99999999987
6275,98043.99999999987
6276,98043.99999999987
6277,98043.99999999987
6278,98043.99999999987
6279,98043.99999999987
6280,98043.99999999987
6281,98043.99999999987
6282,98043.99999999987
6283,98043.99999999987
6284,98043.99999999987
6285,98043.99999999987
6286,98043.99999999987
6287,98043.99999999987
6288,98043.99999999987
6289,98043.99999999987
6290,98043.99999999987
6291,98043.99999999987
6292,98043.99999999987
6293,98043.99999999987
6294,98043.99999999987
6295,98043.99999999987
6296,98043.99999999987
6297,98043.99999999987
6298,98043.99999999987
6299,98043.99999999987
6300,98043.99999999987
6301,98043.99999999987
6302,98043.99999999987
6303,98043.99999999987
6304,98043.99999999987
6305,98043.99999999987
6306,98043.99999999987
6307,98043.99999999987
6308,98043.99999999987
6309,98043.99999999987
6310,98043.99999999987
6311,98043.99999999987
6312,98043.99999999987
6313,98043.99999999987
6314,98043.99999999987
6315,98043.99999999987
6316,98043.99999999987
6317,98043.99999999987
6318,98043.99999999987
6319,98043.99999999987
6320,98043.99999999987
6321,98043.99999999987
6322,98043.99999999987
6323,98043.99999999987
6324,98043.99999999987
6325,98043.99999999987
6326,98043.99999999987
6327,98043.99999999987
6328,98043.99999999987
6329,98043.99999999987
6330,98043.99999999987
6331,98043.99999999987
6332,98043.99999999987
6333,98043.99999999987
6334,98043.99999999987
6335,98043.99999999987
6336,98043.99999999987
6337,98043.99999999987
6338,98043.99999999987
6339,98043.99999999987
6340,98043.99999999987
6341,98043.99999999987
6342,98043.99999999987
6343,98043.99999999987
6344,98043.99999999987
6345,98043.99999999987
6346,98043.99999999987
6347,98043.99999999987
6348,98043.99999999987
6349,98043.99999999987
6350,98043.99999999987
6351,98043.99999999987
6352,98043.99999999987
6353,98043.99999999987
6354,98043.99999999987
6355,98043.99999999987
6356,98043.99999999987
6357,98043.99999999987
6358,98043.99999999987
6359,98043.99999999987
6360,98043.99999999987
6361,98043.99999999987
6362,98043.99999999987
6363,98043.99999999987
6364,98043.99999999987
6365,98043.99999999987
6366,98043.99999999987
6367,98043.99999999987
6368,98043.99999999987
6369,98043.99999999987
6370,98043.99999999987
6371,98043.99999999987
6372,98043.99999999987
6373,98043.99999999987
6374,98043.99999999987
6375,98043.99999999987
6376,98043.99999999987
6377,98043.99999999987
6378,98043.99999999987
6379,98043.99999999987
6380,98043.99999999987
6381,98043.99999999987
6382,98043.99999999987
6383,98043.99999999987
6384,98043.99999999987
6385,98043.99999999987
6386,98043.99999999987
6387,98043.99999999987
6388,98043.99999999987
6389,98043.99999999987
6390,98043.99999999987
6391,98043.99999999987
6392,98043.99999999987
6393,98043.99999999987
6394,98043.99999999987
6395,98043.99999999987
6396,98043.99999999987
6397,98043.99999999987
6398,98043.99999999987
6399,98043.99999999987
6400,98043.99999999987
6401,98043.99999999987
6402,98043.99999999987
6403,98043.99999999987
6404,98043.99999999987
6405,98043.99999999987
6406,98043.99999999987
6407,98043.99999999987
6408,98043.99999999987
6409,98043.99999999987
6410,98043.99999999987
6411,98043.99999999987
6412,98043.99999999987
6413,98043.99999999987
6414,98043.99999999987
6415,98043.99999999987
6416,98043.99999999987
6417,98043.99999999987
6418,98043.99999999987
6419,98043.99999999987
6420,98043.99999999987
6421,98043.99999999987
6422,98043.99999999987
6423,98043.99999999987
6424,98043.99999999987
6425,98043.99999999987
6426,98043.99999999987
6427,98043.99999999987
6428,98043.99999999987
6429,98043.99999999987
6430,98043.99999999987
6431,98043.99999999987
6432,98043.99999999987
6433,98043.99999999987
6434,98043.99999999987
6435,98043.99999999987
6436,98043.99999999987
6437,98043.99999999987
6438,98043.99999999987
6439,98043.99999999987
6440,98043.99999999987
6441,98043.99999999987
6442,98043.99999999987
6443,98043.99999999987
6444,98043.99999999987
6445,98043.99999999987
6446,98043.99999999987
6447,98043.99999999987
6448,98043.99999999987
6449,98043.99999999987
6450,98043.99999999987
6451,98043.99999999987
6452,98043.99999999987
6453,98043.99999999987
6454,98043.99999999987
6455,98043.99999999987
6456,98043.99999999987
6457,98043.99999999987
6458,98043.99999999987
6459,98043.99999999987
6460,98043.99999999987
6461,98043.99999999987
6462,98043.99999999987
6463,98043.99999999987
6464,98043.99999999987
6465,98043.99999999987
6466,98043.99999999987
6467,98043.99999999987
6468,98043.99999999987
6469,98043.99999999987
6470,98043.99999999987
6471,98043.99999999987
6472,98043.99999999987
6473,98043.99999999987
6474,98043.99999999987
6475,98043.99999999987
6476,98043.99999999987
6477,98043.99999999987
6478,98043.99999999987
6479,98043.99999999987
6480,98043.99999999987
6481,98043.99999999987
6482,98043.99999999987
6483,98043.99999999987
6484,98043.99999999987
6485,98043.99999999987
6486,98043.99999999987
6487,98043.99999999987
6488,98043.99999999987
6489,98043.99999999987
6490,98043.99999999987
6491,98043.99999999987
6492,98043.99999999987
6493,98043.99999999987
6494,98043.99999999987
6495,98043.99999999987
6496,98043.99999999987
6497,98043.99999999987
6498,98043.99999999987
6499,98043.99999999987
6500,98043.99999999987
6501,98043.99999999987
6502,98043.99999999987
6503,98043.99999999987
6504,98043.99999999987
6505,98043.99999999987
6506,98043.99999999987
6507,98043.99999999987
6508,98043.99999999987
6509,98043.99999999987
6510,98043.99999999987
6511,98043.99999999987
6512,98043.99999999987
6513,98043.99999999987
6514,98043.99999999987
6515,98043.99999999987
6516,98043.99999999987
6517,98043.99999999987
6518,98043.99999999987
6519,98043.99999999987
6520,98043.99999999987
6521,98043.99999999987
6522,98043.99999999987
6523,98043.99999999987
6524,98043.99999999987
6525,98043.99999999987
6526,98043.99999999987
6527,98043.99999999987
6528,98043.99999999987
6529,98043.99999999987
6530,98043.99999999987
6531,98043.99999999987
6532,98043.99999999987
6533,98043.99999999987
6534,98043.99999999987
6535,98043.99999999987
6536,98043.99999999987
6537,98043.99999999987
6538,98043.99999999987
6539,98043.99999999987
6540,98043.99999999987
6541,98043.99999999987
6542,98043.99999999987
6543,98043.99999999987
6544,98043.99999999987
6545,98043.99999999987
6546,98043.99999999987
6547,98043.99999999987
6548,98043.99999999987
6549,98043.99999999987
6550,98043.99999999987
6551,98043.99999999987
6552,98043.99999999987
6553,98043.99999999987
6554,98043.99999999987
6555,98043.99999999987
6556,98043.99999999987
6557,98043.99999999987
6558,98043.99999999987
6559,98043.99999999987
6560,98043.99999999987
6561,98043.99999999987
6562,98043.99999999987
6563,98043.99999999987
6564,98043.99999999987
6565,98043.99999999987
6566,98043.99999999987
6567,98043.99999999987
6568,98043.99999999987
6569,98043.99999999987
6570,98043.99999999987
6571,98043.99999999987
6572,98043.99999999987
6573,98043.99999999987
6574,98043.99999999987
6575,98043.99999999987
6576,98043.99999999987
6577,98043.99999999987
6578,98043.99999999987
6579,98043.99999999987
6580,98043.99999999987
6581,98043.99999999987
6582,98043.99999999987
6583,98043.99999999987
6584,98043.99999999987
6585,98043.99999999987
6586,98043.99999999987
6587,98043.99999999987
6588,98043.99999999987
6589,98043.99999999987
6590,98043.99999999987
6591,98043.99999999987
6592,98043.99999999987
6593,98043.99999999987
6594,98043.99999999987
6595,98043.99999999987
6596,98043.99999999987
6597,98043.99999999987
6598,98043.99999999987
6599,98043.99999999987
6600,98043.99999999987
6601,98043.99999999987
6602,98043.99999999987
6603,98043.99999999987
6604,98043.99999999987
6605,98043.99999999987
6606,98043.99999999987
6607,98043.99999999987
6608,98043.99999999987
6609,98043.99999999987
6610,98043.99999999987
6611,98043.99999999987
6612,98043.99999999987
6613,98043.99999999987
6614,98043.99999999987
6615,98043.99999999987
6616,98043.99999999987
6617,98043.99999999987
6618,98043.99999999987
6619,98043.99999999987
6620,98043.99999999987
6621,98043.99999999987
6622,98043.99999999987
6623,98043.99999999987
6624,98043.99999999987
6625,98043.99999999987
6626,98043.99999999987
6627,98043.99999999987
6628,98043.99999999987
6629,98043.99999999987
6630,98043.99999999987
6631,98043.99999999987
6632,98043.99999999987
6633,98043.99999999987
6634,98043.99999999987
6635,98043.99999999987
6636,98043.99999999987
6637,98043.99999999987
6638,98043.99999999987
6639,98043.99999999987
6640,98043.99999999987
6641,98043.99999999987
6642,98043.99999999987
6643,98043.99999999987
6644,98043.99999999987
6645,98043.99999999987
6646,98043.99999999987
6647,98043.99999999987
6648,98043.99999999987
6649,98043.99999999987
6650,98043.99999999987
6651,98043.99999999987
6652,98043.99999999987
6653,98043.99999999987
6654,98043.99999999987
6655,98043.99999999987
6656,98043.99999999987
6657,98043.99999999987
6658,98043.99999999987
6659,98043.99999999987
6660,98043.99999999987
6661,98043.99999999987
6662,98043.99999999987
6663,98043.99999999987
6664,98043.99999999987
6665,98043.99999999987
6666,98043.99999999987
6667,98043.99999999987
6668,98043.99999999987
6669,98043.99999999987
6670,98043.99999999987
6671,98043.99999999987
6672,98043.99999999987
6673,98043.99999999987
6674,98043.99999999987
6675,98043.99999999987
6676,98043.99999999987
6677,98043.99999999987
6678,98043.99999999987
6679,98043.99999999987
6680,98043.99999999987
6681,98043.99999999987
6682,98043.99999999987
6683,98043.99999999987
6684,98043.99999999987
6685,98043.99999999987
6686,98043.99999999987
6687,98043.99999999987
6688,98043.99999999987
6689,98043.99999999987
6690,98043.99999999987
6691,98043.99999999987
6692,98043.99999999987
6693,98043.99999999987
6694,98043.99999999987
6695,98043.99999999987
6696,98043.99999999987
6697,98043.99999999987
6698,98043.99999999987
6699,98043.99999999987
6700,98043.99999999987
6701,98043.99999999987
6702,98043.99999999987
6703,98043.99999999987
6704,98043.99999999987
6705,98043.99999999987
6706,98043.99999999987
6707,98043.99999999987
6708,98043.99999999987
6709,98043.99999999987
6710,98043.99999999987
6711,98043.99999999987
6712,98043.99999999987
6713,98043.99999999987
6714,98043.99999999987
6715,98043.99999999987
6716,98043.99999999987
6717,98043.99999999987
6718,98043.99999999987
6719,98043.99999999987
6720,98043.99999999987
6721,98043.99999999987
6722,98043.99999999987
6723,98043.99999999987
6724,98043.99999999987
6725,98043.99999999987
6726,98043.99999999987
6727,98043.99999999987
6728,98043.99999999987
6729,98043.99999999987
6730,98043.99999999987
6731,98043.99999999987
6732,98043.99999999987
6733,98043.99999999987
6734,98043.99999999987
6735,98043.99999999987
6736,98043.99999999987
6737,98043.99999999987
6738,98043.99999999987
6739,98043.99999999987
6740,98043.99999999987
6741,98043.99999999987
6742,98043.99999999987
6743,98043.99999999987
6744,98043.99999999987
6745,98043.99999999987
6746,98043.99999999987
6747,98043.99999999987
6748,98043.99999999987
6749,98043.99999999987
6750,98043.99999999987
6751,98043.99999999987
6752,98043.99999999987
6753,98043.99999999987
6754,98043.99999999987
6755,98043.99999999987
6756,98043.99999999987
6757,98043.99999999987
6758,98043.99999999987
6759,98043.99999999987
6760,98043.99999999987
6761,98043.99999999987
6762,98043.99999999987
6763,98043.99999999987
6764,98043.99999999987
6765,98043.99999999987
6766,98043.99999999987
6767,98043.99999999987
6768,98043.99999999987
6769,98043.99999999987
6770,98043.99999999987
6771,98043.99999999987
6772,98043.99999999987
6773,98043.99999999987
6774,98043.99999999987
6775,98043.99999999987
6776,98043.99999999987
6777,98043.99999999987
6778,98043.99999999987
6779,98043.99999999987
6780,98043.99999999987
6781,98043.99999999987
6782,98043.99999999987
6783,98043.99999999987
6784,98043.99999999987
6785,98043.99999999987
6786,98043.99999999987
6787,98043.99999999987
6788,98043.99999999987
6789,98043.99999999987
6790,98043.99999999987
6791,98043.99999999987
6792,98043.99999999987
6793,98043.99999999987
6794,98043.99999999987
6795,98043.99999999987
6796,98043.99999999987
6797,98043.99999999987
6798,98043.99999999987
6799,98043.99999999987
6800,98043.99999999987
6801,98043.99999999987
6802,98043.99999999987
6803,98043.99999999987
6804,98043.99999999987
6805,98043.99999999987
6806,98043.99999999987
6807,98043.99999999987
6808,98043.99999999987
6809,98043.99999999987
6810,98043.99999999987
6811,98043.99999999987
6812,98043.99999999987
6813,98043.99999999987
6814,98043.99999999987
6815,98043.99999999987
6816,98043.99999999987
6817,98043.99999999987
6818,98043.99999999987
6819,98043.99999999987
6820,98043.99999999987
6821,98043.99999999987
6822,98043.99999999987
6823,98043.99999999987
6824,98043.99999999987
6825,98043.99999999987
6826,98043.99999999987
6827,98043.99999999987
6828,98043.99999999987
6829,98043.99999999987
6830,98043.99999999987
6831,98043.99999999987
6832,98043.99999999987
6833,98043.99999999987
6834,98043.99999999987
6835,98043.99999999987
6836,98043.99999999987
6837,98043.99999999987
6838,98043.99999999987
6839,98043.99999999987
6840,98043.99999999987
6841,98043.99999999987
6842,98043.99999999987
6843,98043.99999999987
6844,98043.99999999987
6845,98043.99999999987
6846,98043.99999999987
6847,98043.99999999987
6848,98043.99999999987
6849,98043.99999999987
6850,98043.99999999987
6851,98043.99999999987
6852,98043.99999999987
6853,98043.99999999987
6854,98043.99999999987
6855,98043.99999999987
6856,98043.99999999987
6857,98043.99999999987
6858,98043.99999999987
6859,98043.99999999987
6860,98043.99999999987
6861,98043.99999999987
6862,98043.99999999987
6863,98043.99999999987
6864,98043.99999999987
6865,98043.99999999987
6866,98043.99999999987
6867,98043.99999999987
6868,98043.99999999987
6869,98043.99999999987
6870,98043.99999999987
6871,98043.99999999987
6872,98043.99999999987
6873,98043.99999999987
6874,98043.99999999987
6875,98043.99999999987
6876,98043.99999999987
6877,98043.99999999987
6878,98043.99999999987
6879,98043.99999999987
6880,98043.99999999987
6881,98043.99999999987
6882,98043.99999999987
6883,98043.99999999987
6884,98043.99999999987
6885,98043.99999999987
6886,98043.99999999987
6887,98043.99999999987
6888,98043.99999999987
6889,98043.99999999987
6890,98043.99999999987
6891,98043.99999999987
6892,98043.99999999987
6893,98043.99999999987
6894,98043.99999999987
6895,98043.99999999987
6896,98043.99999999987
6897,98043.99999999987
6898,98043.99999999987
6899,98043.99999999987
6900,98043.99999999987
6901,98043.99999999987
6902,98043.99999999987
6903,98043.99999999987
6904,98043.99999999987
6905,98043.99999999987
6906,98043.99999999987
6907,98043.99999999987
6908,98043.99999999987
6909,98043.99999999987
6910,98043.99999999987
6911,98043.99999999987
6912,98043.99999999987
6913,98043.99999999987
6914,98043.99999999987
6915,98043.99999999987
6916,98043.99999999987
6917,98043.99999999987
6918,98043.99999999987
6919,98043.99999999987
6920,98043.99999999987
6921,98043.99999999987
6922,98043.99999999987
6923,98043.99999999987
6924,98043.99999999987
6925,98043.99999999987
6926,98043.99999999987
6927,98043.99999999987
6928,98043.99999999987
6929,98043.99999999987
6930,98043.99999999987
6931,98043.99999999987
6932,98043.99999999987
6933,98043.99999999987
6934,98043.99999999987
6935,98043.99999999987
6936,98043.99999999987
6937,98043.99999999987
6938,98043.99999999987
6939,98043.99999999987
6940,98043.99999999987
6941,98043.99999999987
6942,98043.99999999987
6943,98043.99999999987
6944,98043.99999999987
6945,98043.99999999987
6946,98043.99999999987
6947,98043.99999999987
6948,98043.99999999987
6949,98043.99999999987
6950,98043.99999999987
6951,98043.99999999987
6952,98043.99999999987
6953,98043.99999999987
6954,98043.99999999987
6955,98043.99999999987
6956,98043.99999999987
6957,98043.99999999987
6958,98043.99999999987
6959,98043.99999999987
6960,98043.99999999987
6961,98043.99999999987
6962,98043.99999999987
6963,98043.99999999987
6964,98043.99999999987
6965,98043.99999999987
6966,98043.99999999987
6967,98043.99999999987
6968,98043.99999999987
6969,98043.99999999987
6970,98043.99999999987
6971,98043.99999999987
6972,98043.99999999987
6973,98043.99999999987
6974,98043.99999999987
6975,98043.99999999987
6976,98043.99999999987
6977,98043.99999999987
6978,98043.99999999987
6979,98043.99999999987
6980,98043.99999999987
6981,98043.99999999987
6982,98043.99999999987
6983,98043.99999999987
6984,98043.99999999987
6985,98043.99999999987
6986,98043.99999999987
6987,98043.99999999987
6988,98043.99999999987
6989,98043.99999999987
6990,98043.99999999987
6991,98043.99999999987
6992,98043.99999999987
6993,98043.99999999987
6994,98043.99999999987
6995,98043.99999999987
6996,98043.99999999987
6997,98043.99999999987
6998,98043.99999999987
6999,98043.99999999987
7000,98043.99999999987
7001,98043.99999999987
7002,98043.99999999987
7003,98043.99999999987
7004,98043.99999999987
7005,98043.99999999987
7006,98043.99999999987
7007,98043.99999999987
7008,98043.99999999987
7009,98043.99999999987
7010,98043.99999999987
7011,98043.99999999987
7012,98043.99999999987
7013,98043.99999999987
7014,98043.99999999987
7015,98043.99999999987
7016,98043.99999999987
7017,98043.99999999987
7018,98043.99999999987
7019,98043.99999999987
7020,98043.99999999987
7021,98043.99999999987
7022,98043.99999999987
7023,98043.99999999987
7024,98043.99999999987
7025,98043.99999999987
7026,98043.99999999987
7027,98043.99999999987
7028,98043.99999999987
7029,98043.99999999987
7030,98043.99999999987
7031,98043.99999999987
7032,98043.99999999987
7033,98043.99999999987
7034,98043.99999999987
7035,98043.99999999987
7036,98043.99999999987
7037,98043.99999999987
7038,98043.99999999987
7039,98043.99999999987
7040,98043.99999999987
7041,98043.99999999987
7042,98043.99999999987
7043,98043.99999999987
7044,98043.99999999987
7045,98043.99999999987
7046,98043.99999999987
7047,98043.99999999987
7048,98043.99999999987
7049,98043.99999999987
7050,98043.99999999987
7051,98043.99999999987
7052,98043.99999999987
7053,98043.99999999987
7054,98043.99999999987
7055,98043.99999999987
7056,98043.99999999987
7057,98043.99999999987
7058,98043.99999999987
7059,98043.99999999987
7060,98043.99999999987
7061,98043.99999999987
7062,98043.99999999987
7063,98043.99999999987
7064,98043.99999999987
7065,98043.99999999987
7066,98043.99999999987
7067,98043.99999999987
7068,98043.99999999987
7069,98043.99999999987
7070,98043.99999999987
7071,98043.99999999987
7072,98043.99999999987
7073,98043.99999999987
7074,98043.99999999987
7075,98043.99999999987
7076,98043.99999999987
7077,98043.99999999987
7078,98043.99999999987
7079,98043.99999999987
7080,98043.99999999987
7081,98043.99999999987
7082,98043.99999999987
7083,98043.99999999987
7084,98043.99999999987
7085,98043.99999999987
7086,98043.99999999987
7087,98043.99999999987
7088,98043.99999999987
7089,98043.99999999987
7090,98043.99999999987
7091,98043.99999999987
7092,98043.99999999987
7093,98043.99999999987
7094,98043.99999999987
7095,98043.99999999987
7096,98043.99999999987
7097,98043.99999999987
7098,98043.99999999987
7099,98043.99999999987
7100,98043.99999999987
7101,98043.99999999987
7102,98043.99999999987
7103,98043.99999999987
7104,98043.99999999987
7105,98043.99999999987
7106,98043.99999999987
7107,98043.99999999987
7108,98043.99999999987
7109,98043.99999999987
7110,98043.99999999987
7111,98043.99999999987
7112,98043.99999999987
7113,98043.99999999987
7114,98043.99999999987
7115,98043.99999999987
7116,98043.99999999987
7117,98043.99999999987
7118,98043.99999999987
7119,98043.99999999987
7120,98043.99999999987
7121,98043.99999999987
7122,98043.99999999987
7123,98043.99999999987
7124,98043.99999999987
7125,98043.99999999987
7126,98043.99999999987
7127,98043.99999999987
7128,98043.99999999987
7129,98043.99999999987
7130,98043.99999999987
7131,98043.99999999987
7132,98043.99999999987
7133,98043.99999999987
7134,98043.99999999987
7135,98043.99999999987
7136,98043.99999999987
7137,98043.99999999987
7138,98043.99999999987
7139,98043.99999999987
7140,98043.99999999987
7141,98043.99999999987
7142,98043.99999999987
7143,98043.99999999987
7144,98043.99999999987
7145,98043.99999999987
7146,98043.99999999987
7147,98043.99999999987
7148,98043.99999999987
7149,98043.99999999987
7150,98043.99999999987
7151,98043.99999999987
7152,98043.99999999987
7153,98043.99999999987
7154,98043.99999999987
7155,98043.99999999987
7156,98043.99999999987
7157,98043.99999999987
7158,98043.99999999987
7159,98043.99999999987
7160,98043.99999999987
7161,98043.99999999987
7162,98043.99999999987
7163,98043.99999999987
7164,98043.99999999987
7165,98043.99999999987
7166,98043.99999999987
7167,98043.99999999987
7168,98043.99999999987
7169,98043.99999999987
7170,98043.99999999987
7171,98043.99999999987
7172,98043.99999999987
7173,98043.99999999987
7174,98043.99999999987
7175,98043.99999999987
7176,98043.99999999987
7177,98043.99999999987
7178,98043.99999999987
7179,98043.99999999987
7180,98043.99999999987
7181,98043.99999999987
7182,98043.99999999987
7183,98043.99999999987
7184,98043.99999999987
7185,98043.99999999987
7186,98043.99999999987
7187,98043.99999999987
7188,98043.99999999987
7189,98043.99999999987
7190,98043.99999999987
7191,98043.99999999987
7192,98043.99999999987
7193,98043.99999999987
7194,98043.99999999987
7195,98043.99999999987
7196,98043.99999999987
7197,98043.99999999987
7198,98043.99999999987
7199,98043.99999999987
7200,98043.99999999987
7201,98043.99999999987
7202,98043.99999999987
7203,98043.99999999987
7204,98043.99999999987
7205,98043.99999999987
7206,98043.99999999987
7207,98043.99999999987
7208,98043.99999999987
7209,98043.99999999987
7210,98043.99999999987
7211,98043.99999999987
7212,98043.99999999987
7213,98043.99999999987
7214,98043.99999999987
7215,98043.99999999987
7216,98043.99999999987
7217,98043.99999999987
7218,98043.99999999987
7219,98043.99999999987
7220,98043.99999999987
7221,98043.99999999987
7222,98043.99999999987
7223,98043.99999999987
7224,98043.99999999987
7225,98043.99999999987
7226,98043.99999999987
7227,98043.99999999987
7228,98043.99999999987
7229,98043.99999999987
7230,98043.99999999987
7231,98043.99999999987
7232,98043.99999999987
7233,98043.99999999987
7234,98043.99999999987
7235,98043.99999999987
7236,98043.99999999987
7237,98043.99999999987
7238,98043.99999999987
7239,98043.99999999987
7240,98043.99999999987
7241,98043.99999999987
7242,98043.99999999987
7243,98043.99999999987
7244,98043.99999999987
7245,98043.99999999987
7246,98043.99999999987
7247,98043.99999999987
7248,98043.99999999987
7249,98043.99999999987
7250,98043.99999999987
7251,98043.99999999987
7252,98043.99999999987
7253,98043.99999999987
7254,98043.99999999987
7255,98043.99999999987
7256,98043.99999999987
7257,98043.99999999987
7258,98043.99999999987
7259,98043.99999999987
7260,98043.99999999987
7261,98043.99999999987
7262,98043.99999999987
7263,98043.99999999987
7264,98043.99999999987
7265,98043.99999999987
7266,98043.99999999987
7267,98043.99999999987
7268,98043.99999999987
7269,98043.99999999987
7270,98043.99999999987
7271,98043.99999999987
7272,98043.99999999987
7273,98043.99999999987
7274,98043.99999999987
7275,98043.99999999987
7276,98043.99999999987
7277,98043.99999999987
7278,98043.99999999987
7279,98043.99999999987
7280,98043.99999999987
7281,98043.99999999987
7282,98043.99999999987
7283,98043.99999999987
7284,98043.99999999987
7285,98043.99999999987
7286,98043.99999999987
7287,98043.99999999987
7288,98043.99999999987
7289,98043.99999999987
7290,98043.99999999987
7291,98043.99999999987
7292,98043.99999999987
7293,98043.99999999987
7294,98043.99999999987
7295,98043.99999999987
7296,98043.99999999987
7297,98043.99999999987
7298,98043.99999999987
7299,98043.99999999987
7300,98043.99999999987
7301,98043.99999999987
7302,98043.99999999987
7303,98043.99999999987
7304,98043.99999999987
7305,98043.99999999987
7306,98043.99999999987
7307,98043.99999999987
7308,98043.99999999987
7309,98043.99999999987
7310,98043.99999999987
7311,98043.99999999987
7312,98043.99999999987
7313,98043.99999999987
7314,98043.99999999987
7315,98043.99999999987
7316,98043.99999999987
7317,98043.99999999987
7318,98043.99999999987
7319,98043.99999999987
7320,98043.99999999987
7321,98043.99999999987
7322,98043.99999999987
7323,98043.99999999987
7324,98043.99999999987
7325,98043.99999999987
7326,98043.99999999987
7327,98043.99999999987
7328,98043.99999999987
7329,98043.99999999987
7330,98043.99999999987
7331,98043.99999999987
7332,98043.99999999987
7333,98043.99999999987
7334,98043.99999999987
7335,98043.99999999987
7336,98043.99999999987
7337,98043.99999999987
7338,98043.99999999987
7339,98043.99999999987
7340,98043.99999999987
7341,98043.99999999987
7342,98043.99999999987
7343,98043.99999999987
7344,98043.99999999987
7345,98043.99999999987
7346,98043.99999999987
7347,98043.99999999987
7348,98043.99999999987
7349,98043.99999999987
7350,98043.99999999987
7351,98043.99999999987
7352,98043.99999999987
7353,98043.99999999987
7354,98043.99999999987
7355,98043.99999999987
7356,98043.99999999987
7357,98043.99999999987
7358,98043.99999999987
7359,98043.99999999987
7360,98043.99999999987
7361,98043.99999999987
7362,98043.99999999987
7363,98043.99999999987
7364,98043.99999999987
7365,98043.99999999987
7366,98043.99999999987
7367,98043.99999999987
7368,98043.99999999987
7369,98043.99999999987
7370,98043.99999999987
7371,98043.99999999987
7372,98043.99999999987
7373,98043.99999999987
7374,98043.99999999987
7375,98043.99999999987
7376,98043.99999999987
7377,98043.99999999987
7378,98043.99999999987
7379,98043.99999999987
7380,98043.99999999987
7381,98043.99999999987
7382,98043.99999999987
7383,98043.99999999987
7384,98043.99999999987
7385,98043.99999999987
7386,98043.99999999987
7387,98043.99999999987
7388,98043.99999999987
7389,98043.99999999987
7390,98043.99999999987
7391,98043.99999999987
7392,98043.99999999987
7393,98043.99999999987
7394,98043.99999999987
7395,98043.99999999987
7396,98043.99999999987
7397,98043.99999999987
7398,98043.99999999987
7399,98043.99999999987
7400,98043.99999999987
7401,98043.99999999987
7402,98043.99999999987
7403,98043.99999999987
7404,98043.99999999987
7405,98043.99999999987
7406,98043.99999999987
7407,98043.99999999987
7408,98043.99999999987
7409,98043.99999999987
7410,98043.99999999987
7411,98043.99999999987
7412,98043.99999999987
7413,98043.99999999987
7414,98043.99999999987
7415,98043.99999999987
7416,98043.99999999987
7417,98043.99999999987
7418,98043.99999999987
7419,98043.99999999987
7420,98043.99999999987
7421,98043.99999999987
7422,98043.99999999987
7423,98043.99999999987
7424,98043.99999999987
7425,98043.99999999987
7426,98043.99999999987
7427,98043.99999999987
7428,98043.99999999987
7429,98043.99999999987
7430,98043.99999999987
7431,98043.99999999987
7432,98043.99999999987
7433,98043.99999999987
7434,98043.99999999987
7435,98043.99999999987
7436,98043.99999999987
7437,98043.99999999987
7438,98043.99999999987
7439,98043.99999999987
7440,98043.99999999987
7441,98043.99999999987
7442,98043.99999999987
7443,98043.99999999987
7444,98043.99999999987
7445,98043.99999999987
7446,98043.99999999987
7447,98043.99999999987
7448,98043.99999999987
7449,98043.99999999987
7450,98043.99999999987
7451,98043.99999999987
7452,98043.99999999987
7453,98043.99999999987
7454,98043.99999999987
7455,98043.99999999987
7456,98043.99999999987
7457,98043.99999999987
7458,98043.99999999987
7459,98043.99999999987
7460,98043.99999999987
7461,98043.99999999987
7462,98043.99999999987
7463,98043.99999999987
7464,98043.99999999987
7465,98043.99999999987
7466,98043.99999999987
7467,98043.99999999987
7468,98043.99999999987
7469,98043.99999999987
7470,98043.99999999987
7471,98043.99999999987
7472,98043.99999999987
7473,98043.99999999987
7474,98043.99999999987
7475,98043.99999999987
7476,98043.99999999987
7477,98043.99999999987
7478,98043.99999999987
7479,98043.99999999987
7480,98043.99999999987
7481,98043.99999999987
7482,98043.99999999987
7483,98043.99999999987
7484,98043.99999999987
7485,98043.99999999987
7486,98043.99999999987
7487,98043.99999999987
7488,98043.99999999987
7489,98043.99999999987
7490,98043.99999999987
7491,98043.99999999987
7492,98043.99999999987
7493,98043.99999999987
7494,98043.99999999987
7495,98043.99999999987
7496,98043.99999999987
7497,98043.99999999987
7498,98043.99999999987
7499,98043.99999999987
7500,98043.99999999987
7501,98043.99999999987
7502,98043.99999999987
7503,98043.99999999987
7504,98043.99999999987
7505,98043.99999999987
7506,98043.99999999987
7507,98043.99999999987
7508,98043.99999999987
7509,98043.99999999987
7510,98043.99999999987
7511,98043.99999999987
7512,98043.99999999987
7513,98043.99999999987
7514,98043.99999999987
7515,98043.99999999987
7516,98043.99999999987
7517,98043.99999999987
7518,98043.99999999987
7519,98043.99999999987
7520,98043.99999999987
7521,98043.99999999987
7522,98043.99999999987
7523,98043.99999999987
7524,98043.99999999987
7525,98043.99999999987
7526,98043.99999999987
7527,98043.99999999987
7528,98043.99999999987
7529,98043.99999999987
7530,98043.99999999987
7531,98043.99999999987
7532,98043.99999999987
7533,98043.99999999987
7534,98043.99999999987
7535,98043.99999999987
7536,98043.99999999987
7537,98043.99999999987
7538,98043.99999999987
7539,98043.99999999987
7540,98043.99999999987
7541,98043.99999999987
7542,98043.99999999987
7543,98043.99999999987
7544,98043.99999999987
7545,98043.99999999987
7546,98043.99999999987
7547,98043.99999999987
7548,98043.99999999987
7549,98043.99999999987
7550,98043.99999999987
7551,98043.99999999987
7552,98043.99999999987
7553,98043.99999999987
7554,98043.99999999987
7555,98043.99999999987
7556,98043.99999999987
7557,98043.99999999987
7558,98043.99999999987
7559,98043.99999999987
7560,98043.99999999987
7561,98043.99999999987
7562,98043.99999999987
7563,98043.99999999987
7564,98043.99999999987
7565,98043.99999999987
7566,98043.99999999987
7567,98043.99999999987
7568,98043.99999999987
7569,98043.99999999987
7570,98043.99999999987
7571,98043.99999999987
7572,98043.99999999987
7573,98043.99999999987
7574,98043.99999999987
7575,98043.99999999987
7576,98043.99999999987
7577,98043.99999999987
7578,98043.99999999987
7579,98043.99999999987
7580,98043.99999999987
7581,98043.99999999987
7582,98043.99999999987
7583,98043.99999999987
7584,98043.99999999987
7585,98043.99999999987
7586,98043.99999999987
7587,98043.99999999987
7588,98043.99999999987
7589,98043.99999999987
7590,98043.99999999987
7591,98043.99999999987
7592,98043.99999999987
7593,98043.99999999987
7594,98043.99999999987
7595,98043.99999999987
7596,98043.99999999987
7597,98043.99999999987
7598,98043.99999999987
7599,98043.99999999987
7600,98043.99999999987
7601,98043.99999999987
7602,98043.99999999987
7603,98043.99999999987
7604,98043.99999999987
7605,98043.99999999987
7606,98043.99999999987
7607,98043.99999999987
7608,98043.99999999987
7609,98043.99999999987
7610,98043.99999999987
7611,98043.99999999987
7612,98043.99999999987
7613,98043.99999999987
7614,98043.99999999987
7615,98043.99999999987
7616,98043.99999999987
7617,98043.99999999987
7618,98043.99999999987
7619,98043.99999999987
7620,98043.99999999987
7621,98043.99999999987
7622,98043.99999999987
7623,98043.99999999987
7624,98043.99999999987
7625,98043.99999999987
7626,98043.99999999987
7627,98043.99999999987
7628,98043.99999999987
7629,98043.99999999987
7630,98043.99999999987
7631,98043.99999999987
7632,98043.99999999987
7633,98043.99999999987
7634,98043.99999999987
7635,98043.99999999987
7636,98043.99999999987
7637,98043.99999999987
7638,98043.99999999987
7639,98043.99999999987
7640,98043.99999999987
7641,98043.99999999987
7642,98043.99999999987
7643,98043.99999999987
7644,98043.99999999987
7645,98043.99999999987
7646,98043.99999999987
7647,98043.99999999987
7648,98043.99999999987
7649,98043.99999999987
7650,98043.99999999987
7651,98043.99999999987
7652,98043.99999999987
7653,98043.99999999987
7654,98043.99999999987
7655,98043.99999999987
7656,98043.99999999987
7657,98043.99999999987
7658,98043.99999999987
7659,98043.99999999987
7660,98043.99999999987
7661,98043.99999999987
7662,98043.99999999987
7663,98043.99999999987
7664,98043.99999999987
7665,98043.99999999987
7666,98043.99999999987
7667,98043.99999999987
7668,98043.99999999987
7669,98043.99999999987
7670,98043.99999999987
7671,98043.99999999987
7672,98043.99999999987
7673,98043.99999999987
7674,98043.99999999987
7675,98043.99999999987
7676,98043.99999999987
7677,98043.99999999987
7678,98043.99999999987
7679,98043.99999999987
7680,98043.99999999987
7681,98043.99999999987
7682,98043.99999999987
7683,98043.99999999987
7684,98043.99999999987
7685,98043.99999999987
7686,98043.99999999987
7687,98043.99999999987
7688,98043.99999999987
7689,98043.99999999987
7690,98043.99999999987
7691,98043.99999999987
7692,98043.99999999987
7693,98043.99999999987
7694,98043.99999999987
7695,98043.99999999987
7696,98043.99999999987
7697,98043.99999999987
7698,98043.99999999987
7699,98043.99999999987
7700,98043.99999999987
7701,98043.99999999987
7702,98043.99999999987
7703,98043.99999999987
7704,98043.99999999987
7705,98043.99999999987
7706,98043.99999999987
7707,98043.99999999987
7708,98043.99999999987
7709,98043.99999999987
7710,98043.99999999987
7711,98043.99999999987
7712,98043.99999999987
7713,98043.99999999987
7714,98043.99999999987
7715,98043.99999999987
7716,98043.99999999987
7717,98043.99999999987
7718,98043.99999999987
7719,98043.99999999987
7720,98043.99999999987
7721,98043.99999999987
7722,98043.99999999987
7723,98043.99999999987
7724,98043.99999999987
7725,98043.99999999987
7726,98043.99999999987
7727,98043.99999999987
7728,98043.99999999987
7729,98043.99999999987
7730,98043.99999999987
7731,98043.99999999987
7732,98043.99999999987
7733,98043.99999999987
7734,98043.99999999987
7735,98043.99999999987
7736,98043.99999999987
7737,98043.99999999987
7738,98043.99999999987
7739,98043.99999999987
7740,98043.99999999987
7741,98043.99999999987
7742,98043.99999999987
7743,98043.99999999987
7744,98043.99999999987
7745,98043.99999999987
7746,98043.99999999987
7747,98043.99999999987
7748,98043.99999999987
7749,98043.99999999987
7750,98043.99999999987
7751,98043.99999999987
7752,98043.99999999987
7753,98043.99999999987
7754,98043.99999999987
7755,98043.99999999987
7756,98043.99999999987
7757,98043.99999999987
7758,98043.99999999987
7759,98043.99999999987
7760,98043.99999999987
7761,98043.99999999987
7762,98043.99999999987
7763,98043.99999999987
7764,98043.99999999987
7765,98043.99999999987
7766,98043.99999999987
7767,98043.99999999987
7768,98043.99999999987
7769,98043.99999999987
7770,98043.99999999987
7771,98043.99999999987
7772,98043.99999999987
7773,98043.99999999987
7774,98043.99999999987
7775,98043.99999999987
7776,98043.99999999987
7777,98043.99999999987
7778,98043.99999999987
7779,98043.99999999987
7780,98043.99999999987
7781,98043.99999999987
7782,98043.99999999987
7783,98043.99999999987
7784,98043.99999999987
7785,98043.99999999987
7786,98043.99999999987
7787,98043.99999999987
7788,98043.99999999987
7789,98043.99999999987
7790,98043.99999999987
7791,98043.99999999987
7792,98043.99999999987
7793,98043.99999999987
7794,98043.99999999987
7795,98043.99999999987
7796,98043.99999999987
7797,98043.99999999987
7798,98043.99999999987
7799,98043.99999999987
7800,98043.99999999987
7801,98043.99999999987
7802,98043.99999999987
7803,98043.99999999987
7804,98043.99999999987
7805,98043.99999999987
7806,98043.99999999987
7807,98043.99999999987
7808,98043.99999999987
7809,98043.99999999987
7810,98043.99999999987
7811,98043.99999999987
7812,98043.99999999987
7813,98043.99999999987
7814,98043.99999999987
7815,98043.99999999987
7816,98043.99999999987
7817,98043.99999999987
7818,98043.99999999987
7819,98043.99999999987
7820,98043.99999999987
7821,98043.99999999987
7822,98043.99999999987
7823,98043.99999999987
7824,98043.99999999987
7825,98043.99999999987
7826,98043.99999999987
7827,98043.99999999987
7828,98043.99999999987
7829,98043.99999999987
7830,98043.99999999987
7831,98043.99999999987
7832,98043.99999999987
7833,98043.99999999987
7834,98043.99999999987
7835,98043.99999999987
7836,98043.99999999987
7837,98043.99999999987
7838,98043.99999999987
7839,98043.99999999987
7840,98043.99999999987
7841,98043.99999999987
7842,98043.99999999987
7843,98043.99999999987
7844,98043.99999999987
7845,98043.99999999987
7846,98043.99999999987
7847,98043.99999999987
7848,98043.99999999987
7849,98043.99999999987
7850,98043.99999999987
7851,98043.99999999987
7852,98043.99999999987
7853,98043.99999999987
7854,98043.99999999987
7855,98043.99999999987
7856,98043.99999999987
7857,98043.99999999987
7858,98043.99999999987
7859,98043.99999999987
7860,98043.99999999987
7861,98043.99999999987
7862,98043.99999999987
7863,98043.99999999987
7864,98043.99999999987
7865,98043.99999999987
7866,98043.99999999987
7867,98043.99999999987
7868,98043.99999999987
7869,98043.99999999987
7870,98043.99999999987
7871,98043.99999999987
7872,98043.99999999987
7873,98043.99999999987
7874,98043.99999999987
7875,98043.99999999987
7876,98043.99999999987
7877,98043.99999999987
7878,98043.99999999987
7879,98043.99999999987
7880,98043.99999999987
7881,98043.99999999987
7882,98043.99999999987
7883,98043.99999999987
7884,98043.99999999987
7885,98043.99999999987
7886,98043.99999999987
7887,98043.99999999987
7888,98043.99999999987
7889,98043.99999999987
7890,98043.99999999987
7891,98043.99999999987
7892,98043.99999999987
7893,98043.99999999987
7894,98043.99999999987
7895,98043.99999999987
7896,98043.99999999987
7897,98043.99999999987
7898,98043.99999999987
7899,98043.99999999987
7900,98043.99999999987
7901,98043.99999999987
7902,98043.99999999987
7903,98043.99999999987
7904,98043.99999999987
7905,98043.99999999987
7906,98043.99999999987
7907,98043.99999999987
7908,98043.99999999987
7909,98043.99999999987
7910,98043.99999999987
7911,98043.99999999987
7912,98043.99999999987
7913,98043.99999999987
7914,98043.99999999987
7915,98043.99999999987
7916,98043.99999999987
7917,98043.99999999987
7918,98043.99999999987
7919,98043.99999999987
7920,98043.99999999987
7921,98043.99999999987
7922,98043.99999999987
7923,98043.99999999987
7924,98043.99999999987
7925,98043.99999999987
7926,98043.99999999987
7927,98043.99999999987
7928,98043.99999999987
7929,98043.99999999987
7930,98043.99999999987
7931,98043.99999999987
7932,98043.99999999987
7933,98043.99999999987
7934,98043.99999999987
7935,98043.99999999987
7936,98043.99999999987
7937,98043.99999999987
7938,98043.99999999987
7939,98043.99999999987
7940,98043.99999999987
7941,98043.99999999987
7942,98043.99999999987
7943,98043.99999999987
7944,98043.99999999987
7945,98043.99999999987
7946,98043.99999999987
7947,98043.99999999987
7948,98043.99999999987
7949,98043.99999999987
7950,98043.99999999987
7951,98043.99999999987
7952,98043.99999999987
7953,98043.99999999987
7954,98043.99999999987
7955,98043.99999999987
7956,98043.99999999987
7957,98043.99999999987
7958,98043.99999999987
7959,98043.99999999987
7960,98043.99999999987
7961,98043.99999999987
7962,98043.99999999987
7963,98043.99999999987
7964,98043.99999999987
7965,98043.99999999987
7966,98043.99999999987
7967,98043.99999999987
7968,98043.99999999987
7969,98043.99999999987
7970,98043.99999999987
7971,98043.99999999987
7972,98043.99999999987
7973,98043.99999999987
7974,98043.99999999987
7975,98043.99999999987
7976,98043.99999999987
7977,98043.99999999987
7978,98043.99999999987
7979,98043.99999999987
7980,98043.99999999987
7981,98043.99999999987
7982,98043.99999999987
7983,98043.99999999987
7984,98043.99999999987
7985,98043.99999999987
7986,98043.99999999987
7987,98043.99999999987
7988,98043.99999999987
7989,98043.99999999987
7990,98043.99999999987
7991,98043.99999999987
7992,98043.99999999987
7993,98043.99999999987
7994,98043.99999999987
7995,98043.99999999987
7996,98043.99999999987
7997,98043.99999999987
7998,98043.99999999987
7999,98043.99999999987
8000,98043.99999999987
8001,98043.99999999987
8002,98043.99999999987
8003,98043.99999999987
8004,98043.99999999987
8005,98043.99999999987
8006,98043.99999999987
8007,98043.99999999987
8008,98043.99999999987
8009,98043.99999999987
8010,98043.99999999987
8011,98043.99999999987
8012,98043.99999999987
8013,98043.99999999987
8014,98043.99999999987
8015,98043.99999999987
8016,98043.99999999987
8017,98043.99999999987
8018,98043.99999999987
8019,98043.99999999987
8020,98043.99999999987
8021,98043.99999999987
8022,98043.99999999987
8023,98043.99999999987
8024,98043.99999999987
8025,98043.99999999987
8026,98043.99999999987
8027,98043.99999999987
8028,98043.99999999987
8029,98043.99999999987
8030,98043.99999999987
8031,98043.99999999987
8032,98043.99999999987
8033,98043.99999999987
8034,98043.99999999987
8035,98043.99999999987
8036,98043.99999999987
8037,98043.99999999987
8038,98043.99999999987
8039,98043.99999999987
8040,98043.99999999987
8041,98043.99999999987
8042,98043.99999999987
8043,98043.99999999987
8044,98043.99999999987
8045,98043.99999999987
8046,98043.99999999987
8047,98043.99999999987
8048,98043.99999999987
8049,98043.99999999987
8050,98043.99999999987
8051,98043.99999999987
8052,98043.99999999987
8053,98043.99999999987
8054,98043.99999999987
8055,98043.99999999987
8056,98043.99999999987
8057,98043.99999999987
8058,98043.99999999987
8059,98043.99999999987
8060,98043.99999999987
8061,98043.99999999987
8062,98043.99999999987
8063,98043.99999999987
8064,98043.99999999987
8065,98043.99999999987
8066,98043.99999999987
8067,98043.99999999987
8068,98043.99999999987
8069,98043.99999999987
8070,98043.99999999987
8071,98043.99999999987
8072,98043.99999999987
8073,98043.99999999987
8074,98043.99999999987
8075,98043.99999999987
8076,98043.99999999987
8077,98043.99999999987
8078,98043.99999999987
8079,98043.99999999987
8080,98043.99999999987
8081,98043.99999999987
8082,98043.99999999987
8083,98043.99999999987
8084,98043.99999999987
8085,98043.99999999987
8086,98043.99999999987
8087,98043.99999999987
8088,98043.99999999987
8089,98043.99999999987
8090,98043.99999999987
8091,98043.99999999987
8092,98043.99999999987
8093,98043.99999999987
8094,98043.99999999987
8095,98043.99999999987
8096,98043.99999999987
8097,98043.99999999987
8098,98043.99999999987
8099,98043.99999999987
8100,98043.99999999987
8101,98043.99999999987
8102,98043.99999999987
8103,98043.99999999987
8104,98043.99999999987
8105,98043.99999999987
8106,98043.99999999987
8107,98043.99999999987
8108,98043.99999999987
8109,98043.99999999987
8110,98043.99999999987
8111,98043.99999999987
8112,98043.99999999987
8113,98043.99999999987
8114,98043.99999999987
8115,98043.99999999987
8116,98043.99999999987
8117,98043.99999999987
8118,98043.99999999987
8119,98043.99999999987
8120,98043.99999999987
8121,98043.99999999987
8122,98043.99999999987
8123,98043.99999999987
8124,98043.99999999987
8125,98043.99999999987
8126,98043.99999999987
8127,98043.99999999987
8128,98043.99999999987
8129,98043.99999999987
8130,98043.99999999987
8131,98043.99999999987
8132,98043.99999999987
8133,98043.99999999987
8134,98043.99999999987
8135,98043.99999999987
8136,98043.99999999987
8137,98043.99999999987
8138,98043.99999999987
8139,98043.99999999987
8140,98043.99999999987
8141,98043.99999999987
8142,98043.99999999987
8143,98043.99999999987
8144,98043.99999999987
8145,98043.99999999987
8146,98043.99999999987
8147,98043.99999999987
8148,98043.99999999987
8149,98043.99999999987
8150,98043.99999999987
8151,98043.99999999987
8152,98043.99999999987
8153,98043.99999999987
8154,98043.99999999987
8155,98043.99999999987
8156,98043.99999999987
8157,98043.99999999987
8158,98043.99999999987
8159,98043.99999999987
8160,98043.99999999987
8161,98043.99999999987
8162,98043.99999999987
8163,98043.99999999987
8164,98043.99999999987
8165,98043.99999999987
8166,98043.99999999987
8167,98043.99999999987
8168,98043.99999999987
8169,98043.99999999987
8170,98043.99999999987
8171,98043.99999999987
8172,98043.99999999987
8173,98043.99999999987
8174,98043.99999999987
8175,98043.99999999987
8176,98043.99999999987
8177,98043.99999999987
8178,98043.99999999987
8179,98043.99999999987
8180,98043.99999999987
8181,98043.99999999987
8182,98043.99999999987
8183,98043.99999999987
8184,98043.99999999987
8185,98043.99999999987
8186,98043.99999999987
8187,98043.99999999987
8188,98043.99999999987
8189,98043.99999999987
8190,98043.99999999987
8191,98043.99999999987
8192,98043.99999999987
8193,98043.99999999987
8194,98043.99999999987
8195,98043.99999999987
8196,98043.99999999987
8197,98043.99999999987
8198,98043.99999999987
8199,98043.99999999987
8200,98043.99999999987
8201,98043.99999999987
8202,98043.99999999987
8203,98043.99999999987
8204,98043.99999999987
8205,98043.99999999987
8206,98043.99999999987
8207,98043.99999999987
8208,98043.99999999987
8209,98043.99999999987
8210,98043.99999999987
8211,98043.99999999987
8212,98043.99999999987
8213,98043.99999999987
8214,98043.99999999987
8215,98043.99999999987
8216,98043.99999999987
8217,98043.99999999987
8218,98043.99999999987
8219,98043.99999999987
8220,98043.99999999987
8221,98043.99999999987
8222,98043.99999999987
8223,98043.99999999987
8224,98043.99999999987
8225,98043.99999999987
8226,98043.99999999987
8227,98043.99999999987
8228,98043.99999999987
8229,98043.99999999987
8230,98043.99999999987
8231,98043.99999999987
8232,98043.99999999987
8233,98043.99999999987
8234,98043.99999999987
8235,98043.99999999987
8236,98043.99999999987
8237,98043.99999999987
8238,98043.99999999987
8239,98043.99999999987
8240,98043.99999999987
8241,98043.99999999987
8242,98043.99999999987
8243,98043.99999999987
8244,98043.99999999987
8245,98043.99999999987
8246,98043.99999999987
8247,98043.99999999987
8248,98043.99999999987
8249,98043.99999999987
8250,98043.99999999987
8251,98043.99999999987
8252,98043.99999999987
8253,98043.99999999987
8254,98043.99999999987
8255,98043.99999999987
8256,98043.99999999987
8257,98043.99999999987
8258,98043.99999999987
8259,98043.99999999987
8260,98043.99999999987
8261,98043.99999999987
8262,98043.99999999987
8263,98043.99999999987
8264,98043.99999999987
8265,98043.99999999987
8266,98043.99999999987
8267,98043.99999999987
8268,98043.99999999987
8269,98043.99999999987
8270,98043.99999999987
8271,98043.99999999987
8272,98043.99999999987
8273,98043.99999999987
8274,98043.99999999987
8275,98043.99999999987
8276,98043.99999999987
8277,98043.99999999987
8278,98043.99999999987
8279,98043.99999999987
8280,98043.99999999987
8281,98043.99999999987
8282,98043.99999999987
8283,98043.99999999987
8284,98043.99999999987
8285,98043.99999999987
8286,98043.99999999987
8287,98043.99999999987
8288,98043.99999999987
8289,98043.99999999987
8290,98043.99999999987
8291,98043.99999999987
8292,98043.99999999987
8293,98043.99999999987
8294,98043.99999999987
8295,98043.99999999987
8296,98043.99999999987
8297,98043.99999999987
8298,98043.99999999987
8299,98043.99999999987
8300,98043.99999999987
8301,98043.99999999987
8302,98043.99999999987
8303,98043.99999999987
8304,98043.99999999987
8305,98043.99999999987
8306,98043.99999999987
8307,98043.99999999987
8308,98043.99999999987
8309,98043.99999999987
8310,98043.99999999987
8311,98043.99999999987
8312,98043.99999999987
8313,98043.99999999987
8314,98043.99999999987
8315,98043.99999999987
8316,98043.99999999987
8317,98043.99999999987
8318,98043.99999999987
8319,98043.99999999987
8320,98043.99999999987
8321,98043.99999999987
8322,98043.99999999987
8323,98043.99999999987
8324,98043.99999999987
8325,98043.99999999987
8326,98043.99999999987
8327,98043.99999999987
8328,98043.99999999987
8329,98043.99999999987
8330,98043.99999999987
8331,98043.99999999987
8332,98043.99999999987
8333,98043.99999999987
8334,98043.99999999987
8335,98043.99999999987
8336,98043.99999999987
8337,98043.99999999987
8338,98043.99999999987
8339,98043.99999999987
8340,98043.99999999987
8341,98043.99999999987
8342,98043.99999999987
8343,98043.99999999987
8344,98043.99999999987
8345,98043.99999999987
8346,98043.99999999987
8347,98043.99999999987
8348,98043.99999999987
8349,98043.99999999987
8350,98043.99999999987
8351,98043.99999999987
8352,98043.99999999987
8353,98043.99999999987
8354,98043.99999999987
8355,98043.99999999987
8356,98043.99999999987
8357,98043.99999999987
8358,98043.99999999987
8359,98043.99999999987
8360,98043.99999999987
8361,98043.99999999987
8362,98043.99999999987
8363,98043.99999999987
8364,98043.99999999987
8365,98043.99999999987
8366,98043.99999999987
8367,98043.99999999987
8368,98043.99999999987
8369,98043.99999999987
8370,98043.99999999987
8371,98043.99999999987
8372,98043.99999999987
8373,98043.99999999987
8374,98043.99999999987
8375,98043.99999999987
8376,98043.99999999987
8377,98043.99999999987
8378,98043.99999999987
8379,98043.99999999987
8380,98043.99999999987
8381,98043.99999999987
8382,98043.99999999987
8383,98043.99999999987
8384,98043.99999999987
8385,98043.99999999987
8386,98043.99999999987
8387,98043.99999999987
8388,98043.99999999987
8389,98043.99999999987
8390,98043.99999999987
8391,98043.99999999987
8392,98043.99999999987
8393,98043.99999999987
8394,98043.99999999987
8395,98043.99999999987
8396,98043.99999999987
8397,98043.99999999987
8398,98043.99999999987
8399,98043.99999999987
8400,98043.99999999987
8401,98043.99999999987
8402,98043.99999999987
8403,98043.99999999987
8404,98043.99999999987
8405,98043.99999999987
8406,98043.99999999987
8407,98043.99999999987
8408,98043.99999999987
8409,98043.99999999987
8410,98043.99999999987
8411,98043.99999999987
8412,98043.99999999987
8413,98043.99999999987
8414,98043.99999999987
8415,98043.99999999987
8416,98043.99999999987
8417,98043.99999999987
8418,98043.99999999987
8419,98043.99999999987
8420,98043.99999999987
8421,98043.99999999987
8422,98043.99999999987
8423,98043.99999999987
8424,98043.99999999987
8425,98043.99999999987
8426,98043.99999999987
8427,98043.99999999987
8428,98043.99999999987
8429,98043.99999999987
8430,98043.99999999987
8431,98043.99999999987
8432,98043.99999999987
8433,98043.99999999987
8434,98043.99999999987
8435,98043.99999999987
8436,98043.99999999987
8437,98043.99999999987
8438,98043.99999999987
8439,98043.99999999987
8440,98043.99999999987
8441,98043.99999999987
8442,98043.99999999987
8443,98043.99999999987
8444,98043.99999999987
8445,98043.99999999987
8446,98043.99999999987
8447,98043.99999999987
8448,98043.99999999987
8449,98043.99999999987
8450,98043.99999999987
8451,98043.99999999987
8452,98043.99999999987
8453,98043.99999999987
8454,98043.99999999987
8455,98043.99999999987
8456,98043.99999999987
8457,98043.99999999987
8458,98043.99999999987
8459,98043.99999999987
8460,98043.99999999987
8461,98043.99999999987
8462,98043.99999999987
8463,98043.99999999987
8464,98043.99999999987
8465,98043.99999999987
8466,98043.99999999987
8467,98043.99999999987
8468,98043.99999999987
8469,98043.99999999987
8470,98043.99999999987
8471,98043.99999999987
8472,98043.99999999987
8473,98043.99999999987
8474,98043.99999999987
8475,98043.99999999987
8476,98043.99999999987
8477,98043.99999999987
8478,98043.99999999987
8479,98043.99999999987
8480,98043.99999999987
8481,98043.99999999987
8482,98043.99999999987
8483,98043.99999999987
8484,98043.99999999987
8485,98043.99999999987
8486,98043.99999999987
8487,98043.99999999987
8488,98043.99999999987
8489,98043.99999999987
8490,98043.99999999987
8491,98043.99999999987
8492,98043.99999999987
8493,98043.99999999987
8494,98043.99999999987
8495,98043.99999999987
8496,98043.99999999987
8497,98043.99999999987
8498,98043.99999999987
8499,98043.99999999987
8500,98043.99999999987
8501,98043.99999999987
8502,98043.99999999987
8503,98043.99999999987
8504,98043.99999999987
8505,98043.99999999987
8506,98043.99999999987
8507,98043.99999999987
8508,98043.99999999987
8509,98043.99999999987
8510,98043.99999999987
8511,98043.99999999987
8512,98043.99999999987
8513,98043.99999999987
8514,98043.99999999987
8515,98043.99999999987
8516,98043.99999999987
8517,98043.99999999987
8518,98043.99999999987
8519,98043.99999999987
8520,98043.99999999987
8521,98043.99999999987
8522,98043.99999999987
8523,98043.99999999987
8524,98043.99999999987
8525,98043.99999999987
8526,98043.99999999987
8527,98043.99999999987
8528,98043.99999999987
8529,98043.99999999987
8530,98043.99999999987
8531,98043.99999999987
8532,98043.99999999987
8533,98043.99999999987
8534,98043.99999999987
8535,98043.99999999987
8536,98043.99999999987
8537,98043.99999999987
8538,98043.99999999987
8539,98043.99999999987
8540,98043.99999999987
8541,98043.99999999987
8542,98043.99999999987
8543,98043.99999999987
8544,98043.99999999987
8545,98043.99999999987
8546,98043.99999999987
8547,98043.99999999987
8548,98043.99999999987
8549,98043.99999999987
8550,98043.99999999987
8551,98043.99999999987
8552,98043.99999999987
8553,98043.99999999987
8554,98043.99999999987
8555,98043.99999999987
8556,98043.99999999987
8557,98043.99999999987
8558,98043.99999999987
8559,98043.99999999987
8560,98043.99999999987
8561,98043.99999999987
8562,98043.99999999987
8563,98043.99999999987
8564,98043.99999999987
8565,98043.99999999987
8566,98043.99999999987
8567,98043.99999999987
8568,98043.99999999987
8569,98043.99999999987
8570,98043.99999999987
8571,98043.99999999987
8572,98043.99999999987
8573,98043.99999999987
8574,98043.99999999987
8575,98043.99999999987
8576,98043.99999999987
8577,98043.99999999987
8578,98043.99999999987
8579,98043.99999999987
8580,98043.99999999987
8581,98043.99999999987
8582,98043.99999999987
8583,98043.99999999987
8584,98043.99999999987
8585,98043.99999999987
8586,98043.99999999987
8587,98043.99999999987
8588,98043.99999999987
8589,98043.99999999987
8590,98043.99999999987
8591,98043.99999999987
8592,98043.99999999987
8593,98043.99999999987
8594,98043.99999999987
8595,98043.99999999987
8596,98043.99999999987
8597,98043.99999999987
8598,98043.99999999987
8599,98043.99999999987
8600,98043.99999999987
8601,98043.99999999987
8602,98043.99999999987
8603,98043.99999999987
8604,98043.99999999987
8605,98043.99999999987
8606,98043.99999999987
8607,98043.99999999987
8608,98043.99999999987
8609,98043.99999999987
8610,98043.99999999987
8611,98043.99999999987
8612,98043.99999999987
8613,98043.99999999987
8614,98043.99999999987
8615,98043.99999999987
8616,98043.99999999987
8617,98043.99999999987
8618,98043.99999999987
8619,98043.99999999987
8620,98043.99999999987
8621,98043.99999999987
8622,98043.99999999987
8623,98043.99999999987
8624,98043.99999999987
8625,98043.99999999987
8626,98043.99999999987
8627,98043.99999999987
8628,98043.99999999987
8629,98043.99999999987
8630,98043.99999999987
8631,98043.99999999987
8632,98043.99999999987
8633,98043.99999999987
8634,98043.99999999987
8635,98043.99999999987
8636,98043.99999999987
8637,98043.99999999987
8638,98043.99999999987
8639,98043.99999999987
8640,98043.99999999987
8641,98043.99999999987
8642,98043.99999999987
8643,98043.99999999987
8644,98043.99999999987
8645,98043.99999999987
8646,98043.99999999987
8647,98043.99999999987
8648,98043.99999999987
8649,98043.99999999987
8650,98043.99999999987
8651,98043.99999999987
8652,98043.99999999987
8653,98043.99999999987
8654,98043.99999999987
8655,98043.99999999987
8656,98043.99999999987
8657,98043.99999999987
8658,98043.99999999987
8659,98043.99999999987
8660,98043.99999999987
8661,98043.99999999987
8662,98043.99999999987
8663,98043.99999999987
8664,98043.99999999987
8665,98043.99999999987
8666,98043.99999999987
8667,98043.99999999987
8668,98043.99999999987
8669,98043.99999999987
8670,98043.99999999987
8671,98043.99999999987
8672,98043.99999999987
8673,98043.99999999987
8674,98043.99999999987
8675,98043.99999999987
8676,98043.99999999987
8677,98043.99999999987
8678,98043.99999999987
8679,98043.99999999987
8680,98043.99999999987
8681,98043.99999999987
8682,98043.99999999987
8683,98043.99999999987
8684,98043.99999999987
8685,98043.99999999987
8686,98043.99999999987
8687,98043.99999999987
8688,98043.99999999987
8689,98043.99999999987
8690,98043.99999999987
8691,98043.99999999987
8692,98043.99999999987
8693,98043.99999999987
8694,98043.99999999987
8695,98043.99999999987
8696,98043.99999999987
8697,98043.99999999987
8698,98043.99999999987
8699,98043.99999999987
8700,98043.99999999987
8701,98043.99999999987
8702,98043.99999999987
8703,98043.99999999987
8704,98043.99999999987
8705,98043.99999999987
8706,98043.99999999987
8707,98043.99999999987
8708,98043.99999999987
8709,98043.99999999987
8710,98043.99999999987
8711,98043.99999999987
8712,98043.99999999987
8713,98043.99999999987
8714,98043.99999999987
8715,98043.99999999987
8716,98043.99999999987
8717,98043.99999999987
8718,98043.99999999987
8719,98043.99999999987
8720,98043.99999999987
8721,98043.99999999987
8722,98043.99999999987
8723,98043.99999999987
8724,98043.99999999987
8725,98043.99999999987
8726,98043.99999999987
8727,98043.99999999987
8728,98043.99999999987
8729,98043.99999999987
8730,98043.99999999987
8731,98043.99999999987
8732,98043.99999999987
8733,98043.99999999987
8734,98043.99999999987
8735,98043.99999999987
8736,98043.99999999987
8737,98043.99999999987
8738,98043.99999999987
8739,98043.99999999987
8740,98043.99999999987
8741,98043.99999999987
8742,98043.99999999987
8743,98043.99999999987
8744,98043.99999999987
8745,98043.99999999987
8746,98043.99999999987
8747,98043.99999999987
8748,98043.99999999987
8749,98043.99999999987
8750,98043.99999999987
8751,98043.99999999987
8752,98043.99999999987
8753,98043.99999999987
8754,98043.99999999987
8755,98043.99999999987
8756,98043.99999999987
8757,98043.99999999987
8758,98043.99999999987
8759,98043.99999999987
8760,98043.99999999987
8761,98043.99999999987
8762,98043.99999999987
8763,98043.99999999987
8764,98043.99999999987
8765,98043.99999999987
8766,98043.99999999987
8767,98043.99999999987
8768,98043.99999999987
8769,98043.99999999987
8770,98043.99999999987
8771,98043.99999999987
8772,98043.99999999987
8773,98043.99999999987
8774,98043.99999999987
8775,98043.99999999987
8776,98043.99999999987
8777,98043.99999999987
8778,98043.99999999987
8779,98043.99999999987
8780,98043.99999999987
8781,98043.99999999987
8782,98043.99999999987
8783,98043.99999999987
8784,98043.99999999987
8785,98043.99999999987
8786,98043.99999999987
8787,98043.99999999987
8788,98043.99999999987
8789,98043.99999999987
8790,98043.99999999987
8791,98043.99999999987
8792,98043.99999999987
8793,98043.99999999987
8794,98043.99999999987
8795,98043.99999999987
8796,98043.99999999987
8797,98043.99999999987
8798,98043.99999999987
8799,98043.99999999987
8800,98043.99999999987
8801,98043.99999999987
8802,98043.99999999987
8803,98043.99999999987
8804,98043.99999999987
8805,98043.99999999987
8806,98043.99999999987
8807,98043.99999999987
8808,98043.99999999987
8809,98043.99999999987
8810,98043.99999999987
8811,98043.99999999987
8812,98043.99999999987
8813,98043.99999999987
8814,98043.99999999987
8815,98043.99999999987
8816,98043.99999999987
8817,98043.99999999987
8818,98043.99999999987
8819,98043.99999999987
8820,98043.99999999987
8821,98043.99999999987
8822,98043.99999999987
8823,98043.99999999987
8824,98043.99999999987
8825,98043.99999999987
8826,98043.99999999987
8827,98043.99999999987
8828,98043.99999999987
8829,98043.99999999987
8830,98043.99999999987
8831,98043.99999999987
8832,98043.99999999987
8833,98043.99999999987
8834,98043.99999999987
8835,98043.99999999987
8836,98043.99999999987
8837,98043.99999999987
8838,98043.99999999987
8839,98043.99999999987
8840,98043.99999999987
8841,98043.99999999987
8842,98043.99999999987
8843,98043.99999999987
8844,98043.99999999987
8845,98043.99999999987
8846,98043.99999999987
8847,98043.99999999987
8848,98043.99999999987
8849,98043.99999999987
8850,98043.99999999987
8851,98043.99999999987
8852,98043.99999999987
8853,98043.99999999987
8854,98043.99999999987
8855,98043.99999999987
8856,98043.99999999987
8857,98043.99999999987
8858,98043.99999999987
8859,98043.99999999987
8860,98043.99999999987
8861,98043.99999999987
8862,98043.99999999987
8863,98043.99999999987
8864,98043.99999999987
8865,98043.99999999987
8866,98043.99999999987
8867,98043.99999999987
8868,98043.99999999987
8869,98043.99999999987
8870,98043.99999999987
8871,98043.99999999987
8872,98043.99999999987
8873,98043.99999999987
8874,98043.99999999987
8875,98043.99999999987
8876,98043.99999999987
8877,98043.99999999987
8878,98043.99999999987
8879,98043.99999999987
8880,98043.99999999987
8881,98043.99999999987
8882,98043.99999999987
8883,98043.99999999987
8884,98043.99999999987
8885,98043.99999999987
8886,98043.99999999987
8887,98043.99999999987
8888,98043.99999999987
8889,98043.99999999987
8890,98043.99999999987
8891,98043.99999999987
8892,98043.99999999987
8893,98043.99999999987
8894,98043.99999999987
8895,98043.99999999987
8896,98043.99999999987
8897,98043.99999999987
8898,98043.99999999987
8899,98043.99999999987
8900,98043.99999999987
8901,98043.99999999987
8902,98043.99999999987
8903,98043.99999999987
8904,98043.99999999987
8905,98043.99999999987
8906,98043.99999999987
8907,98043.99999999987
8908,98043.99999999987
8909,98043.99999999987
8910,98043.99999999987
8911,98043.99999999987
8912,98043.99999999987
8913,98043.99999999987
8914,98043.99999999987
8915,98043.99999999987
8916,98043.99999999987
8917,98043.99999999987
8918,98043.99999999987
8919,98043.99999999987
8920,98043.99999999987
8921,98043.99999999987
8922,98043.99999999987
8923,98043.99999999987
8924,98043.99999999987
8925,98043.99999999987
8926,98043.99999999987
8927,98043.99999999987
8928,98043.99999999987
8929,98043.99999999987
8930,98043.99999999987
8931,98043.99999999987
8932,98043.99999999987
8933,98043.99999999987
8934,98043.99999999987
8935,98043.99999999987
8936,98043.99999999987
8937,98043.99999999987
8938,98043.99999999987
8939,98043.99999999987
8940,98043.99999999987
8941,98043.99999999987
8942,98043.99999999987
8943,98043.99999999987
8944,98043.99999999987
8945,98043.99999999987
8946,98043.99999999987
8947,98043.99999999987
8948,98043.99999999987
8949,98043.99999999987
8950,98043.99999999987
8951,98043.99999999987
8952,98043.99999999987
8953,98043.99999999987
8954,98043.99999999987
8955,98043.99999999987
8956,98043.99999999987
8957,98043.99999999987
8958,98043.99999999987
8959,98043.99999999987
8960,98043.99999999987
8961,98043.99999999987
8962,98043.99999999987
8963,98043.99999999987
8964,98043.99999999987
8965,98043.99999999987
8966,98043.99999999987
8967,98043.99999999987
8968,98043.99999999987
8969,98043.99999999987
8970,98043.99999999987
8971,98043.99999999987
8972,98043.99999999987
8973,98043.99999999987
8974,98043.99999999987
8975,98043.99999999987
8976,98043.99999999987
8977,98043.99999999987
8978,98043.99999999987
8979,98043.99999999987
8980,98043.99999999987
8981,98043.99999999987
8982,98043.99999999987
8983,98043.99999999987
8984,98043.99999999987
8985,98043.99999999987
8986,98043.99999999987
8987,98043.99999999987
8988,98043.99999999987
8989,98043.99999999987
8990,98043.99999999987
8991,98043.99999999987
8992,98043.99999999987
8993,98043.99999999987
8994,98043.99999999987
8995,98043.99999999987
8996,98043.99999999987
8997,98043.99999999987
8998,98043.99999999987
8999,98043.99999999987
9000,98043.99999999987
9001,98043.99999999987
9002,98043.99999999987
9003,98043.99999999987
9004,98043.99999999987
9005,98043.99999999987
9006,98043.99999999987
9007,98043.99999999987
9008,98043.99999999987
9009,98043.99999999987
9010,98043.99999999987
9011,98043.99999999987
9012,98043.99999999987
9013,98043.99999999987
9014,98043.99999999987
9015,98043.99999999987
9016,98043.99999999987
9017,98043.99999999987
9018,98043.99999999987
9019,98043.99999999987
9020,98043.99999999987
9021,98043.99999999987
9022,98043.99999999987
9023,98043.99999999987
9024,98043.99999999987
9025,98043.99999999987
9026,98043.99999999987
9027,98043.99999999987
9028,98043.99999999987
9029,98043.99999999987
9030,98043.99999999987
9031,98043.99999999987
9032,98043.99999999987
9033,98043.99999999987
9034,98043.99999999987
9035,98043.99999999987
9036,98043.99999999987
9037,98043.99999999987
9038,98043.99999999987
9039,98043.99999999987
9040,98043.99999999987
9041,98043.99999999987
9042,98043.99999999987
9043,98043.99999999987
9044,98043.99999999987
9045,98043.99999999987
9046,98043.99999999987
9047,98043.99999999987
9048,98043.99999999987
9049,98043.99999999987
9050,98043.99999999987
9051,98043.99999999987
9052,98043.99999999987
9053,98043.99999999987
9054,98043.99999999987
9055,98043.99999999987
9056,98043.99999999987
9057,98043.99999999987
9058,98043.99999999987
9059,98043.99999999987
9060,98043.99999999987
9061,98043.99999999987
9062,98043.99999999987
9063,98043.99999999987
9064,98043.99999999987
9065,98043.99999999987
9066,98043.99999999987
9067,98043.99999999987
9068,98043.99999999987
9069,98043.99999999987
9070,98043.99999999987
9071,98043.99999999987
9072,98043.99999999987
9073,98043.99999999987
9074,98043.99999999987
9075,98043.99999999987
9076,98043.99999999987
9077,98043.99999999987
9078,98043.99999999987
9079,98043.99999999987
9080,98043.99999999987
9081,98043.99999999987
9082,98043.99999999987
9083,98043.99999999987
9084,98043.99999999987
9085,98043.99999999987
9086,98043.99999999987
9087,98043.99999999987
9088,98043.99999999987
9089,98043.99999999987
9090,98043.99999999987
9091,98043.99999999987
9092,98043.99999999987
9093,98043.99999999987
9094,98043.99999999987
9095,98043.99999999987
9096,98043.99999999987
9097,98043.99999999987
9098,98043.99999999987
9099,98043.99999999987
9100,98043.99999999987
9101,98043.99999999987
9102,98043.99999999987
9103,98043.99999999987
9104,98043.99999999987
9105,98043.99999999987
9106,98043.99999999987
9107,98043.99999999987
9108,98043.99999999987
9109,98043.99999999987
9110,98043.99999999987
9111,98043.99999999987
9112,98043.99999999987
9113,98043.99999999987
9114,98043.99999999987
9115,98043.99999999987
9116,98043.99999999987
9117,98043.99999999987
9118,98043.99999999987
9119,98043.99999999987
9120,98043.99999999987
9121,98043.99999999987
9122,98043.99999999987
9123,98043.99999999987
9124,98043.99999999987
9125,98043.99999999987
9126,98043.99999999987
9127,98043.99999999987
9128,98043.99999999987
9129,98043.99999999987
9130,98043.99999999987
9131,98043.99999999987
9132,98043.99999999987
9133,98043.99999999987
9134,98043.99999999987
9135,98043.99999999987
9136,98043.99999999987
9137,98043.99999999987
9138,98043.99999999987
9139,98043.99999999987
9140,98043.99999999987
9141,98043.99999999987
9142,98043.99999999987
9143,98043.99999999987
9144,98043.99999999987
9145,98043.99999999987
9146,98043.99999999987
9147,98043.99999999987
9148,98043.99999999987
9149,98043.99999999987
9150,98043.99999999987
9151,98043.99999999987
9152,98043.99999999987
9153,98043.99999999987
9154,98043.99999999987
9155,98043.99999999987
9156,98043.99999999987
9157,98043.99999999987
9158,98043.99999999987
9159,98043.99999999987
9160,98043.99999999987
9161,98043.99999999987
9162,98043.99999999987
9163,98043.99999999987
9164,98043.99999999987
9165,98043.99999999987
9166,98043.99999999987
9167,98043.99999999987
9168,98043.99999999987
9169,98043.99999999987
9170,98043.99999999987
9171,98043.99999999987
9172,98043.99999999987
9173,98043.99999999987
9174,98043.99999999987
9175,98043.99999999987
9176,98043.99999999987
9177,98043.99999999987
9178,98043.99999999987
9179,98043.99999999987
9180,98043.99999999987
9181,98043.99999999987
9182,98043.99999999987
9183,98043.99999999987
9184,98043.99999999987
9185,98043.99999999987
9186,98043.99999999987
9187,98043.99999999987
9188,98043.99999999987
9189,98043.99999999987
9190,98043.99999999987
9191,98043.99999999987
9192,98043.99999999987
9193,98043.99999999987
9194,98043.99999999987
9195,98043.99999999987
9196,98043.99999999987
9197,98043.99999999987
9198,98043.99999999987
9199,98043.99999999987
9200,98043.99999999987
9201,98043.99999999987
9202,98043.99999999987
9203,98043.99999999987
9204,98043.99999999987
9205,98043.99999999987
9206,98043.99999999987
9207,98043.99999999987
9208,98043.99999999987
9209,98043.99999999987
9210,98043.99999999987
9211,98043.99999999987
9212,98043.99999999987
9213,98043.99999999987
9214,98043.99999999987
9215,98043.99999999987
9216,98043.99999999987
9217,98043.99999999987
9218,98043.99999999987
9219,98043.99999999987
9220,98043.99999999987
9221,98043.99999999987
9222,98043.99999999987
9223,98043.99999999987
9224,98043.99999999987
9225,98043.99999999987
9226,98043.99999999987
9227,98043.99999999987
9228,98043.99999999987
9229,98043.99999999987
9230,98043.99999999987
9231,98043.99999999987
9232,98043.99999999987
9233,98043.99999999987
9234,98043.99999999987
9235,98043.99999999987
9236,98043.99999999987
9237,98043.99999999987
9238,98043.99999999987
9239,98043.99999999987
9240,98043.99999999987
9241,98043.99999999987
9242,98043.99999999987
9243,98043.99999999987
9244,98043.99999999987
9245,98043.99999999987
9246,98043.99999999987
9247,98043.99999999987
9248,98043.99999999987
9249,98043.99999999987
9250,98043.99999999987
9251,98043.99999999987
9252,98043.99999999987
9253,98043.99999999987
9254,98043.99999999987
9255,98043.99999999987
9256,98043.99999999987
9257,98043.99999999987
9258,98043.99999999987
9259,98043.99999999987
9260,98043.99999999987
9261,98043.99999999987
9262,98043.99999999987
9263,98043.99999999987
9264,98043.99999999987
9265,98043.99999999987
9266,98043.99999999987
9267,98043.99999999987
9268,98043.99999999987
9269,98043.99999999987
9270,98043.99999999987
9271,98043.99999999987
9272,98043.99999999987
9273,98043.99999999987
9274,98043.99999999987
9275,98043.99999999987
9276,98043.99999999987
9277,98043.99999999987
9278,98043.99999999987
9279,98043.99999999987
9280,98043.99999999987
9281,98043.99999999987
9282,98043.99999999987
9283,98043.99999999987
9284,98043.99999999987
9285,98043.99999999987
9286,98043.99999999987
9287,98043.99999999987
9288,98043.99999999987
9289,98043.99999999987
9290,98043.99999999987
9291,98043.99999999987
9292,98043.99999999987
9293,98043.99999999987
9294,98043.99999999987
9295,98043.99999999987
9296,98043.99999999987
9297,98043.99999999987
9298,98043.99999999987
9299,98043.99999999987
9300,98043.99999999987
9301,98043.99999999987
9302,98043.99999999987
9303,98043.99999999987
9304,98043.99999999987
9305,98043.99999999987
9306,98043.99999999987
9307,98043.99999999987
9308,98043.99999999987
9309,98043.99999999987
9310,98043.99999999987
9311,98043.99999999987
9312,98043.99999999987
9313,98043.99999999987
9314,98043.99999999987
9315,98043.99999999987
9316,98043.99999999987
9317,98043.99999999987
9318,98043.99999999987
9319,98043.99999999987
9320,98043.99999999987
9321,98043.99999999987
9322,98043.99999999987
9323,98043.99999999987
9324,98043.99999999987
9325,98043.99999999987
9326,98043.99999999987
9327,98043.99999999987
9328,98043.99999999987
9329,98043.99999999987
9330,98043.99999999987
9331,98043.99999999987
9332,98043.99999999987
9333,98043.99999999987
9334,98043.99999999987
9335,98043.99999999987
9336,98043.99999999987
9337,98043.99999999987
9338,98043.99999999987
9339,98043.99999999987
9340,98043.99999999987
9341,98043.99999999987
9342,98043.99999999987
9343,98043.99999999987
9344,98043.99999999987
9345,98043.99999999987
9346,98043.99999999987
9347,98043.99999999987
9348,98043.99999999987
9349,98043.99999999987
9350,98043.99999999987
9351,98043.99999999987
9352,98043.99999999987
9353,98043.99999999987
9354,98043.99999999987
9355,98043.99999999987
9356,98043.99999999987
9357,98043.99999999987
9358,98043.99999999987
9359,98043.99999999987
9360,98043.99999999987
9361,98043.99999999987
9362,98043.99999999987
9363,98043.99999999987
9364,98043.99999999987
9365,98043.99999999987
9366,98043.99999999987
9367,98043.99999999987
9368,98043.99999999987
9369,98043.99999999987
9370,98043.99999999987
9371,98043.99999999987
9372,98043.99999999987
9373,98043.99999999987
9374,98043.99999999987
9375,98043.99999999987
9376,98043.99999999987
9377,98043.99999999987
9378,98043.99999999987
9379,98043.99999999987
9380,98043.99999999987
9381,98043.99999999987
9382,98043.99999999987
9383,98043.99999999987
9384,98043.99999999987
9385,98043.99999999987
9386,98043.99999999987
9387,98043.99999999987
9388,98043.99999999987
9389,98043.99999999987
9390,98043.99999999987
9391,98043.99999999987
9392,98043.99999999987
9393,98043.99999999987
9394,98043.99999999987
9395,98043.99999999987
9396,98043.99999999987
9397,98043.99999999987
9398,98043.99999999987
9399,98043.99999999987
9400,98043.99999999987
9401,98043.99999999987
9402,98043.99999999987
9403,98043.99999999987
9404,98043.99999999987
9405,98043.99999999987
9406,98043.99999999987
9407,98043.99999999987
9408,98043.99999999987
9409,98043.99999999987
9410,98043.99999999987
9411,98043.99999999987
9412,98043.99999999987
9413,98043.99999999987
9414,98043.99999999987
9415,98043.99999999987
9416,98043.99999999987
9417,98043.99999999987
9418,98043.99999999987
9419,98043.99999999987
9420,98043.99999999987
9421,98043.99999999987
9422,98043.99999999987
9423,98043.99999999987
9424,98043.99999999987
9425,98043.99999999987
9426,98043.99999999987
9427,98043.99999999987
9428,98043.99999999987
9429,98043.99999999987
9430,98043.99999999987
9431,98043.99999999987
9432,98043.99999999987
9433,98043.99999999987
9434,98043.99999999987
9435,98043.99999999987
9436,98043.99999999987
9437,98043.99999999987
9438,98043.99999999987
9439,98043.99999999987
9440,98043.99999999987
9441,98043.99999999987
9442,98043.99999999987
9443,98043.99999999987
9444,98043.99999999987
9445,98043.99999999987
9446,98043.99999999987
9447,98043.99999999987
9448,98043.99999999987
9449,98043.99999999987
9450,98043.99999999987
9451,98043.99999999987
9452,98043.99999999987
9453,98043.99999999987
9454,98043.99999999987
9455,98043.99999999987
9456,98043.99999999987
9457,98043.99999999987
9458,98043.99999999987
9459,98043.99999999987
9460,98043.99999999987
9461,98043.99999999987
9462,98043.99999999987
9463,98043.99999999987
9464,98043.99999999987
9465,98043.99999999987
9466,98043.99999999987
9467,98043.99999999987
9468,98043.99999999987
9469,98043.99999999987
9470,98043.99999999987
9471,98043.99999999987
9472,98043.99999999987
9473,98043.99999999987
9474,98043.99999999987
9475,98043.99999999987
9476,98043.99999999987
9477,98043.99999999987
9478,98043.99999999987
9479,98043.99999999987
9480,98043.99999999987
9481,98043.99999999987
9482,98043.99999999987
9483,98043.99999999987
9484,98043.99999999987
9485,98043.99999999987
9486,98043.99999999987
9487,98043.99999999987
9488,98043.99999999987
9489,98043.99999999987
9490,98043.99999999987
9491,98043.99999999987
9492,98043.99999999987
9493,98043.99999999987
9494,98043.99999999987
9495,98043.99999999987
9496,98043.99999999987
9497,98043.99999999987
9498,98043.99999999987
9499,98043.99999999987
9500,98043.99999999987
9501,98043.99999999987
9502,98043.99999999987
9503,98043.99999999987
9504,98043.99999999987
9505,98043.99999999987
9506,98043.99999999987
9507,98043.99999999987
9508,98043.99999999987
9509,98043.99999999987
9510,98043.99999999987
9511,98043.99999999987
9512,98043.99999999987
9513,98043.99999999987
9514,98043.99999999987
9515,98043.99999999987
9516,98043.99999999987
9517,98043.99999999987
9518,98043.99999999987
9519,98043.99999999987
9520,98043.99999999987
9521,98043.99999999987
9522,98043.99999999987
9523,98043.99999999987
9524,98043.99999999987
9525,98043.99999999987
9526,98043.99999999987
9527,98043.99999999987
9528,98043.99999999987
9529,98043.99999999987
9530,98043.99999999987
9531,98043.99999999987
9532,98043.99999999987
9533,98043.99999999987
9534,98043.99999999987
9535,98043.99999999987
9536,98043.99999999987
9537,98043.99999999987
9538,98043.99999999987
9539,98043.99999999987
9540,98043.99999999987
9541,98043.99999999987
9542,98043.99999999987
9543,98043.99999999987
9544,98043.99999999987
9545,98043.99999999987
9546,98043.99999999987
9547,98043.99999999987
9548,98043.99999999987
9549,98043.99999999987
9550,98043.99999999987
9551,98043.99999999987
9552,98043.99999999987
9553,98043.99999999987
9554,98043.99999999987
9555,98043.99999999987
9556,98043.99999999987
9557,98043.99999999987
9558,98043.99999999987
9559,98043.99999999987
9560,98043.99999999987
9561,98043.99999999987
9562,98043.99999999987
9563,98043.99999999987
9564,98043.99999999987
9565,98043.99999999987
9566,98043.99999999987
9567,98043.99999999987
9568,98043.99999999987
9569,98043.99999999987
9570,98043.99999999987
9571,98043.99999999987
9572,98043.99999999987
9573,98043.99999999987
9574,98043.99999999987
9575,98043.99999999987
9576,98043.99999999987
9577,98043.99999999987
9578,98043.99999999987
9579,98043.99999999987
9580,98043.99999999987
9581,98043.99999999987
9582,98043.99999999987
9583,98043.99999999987
9584,98043.99999999987
9585,98043.99999999987
9586,98043.99999999987
9587,98043.99999999987
9588,98043.99999999987
9589,98043.99999999987
9590,98043.99999999987
9591,98043.99999999987
9592,98043.99999999987
9593,98043.99999999987
9594,98043.99999999987
9595,98043.99999999987
9596,98043.99999999987
9597,98043.99999999987
9598,98043.99999999987
9599,98043.99999999987
9600,98043.99999999987
9601,98043.99999999987
9602,98043.99999999987
9603,98043.99999999987
9604,98043.99999999987
9605,98043.99999999987
9606,98043.99999999987
9607,98043.99999999987
9608,98043.99999999987
9609,98043.99999999987
9610,98043.99999999987
9611,98043.99999999987
9612,98043.99999999987
9613,98043.99999999987
9614,98043.99999999987
9615,98043.99999999987
9616,98043.99999999987
9617,98043.99999999987
9618,98043.99999999987
9619,98043.99999999987
9620,98043.99999999987
9621,98043.99999999987
9622,98043.99999999987
9623,98043.99999999987
9624,98043.99999999987
9625,98043.99999999987
9626,98043.99999999987
9627,98043.99999999987
9628,98043.99999999987
9629,98043.99999999987
9630,98043.99999999987
9631,98043.99999999987
9632,98043.99999999987
9633,98043.99999999987
9634,98043.99999999987
9635,98043.99999999987
9636,98043.99999999987
9637,98043.99999999987
9638,98043.99999999987
9639,98043.99999999987
9640,98043.99999999987
9641,98043.99999999987
9642,98043.99999999987
9643,98043.99999999987
9644,98043.99999999987
9645,98043.99999999987
9646,98043.99999999987
9647,98043.99999999987
9648,98043.99999999987
9649,98043.99999999987
9650,98043.99999999987
9651,98043.99999999987
9652,98043.99999999987
9653,98043.99999999987
9654,98043.99999999987
9655,98043.99999999987
9656,98043.99999999987
9657,98043.99999999987
9658,98043.99999999987
9659,98043.99999999987
9660,98043.99999999987
9661,98043.99999999987
9662,98043.99999999987
9663,98043.99999999987
9664,98043.99999999987
9665,98043.99999999987
9666,98043.99999999987
9667,98043.99999999987
9668,98043.99999999987
9669,98043.99999999987
9670,98043.99999999987
9671,98043.99999999987
9672,98043.99999999987
9673,98043.99999999987
9674,98043.99999999987
9675,98043.99999999987
9676,98043.99999999987
9677,98043.99999999987
9678,98043.99999999987
9679,98043.99999999987
9680,98043.99999999987
9681,98043.99999999987
9682,98043.99999999987
9683,98043.99999999987
9684,98043.99999999987
9685,98043.99999999987
9686,98043.99999999987
9687,98043.99999999987
9688,98043.99999999987
9689,98043.99999999987
9690,98043.99999999987
9691,98043.99999999987
9692,98043.99999999987
9693,98043.99999999987
9694,98043.99999999987
9695,98043.99999999987
9696,98043.99999999987
9697,98043.99999999987
9698,98043.99999999987
9699,98043.99999999987
9700,98043.99999999987
9701,98043.99999999987
9702,98043.99999999987
9703,98043.99999999987
9704,98043.99999999987
9705,98043.99999999987
9706,98043.99999999987
9707,98043.99999999987
9708,98043.99999999987
9709,98043.99999999987
9710,98043.99999999987
9711,98043.99999999987
9712,98043.99999999987
9713,98043.99999999987
9714,98043.99999999987
9715,98043.99999999987
9716,98043.99999999987
9717,98043.99999999987
9718,98043.99999999987
9719,98043.99999999987
9720,98043.99999999987
9721,98043.99999999987
9722,98043.99999999987
9723,98043.99999999987
9724,98043.99999999987
9725,98043.99999999987
9726,98043.99999999987
9727,98043.99999999987
9728,98043.99999999987
9729,98043.99999999987
9730,98043.99999999987
9731,98043.99999999987
9732,98043.99999999987
9733,98043.99999999987
9734,98043.99999999987
9735,98043.99999999987
9736,98043.99999999987
9737,98043.99999999987
9738,98043.99999999987
9739,98043.99999999987
9740,98043.99999999987
9741,98043.99999999987
9742,98043.99999999987
9743,98043.99999999987
9744,98043.99999999987
9745,98043.99999999987
9746,98043.99999999987
9747,98043.99999999987
9748,98043.99999999987
9749,98043.99999999987
9750,98043.99999999987
9751,98043.99999999987
9752,98043.99999999987
9753,98043.99999999987
9754,98043.99999999987
9755,98043.99999999987
9756,98043.99999999987
9757,98043.99999999987
9758,98043.99999999987
9759,98043.99999999987
9760,98043.99999999987
9761,98043.99999999987
9762,98043.99999999987
9763,98043.99999999987
9764,98043.99999999987
9765,98043.99999999987
9766,98043.99999999987
9767,98043.99999999987
9768,98043.99999999987
9769,98043.99999999987
9770,98043.99999999987
9771,98043.99999999987
9772,98043.99999999987
9773,98043.99999999987
9774,98043.99999999987
9775,98043.99999999987
9776,98043.99999999987
9777,98043.99999999987
9778,98043.99999999987
9779,98043.99999999987
9780,98043.99999999987
9781,98043.99999999987
9782,98043.99999999987
9783,98043.99999999987
9784,98043.99999999987
9785,98043.99999999987
9786,98043.99999999987
9787,98043.99999999987
9788,98043.99999999987
9789,98043.99999999987
9790,98043.99999999987
9791,98043.99999999987
9792,98043.99999999987
9793,98043.99999999987
9794,98043.99999999987
9795,98043.99999999987
9796,98043.99999999987
9797,98043.99999999987
9798,98043.99999999987
9799,98043.99999999987
9800,98043.99999999987
9801,98043.99999999987
9802,98043.99999999987
9803,98043.99999999987
9804,98043.99999999987
9805,98043.99999999987
9806,98043.99999999987
9807,98043.99999999987
9808,98043.99999999987
9809,98043.99999999987
9810,98043.99999999987
9811,98043.99999999987
9812,98043.99999999987
9813,98043.99999999987
9814,98043.99999999987
9815,98043.99999999987
9816,98043.99999999987
9817,98043.99999999987
9818,98043.99999999987
9819,98043.99999999987
9820,98043.99999999987
9821,98043.99999999987
9822,98043.99999999987
9823,98043.99999999987
9824,98043.99999999987
9825,98043.99999999987
9826,98043.99999999987
9827,98043.99999999987
9828,98043.99999999987
9829,98043.99999999987
9830,98043.99999999987
9831,98043.99999999987
9832,98043.99999999987
9833,98043.99999999987
9834,98043.99999999987
9835,98043.99999999987
9836,98043.99999999987
9837,98043.99999999987
9838,98043.99999999987
9839,98043.99999999987
9840,98043.99999999987
9841,98043.99999999987
9842,98043.99999999987
9843,98043.99999999987
9844,98043.99999999987
9845,98043.99999999987
9846,98043.99999999987
9847,98043.99999999987
9848,98043.99999999987
9849,98043.99999999987
9850,98043.99999999987
9851,98043.99999999987
9852,98043.99999999987
9853,98043.99999999987
9854,98043.99999999987
9855,98043.99999999987
9856,98043.99999999987
9857,98043.99999999987
9858,98043.99999999987
9859,98043.99999999987
9860,98043.99999999987
9861,98043.99999999987
9862,98043.99999999987
9863,98043.99999999987
9864,98043.99999999987
9865,98043.99999999987
9866,98043.99999999987
9867,98043.99999999987
9868,98043.99999999987
9869,98043.99999999987
9870,98043.99999999987
9871,98043.99999999987
9872,98043.99999999987
9873,98043.99999999987
9874,98043.99999999987
9875,98043.99999999987
9876,98043.99999999987
9877,98043.99999999987
9878,98043.99999999987
9879,98043.99999999987
9880,98043.99999999987
9881,98043.99999999987
9882,98043.99999999987
9883,98043.99999999987
9884,98043.99999999987
9885,98043.99999999987
9886,98043.99999999987
9887,98043.99999999987
9888,98043.99999999987
9889,98043.99999999987
9890,98043.99999999987
9891,98043.99999999987
9892,98043.99999999987
9893,98043.99999999987
9894,98043.99999999987
9895,98043.99999999987
9896,98043.99999999987
9897,98043.99999999987
9898,98043.99999999987
9899,98043.99999999987
9900,98043.99999999987
9901,98043.99999999987
9902,98043.99999999987
9903,98043.99999999987
9904,98043.99999999987
9905,98043.99999999987
9906,98043.99999999987
9907,98043.99999999987
9908,98043.99999999987
9909,98043.99999999987
9910,98043.99999999987
9911,98043.99999999987
9912,98043.99999999987
9913,98043.99999999987
9914,98043.99999999987
9915,98043.99999999987
9916,98043.99999999987
9917,98043.99999999987
9918,98043.99999999987
9919,98043.99999999987
9920,98043.99999999987
9921,98043.99999999987
9922,98043.99999999987
9923,98043.99999999987
9924,98043.99999999987
9925,98043.99999999987
9926,98043.99999999987
9927,98043.99999999987
9928,98043.99999999987
9929,98043.99999999987
9930,98043.99999999987
9931,98043.99999999987
9932,98043.99999999987
9933,98043.99999999987
9934,98043.99999999987
9935,98043.99999999987
9936,98043.99999999987
9937,98043.99999999987
9938,98043.99999999987
9939,98043.99999999987
9940,98043.99999999987
9941,98043.99999999987
9942,98043.99999999987
9943,98043.99999999987
9944,98043.99999999987
9945,98043.99999999987
9946,98043.99999999987
9947,98043.99999999987
9948,98043.99999999987
9949,98043.99999999987
9950,98043.99999999987
9951,98043.99999999987
9952,98043.99999999987
9953,98043.99999999987
9954,98043.99999999987
9955,98043.99999999987
9956,98043.99999999987
9957,98043.99999999987
9958,98043.99999999987
9959,98043.99999999987
9960,98043.99999999987
9961,98043.99999999987
9962,98043.99999999987
9963,98043.99999999987
9964,98043.99999999987
9965,98043.99999999987
9966,98043.99999999987
9967,98043.99999999987
9968,98043.99999999987
9969,98043.99999999987
9970,98043.99999999987
9971,98043.99999999987
9972,98043.99999999987
9973,98043.99999999987
9974,98043.99999999987
9975,98043.99999999987
9976,98043.99999999987
9977,98043.99999999987
9978,98043.99999999987
9979,98043.99999999987
9980,98043.99999999987
9981,98043.99999999987
9982,98043.99999999987
9983,98043.99999999987
9984,98043.99999999987
9985,98043.99999999987
9986,98043.99999999987
9987,98043.99999999987
9988,98043.99999999987
9989,98043.99999999987
9990,98043.99999999987
9991,98043.99999999987
9992,98043.99999999987
9993,98043.99999999987
9994,98043.99999999987
9995,98043.99999999987
9996,98043.99999999987
9997,98043.99999999987
9998,98043.99999999987
9999,98043.99999999987
10000,98043.99999999987
10001,98043.99999999987
10002,98043.99999999987
10003,98043.99999999987
10004,98043.99999999987
10005,98043.99999999987
10006,98043.99999999987
10007,98043.99999999987
10008,98043.99999999987
10009,98043.99999999987
10010,98043.99999999987
10011,98043.99999999987
10012,98043.99999999987
10013,98043.99999999987
10014,98043.99999999987
10015,98043.99999999987
10016,98043.99999999987
10017,98043.99999999987
10018,98043.99999999987
10019,98043.99999999987
10020,98043.99999999987
10021,98043.99999999987
10022,98043.99999999987
10023,98043.99999999987
10024,98043.99999999987
10025,98043.99999999987
10026,98043.99999999987
10027,98043.99999999987
10028,98043.99999999987
10029,98043.99999999987
10030,98043.99999999987
10031,98043.99999999987
10032,98043.99999999987
10033,98043.99999999987
10034,98043.99999999987
10035,98043.99999999987
10036,98043.99999999987
10037,98043.99999999987
10038,98043.99999999987
10039,98043.99999999987
10040,98043.99999999987
10041,98043.99999999987
10042,98043.99999999987
10043,98043.99999999987
10044,98043.99999999987
10045,98043.99999999987
10046,98043.99999999987
10047,98043.99999999987
10048,98043.99999999987
10049,98043.99999999987
10050,98043.99999999987
10051,98043.99999999987
10052,98043.99999999987
10053,98043.99999999987
10054,98043.99999999987
10055,98043.99999999987
10056,98043.99999999987
10057,98043.99999999987
10058,98043.99999999987
10059,98043.99999999987
10060,98043.99999999987
10061,98043.99999999987
10062,98043.99999999987
10063,98043.99999999987
10064,98043.99999999987
10065,98043.99999999987
10066,98043.99999999987
10067,98043.99999999987
10068,98043.99999999987
10069,98043.99999999987
10070,98043.99999999987
10071,98043.99999999987
10072,98043.99999999987
10073,98043.99999999987
10074,98043.99999999987
10075,98043.99999999987
10076,98043.99999999987
10077,98043.99999999987
10078,98043.99999999987
10079,98043.99999999987
10080,98043.99999999987
10081,98043.99999999987
10082,98043.99999999987
10083,98043.99999999987
10084,98043.99999999987
10085,98043.99999999987
10086,98043.99999999987
10087,98043.99999999987
10088,98043.99999999987
10089,98043.99999999987
10090,98043.99999999987
10091,98043.99999999987
10092,98043.99999999987
10093,98043.99999999987
10094,98043.99999999987
10095,98043.99999999987
10096,98043.99999999987
10097,98043.99999999987
10098,98043.99999999987
10099,98043.99999999987
10100,98043.99999999987
10101,98043.99999999987
10102,98043.99999999987
10103,98043.99999999987
10104,98043.99999999987
10105,98043.99999999987
10106,98043.99999999987
10107,98043.99999999987
10108,98043.99999999987
10109,98043.99999999987
10110,98043.99999999987
10111,98043.99999999987
10112,98043.99999999987
10113,98043.99999999987
10114,98043.99999999987
10115,98043.99999999987
10116,98043.99999999987
10117,98043.99999999987
10118,98043.99999999987
10119,98043.99999999987
10120,98043.99999999987
10121,98043.99999999987
10122,98043.99999999987
10123,98043.99999999987
10124,98043.99999999987
10125,98043.99999999987
10126,98043.99999999987
10127,98043.99999999987
10128,98043.99999999987
10129,98043.99999999987
10130,98043.99999999987
10131,98043.99999999987
10132,98043.99999999987
10133,98043.99999999987
10134,98043.99999999987
10135,98043.99999999987
10136,98043.99999999987
10137,98043.99999999987
10138,98043.99999999987
10139,98043.99999999987
10140,98043.99999999987
10141,98043.99999999987
10142,98043.99999999987
10143,98043.99999999987
10144,98043.99999999987
10145,98043.99999999987
10146,98043.99999999987
10147,98043.99999999987
10148,98043.99999999987
10149,98043.99999999987
10150,98043.99999999987
10151,98043.99999999987
10152,98043.99999999987
10153,98043.99999999987
10154,98043.99999999987
10155,98043.99999999987
10156,98043.99999999987
10157,98043.99999999987
10158,98043.99999999987
10159,98043.99999999987
10160,98043.99999999987
10161,98043.99999999987
10162,98043.99999999987
10163,98043.99999999987
10164,98043.99999999987
10165,98043.99999999987
10166,98043.99999999987
10167,98043.99999999987
10168,98043.99999999987
10169,98043.99999999987
10170,98043.99999999987
10171,98043.99999999987
10172,98043.99999999987
10173,98043.99999999987
10174,98043.99999999987
10175,98043.99999999987
10176,98043.99999999987
10177,98043.99999999987
10178,98043.99999999987
10179,98043.99999999987
10180,98043.99999999987
10181,98043.99999999987
10182,98043.99999999987
10183,98043.99999999987
10184,98043.99999999987
10185,98043.99999999987
10186,98043.99999999987
10187,98043.99999999987
10188,98043.99999999987
10189,98043.99999999987
10190,98043.99999999987
10191,98043.99999999987
10192,98043.99999999987
10193,98043.99999999987
10194,98043.99999999987
10195,98043.99999999987
10196,98043.99999999987
10197,98043.99999999987
10198,98043.99999999987
10199,98043.99999999987
10200,98043.99999999987
10201,98043.99999999987
10202,98043.99999999987
10203,98043.99999999987
10204,98043.99999999987
10205,98043.99999999987
10206,98043.99999999987
10207,98043.99999999987
10208,98043.99999999987
10209,98043.99999999987
10210,98043.99999999987
10211,98043.99999999987
10212,98043.99999999987
10213,98043.99999999987
10214,98043.99999999987
10215,98043.99999999987
10216,98043.99999999987
10217,98043.99999999987
10218,98043.99999999987
10219,98043.99999999987
10220,98043.99999999987
10221,98043.99999999987
10222,98043.99999999987
10223,98043.99999999987
10224,98043.99999999987
10225,98043.99999999987
10226,98043.99999999987
10227,98043.99999999987
10228,98043.99999999987
10229,98043.99999999987
10230,98043.99999999987
10231,98043.99999999987
10232,98043.99999999987
10233,98043.99999999987
10234,98043.99999999987
10235,98043.99999999987
10236,98043.99999999987
10237,98043.99999999987
10238,98043.99999999987
10239,98043.99999999987
10240,98043.99999999987
10241,98043.99999999987
10242,98043.99999999987
10243,98043.99999999987
10244,98043.99999999987
10245,98043.99999999987
10246,98043.99999999987
10247,98043.99999999987
10248,98043.99999999987
10249,98043.99999999987
10250,98043.99999999987
10251,98043.99999999987
10252,98043.99999999987
10253,98043.99999999987
10254,98043.99999999987
10255,98043.99999999987
10256,98043.99999999987
10257,98043.99999999987
10258,98043.99999999987
10259,98043.99999999987
10260,98043.99999999987
10261,98043.99999999987
10262,98043.99999999987
10263,98043.99999999987
10264,98043.99999999987
10265,98043.99999999987
10266,98043.99999999987
10267,98043.99999999987
10268,98043.99999999987
10269,98043.99999999987
10270,98043.99999999987
10271,98043.99999999987
10272,98043.99999999987
10273,98043.99999999987
10274,98043.99999999987
10275,98043.99999999987
10276,98043.99999999987
10277,98043.99999999987
10278,98043.99999999987
10279,98043.99999999987
10280,98043.99999999987
10281,98043.99999999987
10282,98043.99999999987
10283,98043.99999999987
10284,98043.99999999987
10285,98043.99999999987
10286,98043.99999999987
10287,98043.99999999987
10288,98043.99999999987
10289,98043.99999999987
10290,98043.99999999987
10291,98043.99999999987
10292,98043.99999999987
10293,98043.99999999987
10294,98043.99999999987
10295,98043.99999999987
10296,98043.99999999987
10297,98043.99999999987
10298,98043.99999999987
10299,98043.99999999987
10300,98043.99999999987
10301,98043.99999999987
10302,98043.99999999987
10303,98043.99999999987
10304,98043.99999999987
10305,98043.99999999987
10306,98043.99999999987
10307,98043.99999999987
10308,98043.99999999987
10309,98043.99999999987
10310,98043.99999999987
10311,98043.99999999987
10312,98043.99999999987
10313,98043.99999999987
10314,98043.99999999987
10315,98043.99999999987
10316,98043.99999999987
10317,98043.99999999987
10318,98043.99999999987
10319,98043.99999999987
10320,98043.99999999987
10321,98043.99999999987
10322,98043.99999999987
10323,98043.99999999987
10324,98043.99999999987
10325,98043.99999999987
10326,98043.99999999987
10327,98043.99999999987
10328,98043.99999999987
10329,98043.99999999987
10330,98043.99999999987
10331,98043.99999999987
10332,98043.99999999987
10333,98043.99999999987
10334,98043.99999999987
10335,98043.99999999987
10336,98043.99999999987
10337,98043.99999999987
10338,98043.99999999987
10339,98043.99999999987
10340,98043.99999999987
10341,98043.99999999987
10342,98043.99999999987
10343,98043.99999999987
10344,98043.99999999987
10345,98043.99999999987
10346,98043.99999999987
10347,98043.99999999987
10348,98043.99999999987
10349,98043.99999999987
10350,98043.99999999987
10351,98043.99999999987
10352,98043.99999999987
10353,98043.99999999987
10354,98043.99999999987
10355,98043.99999999987
10356,98043.99999999987
10357,98043.99999999987
10358,98043.99999999987
10359,98043.99999999987
10360,98043.99999999987
10361,98043.99999999987
10362,98043.99999999987
10363,98043.99999999987
10364,98043.99999999987
10365,98043.99999999987
10366,98043.99999999987
10367,98043.99999999987
10368,98043.99999999987
10369,98043.99999999987
10370,98043.99999999987
10371,98043.99999999987
10372,98043.99999999987
10373,98043.99999999987
10374,98043.99999999987
10375,98043.99999999987
10376,98043.99999999987
10377,98043.99999999987
10378,98043.99999999987
10379,98043.99999999987
10380,98043.99999999987
10381,98043.99999999987
10382,98043.99999999987
10383,98043.99999999987
10384,98043.99999999987
10385,98043.99999999987
10386,98043.99999999987
10387,98043.99999999987
10388,98043.99999999987
10389,98043.99999999987
10390,98043.99999999987
10391,98043.99999999987
10392,98043.99999999987
10393,98043.99999999987
10394,98043.99999999987
10395,98043.99999999987
10396,98043.99999999987
10397,98043.99999999987
10398,98043.99999999987
10399,98043.99999999987
10400,98043.99999999987
10401,98043.99999999987
10402,98043.99999999987
10403,98043.99999999987
10404,98043.99999999987
10405,98043.99999999987
10406,98043.99999999987
10407,98043.99999999987
10408,98043.99999999987
10409,98043.99999999987
10410,98043.99999999987
10411,98043.99999999987
10412,98043.99999999987
10413,98043.99999999987
10414,98043.99999999987
10415,98043.99999999987
10416,98043.99999999987
10417,98043.99999999987
10418,98043.99999999987
10419,98043.99999999987
10420,98043.99999999987
10421,98043.99999999987
10422,98043.99999999987
10423,98043.99999999987
10424,98043.99999999987
10425,98043.99999999987
10426,98043.99999999987
10427,98043.99999999987
10428,98043.99999999987
10429,98043.99999999987
10430,98043.99999999987
10431,98043.99999999987
10432,98043.99999999987
10433,98043.99999999987
10434,98043.99999999987
10435,98043.99999999987
10436,98043.99999999987
10437,98043.99999999987
10438,98043.99999999987
10439,98043.99999999987
10440,98043.99999999987
10441,98043.99999999987
10442,98043.99999999987
10443,98043.99999999987
10444,98043.99999999987
10445,98043.99999999987
10446,98043.99999999987
10447,98043.99999999987
10448,98043.99999999987
10449,98043.99999999987
10450,98043.99999999987
10451,98043.99999999987
10452,98043.99999999987
10453,98043.99999999987
10454,98043.99999999987
10455,98043.99999999987
10456,98043.99999999987
10457,98043.99999999987
10458,98043.99999999987
10459,98043.99999999987
10460,98043.99999999987
10461,98043.99999999987
10462,98043.99999999987
10463,98043.99999999987
10464,98043.99999999987
10465,98043.99999999987
10466,98043.99999999987
10467,98043.99999999987
10468,98043.99999999987
10469,98043.99999999987
10470,98043.99999999987
10471,98043.99999999987
10472,98043.99999999987
10473,98043.99999999987
10474,98043.99999999987
10475,98043.99999999987
10476,98043.99999999987
10477,98043.99999999987
10478,98043.99999999987
10479,98043.99999999987
10480,98043.99999999987
10481,98043.99999999987
10482,98043.99999999987
10483,98043.99999999987
10484,98043.99999999987
10485,98043.99999999987
10486,98043.99999999987
10487,98043.99999999987
10488,98043.99999999987
10489,98043.99999999987
10490,98043.99999999987
10491,98043.99999999987
10492,98043.99999999987
10493,98043.99999999987
10494,98043.99999999987
10495,98043.99999999987
10496,98043.99999999987
10497,98043.99999999987
10498,98043.99999999987
10499,98043.99999999987
10500,98043.99999999987
10501,98043.99999999987
10502,98043.99999999987
10503,98043.99999999987
10504,98043.99999999987
10505,98043.99999999987
10506,98043.99999999987
10507,98043.99999999987
10508,98043.99999999987
10509,98043.99999999987
10510,98043.99999999987
10511,98043.99999999987
10512,98043.99999999987
10513,98043.99999999987
10514,98043.99999999987
10515,98043.99999999987
10516,98043.99999999987
10517,98043.99999999987
10518,98043.99999999987
10519,98043.99999999987
10520,98043.99999999987
10521,98043.99999999987
10522,98043.99999999987
10523,98043.99999999987
10524,98043.99999999987
10525,98043.99999999987
10526,98043.99999999987
10527,98043.99999999987
10528,98043.99999999987
10529,98043.99999999987
10530,98043.99999999987
10531,98043.99999999987
10532,98043.99999999987
10533,98043.99999999987
10534,98043.99999999987
10535,98043.99999999987
10536,98043.99999999987
10537,98043.99999999987
10538,98043.99999999987
10539,98043.99999999987
10540,98043.99999999987
10541,98043.99999999987
10542,98043.99999999987
10543,98043.99999999987
10544,98043.99999999987
10545,98043.99999999987
10546,98043.99999999987
10547,98043.99999999987
10548,98043.99999999987
10549,98043.99999999987
10550,98043.99999999987
10551,98043.99999999987
10552,98043.99999999987
10553,98043.99999999987
10554,98043.99999999987
10555,98043.99999999987
10556,98043.99999999987
10557,98043.99999999987
10558,98043.99999999987
10559,98043.99999999987
10560,98043.99999999987
10561,98043.99999999987
10562,98043.99999999987
10563,98043.99999999987
10564,98043.99999999987
10565,98043.99999999987
10566,98043.99999999987
10567,98043.99999999987
10568,98043.99999999987
10569,98043.99999999987
10570,98043.99999999987
10571,98043.99999999987
10572,98043.99999999987
10573,98043.99999999987
10574,98043.99999999987
10575,98043.99999999987
10576,98043.99999999987
10577,98043.99999999987
10578,98043.99999999987
10579,98043.99999999987
10580,98043.99999999987
10581,98043.99999999987
10582,98043.99999999987
10583,98043.99999999987
10584,98043.99999999987
10585,98043.99999999987
10586,98043.99999999987
10587,98043.99999999987
10588,98043.99999999987
10589,98043.99999999987
10590,98043.99999999987
10591,98043.99999999987
10592,98043.99999999987
10593,98043.99999999987
10594,98043.99999999987
10595,98043.99999999987
10596,98043.99999999987
10597,98043.99999999987
10598,98043.99999999987
10599,98043.99999999987
10600,98043.99999999987
10601,98043.99999999987
10602,98043.99999999987
10603,98043.99999999987
10604,98043.99999999987
10605,98043.99999999987
10606,98043.99999999987
10607,98043.99999999987
10608,98043.99999999987
10609,98043.99999999987
10610,98043.99999999987
10611,98043.99999999987
10612,98043.99999999987
10613,98043.99999999987
10614,98043.99999999987
10615,98043.99999999987
10616,98043.99999999987
10617,98043.99999999987
10618,98043.99999999987
10619,98043.99999999987
10620,98043.99999999987
10621,98043.99999999987
10622,98043.99999999987
10623,98043.99999999987
10624,98043.99999999987
10625,98043.99999999987
10626,98043.99999999987
10627,98043.99999999987
10628,98043.99999999987
10629,98043.99999999987
10630,98043.99999999987
10631,98043.99999999987
10632,98043.99999999987
10633,98043.99999999987
10634,98043.99999999987
10635,98043.99999999987
10636,98043.99999999987
10637,98043.99999999987
10638,98043.99999999987
10639,98043.99999999987
10640,98043.99999999987
10641,98043.99999999987
10642,98043.99999999987
10643,98043.99999999987
10644,98043.99999999987
10645,98043.99999999987
10646,98043.99999999987
10647,98043.99999999987
10648,98043.99999999987
10649,98043.99999999987
10650,98043.99999999987
10651,98043.99999999987
10652,98043.99999999987
10653,98043.99999999987
10654,98043.99999999987
10655,98043.99999999987
10656,98043.99999999987
10657,98043.99999999987
10658,98043.99999999987
10659,98043.99999999987
10660,98043.99999999987
10661,98043.99999999987
10662,98043.99999999987
10663,98043.99999999987
10664,98043.99999999987
10665,98043.99999999987
10666,98043.99999999987
10667,98043.99999999987
10668,98043.99999999987
10669,98043.99999999987
10670,98043.99999999987
10671,98043.99999999987
10672,98043.99999999987
10673,98043.99999999987
10674,98043.99999999987
10675,98043.99999999987
10676,98043.99999999987
10677,98043.99999999987
10678,98043.99999999987
10679,98043.99999999987
10680,98043.99999999987
10681,98043.99999999987
10682,98043.99999999987
10683,98043.99999999987
10684,98043.99999999987
10685,98043.99999999987
10686,98043.99999999987
10687,98043.99999999987
10688,98043.99999999987
10689,98043.99999999987
10690,98043.99999999987
10691,98043.99999999987
10692,98043.99999999987
10693,98043.99999999987
10694,98043.99999999987
10695,98043.99999999987
10696,98043.99999999987
10697,98043.99999999987
10698,98043.99999999987
10699,98043.99999999987
10700,98043.99999999987
10701,98043.99999999987
10702,98043.99999999987
10703,98043.99999999987
10704,98043.99999999987
10705,98043.99999999987
10706,98043.99999999987
10707,98043.99999999987
10708,98043.99999999987
10709,98043.99999999987
10710,98043.99999999987
10711,98043.99999999987
10712,98043.99999999987
10713,98043.99999999987
10714,98043.99999999987
10715,98043.99999999987
10716,98043.99999999987
10717,98043.99999999987
10718,98043.99999999987
10719,98043.99999999987
10720,98043.99999999987
10721,98043.99999999987
10722,98043.99999999987
10723,98043.99999999987
10724,98043.99999999987
10725,98043.99999999987
10726,98043.99999999987
10727,98043.99999999987
10728,98043.99999999987
10729,98043.99999999987
10730,98043.99999999987
10731,98043.99999999987
10732,98043.99999999987
10733,98043.99999999987
10734,98043.99999999987
10735,98043.99999999987
10736,98043.99999999987
10737,98043.99999999987
10738,98043.99999999987
10739,98043.99999999987
10740,98043.99999999987
10741,98043.99999999987
10742,98043.99999999987
10743,98043.99999999987
10744,98043.99999999987
10745,98043.99999999987
10746,98043.99999999987
10747,98043.99999999987
10748,98043.99999999987
10749,98043.99999999987
10750,98043.99999999987
10751,98043.99999999987
10752,98043.99999999987
10753,98043.99999999987
10754,98043.99999999987
10755,98043.99999999987
10756,98043.99999999987
10757,98043.99999999987
10758,98043.99999999987
10759,98043.99999999987
10760,98043.99999999987
10761,98043.99999999987
10762,98043.99999999987
10763,98043.99999999987
10764,98043.99999999987
10765,98043.99999999987
10766,98043.99999999987
10767,98043.99999999987
10768,98043.99999999987
10769,98043.99999999987
10770,98043.99999999987
10771,98043.99999999987
10772,98043.99999999987
10773,98043.99999999987
10774,98043.99999999987
10775,98043.99999999987
10776,98043.99999999987
10777,98043.99999999987
10778,98043.99999999987
10779,98043.99999999987
10780,98043.99999999987
10781,98043.99999999987
10782,98043.99999999987
10783,98043.99999999987
10784,98043.99999999987
10785,98043.99999999987
10786,98043.99999999987
10787,98043.99999999987
10788,98043.99999999987
10789,98043.99999999987
10790,98043.99999999987
10791,98043.99999999987
10792,98043.99999999987
10793,98043.99999999987
10794,98043.99999999987
10795,98043.99999999987
10796,98043.99999999987
10797,98043.99999999987
10798,98043.99999999987
10799,98043.99999999987
10800,98043.99999999987
10801,98043.99999999987
10802,98043.99999999987
10803,98043.99999999987
10804,98043.99999999987
10805,98043.99999999987
10806,98043.99999999987
10807,98043.99999999987
10808,98043.99999999987
10809,98043.99999999987
10810,98043.99999999987
10811,98043.99999999987
10812,98043.99999999987
10813,98043.99999999987
10814,98043.99999999987
10815,98043.99999999987
10816,98043.99999999987
10817,98043.99999999987
10818,98043.99999999987
10819,98043.99999999987
10820,98043.99999999987
10821,98043.99999999987
10822,98043.99999999987
10823,98043.99999999987
10824,98043.99999999987
10825,98043.99999999987
10826,98043.99999999987
10827,98043.99999999987
10828,98043.99999999987
10829,98043.99999999987
10830,98043.99999999987
10831,98043.99999999987
10832,98043.99999999987
10833,98043.99999999987
10834,98043.99999999987
10835,98043.99999999987
10836,98043.99999999987
10837,98043.99999999987
10838,98043.99999999987
10839,98043.99999999987
10840,98043.99999999987
10841,98043.99999999987
10842,98043.99999999987
10843,98043.99999999987
10844,98043.99999999987
10845,98043.99999999987
10846,98043.99999999987
10847,98043.99999999987
10848,98043.99999999987
10849,98043.99999999987
10850,98043.99999999987
10851,98043.99999999987
10852,98043.99999999987
10853,98043.99999999987
10854,98043.99999999987
10855,98043.99999999987
10856,98043.99999999987
10857,98043.99999999987
10858,98043.99999999987
10859,98043.99999999987
10860,98043.99999999987
10861,98043.99999999987
10862,98043.99999999987
10863,98043.99999999987
10864,98043.99999999987
10865,98043.99999999987
10866,98043.99999999987
10867,98043.99999999987
10868,98043.99999999987
10869,98043.99999999987
10870,98043.99999999987
10871,98043.99999999987
10872,98043.99999999987
10873,98043.99999999987
10874,98043.99999999987
10875,98043.99999999987
10876,98043.99999999987
10877,98043.99999999987
10878,98043.99999999987
10879,98043.99999999987
10880,98043.99999999987
10881,98043.99999999987
10882,98043.99999999987
10883,98043.99999999987
10884,98043.99999999987
10885,98043.99999999987
10886,98043.99999999987
10887,98043.99999999987
10888,98043.99999999987
10889,98043.99999999987
10890,98043.99999999987
10891,98043.99999999987
10892,98043.99999999987
10893,98043.99999999987
10894,98043.99999999987
10895,98043.99999999987
10896,98043.99999999987
10897,98043.99999999987
10898,98043.99999999987
10899,98043.99999999987
10900,98043.99999999987
10901,98043.99999999987
10902,98043.99999999987
10903,98043.99999999987
10904,98043.99999999987
10905,98043.99999999987
10906,98043.99999999987
10907,98043.99999999987
10908,98043.99999999987
10909,98043.99999999987
10910,98043.99999999987
10911,98043.99999999987
10912,98043.99999999987
10913,98043.99999999987
10914,98043.99999999987
10915,98043.99999999987
10916,98043.99999999987
10917,98043.99999999987
10918,98043.99999999987
10919,98043.99999999987
10920,98043.99999999987
10921,98043.99999999987
10922,98043.99999999987
10923,98043.99999999987
10924,98043.99999999987
10925,98043.99999999987
10926,98043.99999999987
10927,98043.99999999987
10928,98043.99999999987
10929,98043.99999999987
10930,98043.99999999987
10931,98043.99999999987
10932,98043.99999999987
10933,98043.99999999987
10934,98043.99999999987
10935,98043.99999999987
10936,98043.99999999987
10937,98043.99999999987
10938,98043.99999999987
10939,98043.99999999987
10940,98043.99999999987
10941,98043.99999999987
10942,98043.99999999987
10943,98043.99999999987
10944,98043.99999999987
10945,98043.99999999987
10946,98043.99999999987
10947,98043.99999999987
10948,98043.99999999987
10949,98043.99999999987
10950,98043.99999999987
10951,98043.99999999987
10952,98043.99999999987
10953,98043.99999999987
10954,98043.99999999987
10955,98043.99999999987
10956,98043.99999999987
10957,98043.99999999987
10958,98043.99999999987
10959,98043.99999999987
10960,98043.99999999987
10961,98043.99999999987
10962,98043.99999999987
10963,98043.99999999987
10964,98043.99999999987
10965,98043.99999999987
10966,98043.99999999987
10967,98043.99999999987
10968,98043.99999999987
10969,98043.99999999987
10970,98043.99999999987
10971,98043.99999999987
10972,98043.99999999987
10973,98043.99999999987
10974,98043.99999999987
10975,98043.99999999987
10976,98043.99999999987
10977,98043.99999999987
10978,98043.99999999987
10979,98043.99999999987
10980,98043.99999999987
10981,98043.99999999987
10982,98043.99999999987
10983,98043.99999999987
10984,98043.99999999987
10985,98043.99999999987
10986,98043.99999999987
10987,98043.99999999987
10988,98043.99999999987
10989,98043.99999999987
10990,98043.99999999987
10991,98043.99999999987
10992,98043.99999999987
10993,98043.99999999987
10994,98043.99999999987
10995,98043.99999999987
10996,98043.99999999987
10997,98043.99999999987
10998,98043.99999999987
10999,98043.99999999987
11000,98043.99999999987
11001,98043.99999999987
11002,98043.99999999987
11003,98043.99999999987
11004,98043.99999999987
11005,98043.99999999987
11006,98043.99999999987
11007,98043.99999999987
11008,98043.99999999987
11009,98043.99999999987
11010,98043.99999999987
11011,98043.99999999987
11012,98043.99999999987
11013,98043.99999999987
11014,98043.99999999987
11015,98043.99999999987
11016,98043.99999999987
11017,98043.99999999987
11018,98043.99999999987
11019,98043.99999999987
11020,98043.99999999987
11021,98043.99999999987
11022,98043.99999999987
11023,98043.99999999987
11024,98043.99999999987
11025,98043.99999999987
11026,98043.99999999987
11027,98043.99999999987
11028,98043.99999999987
11029,98043.99999999987
11030,98043.99999999987
11031,98043.99999999987
11032,98043.99999999987
11033,98043.99999999987
11034,98043.99999999987
11035,98043.99999999987
11036,98043.99999999987
11037,98043.99999999987
11038,98043.99999999987
11039,98043.99999999987
11040,98043.99999999987
11041,98043.99999999987
11042,98043.99999999987
11043,98043.99999999987
11044,98043.99999999987
11045,98043.99999999987
11046,98043.99999999987
11047,98043.99999999987
11048,98043.99999999987
11049,98043.99999999987
11050,98043.99999999987
11051,98043.99999999987
11052,98043.99999999987
11053,98043.99999999987
11054,98043.99999999987
11055,98043.99999999987
11056,98043.99999999987
11057,98043.99999999987
11058,98043.99999999987
11059,98043.99999999987
11060,98043.99999999987
11061,98043.99999999987
11062,98043.99999999987
11063,98043.99999999987
11064,98043.99999999987
11065,98043.99999999987
11066,98043.99999999987
11067,98043.99999999987
11068,98043.99999999987
11069,98043.99999999987
11070,98043.99999999987
11071,98043.99999999987
11072,98043.99999999987
11073,98043.99999999987
11074,98043.99999999987
11075,98043.99999999987
11076,98043.99999999987
11077,98043.99999999987
11078,98043.99999999987
11079,98043.99999999987
11080,98043.99999999987
11081,98043.99999999987
11082,98043.99999999987
11083,98043.99999999987
11084,98043.99999999987
11085,98043.99999999987
11086,98043.99999999987
11087,98043.99999999987
11088,98043.99999999987
11089,98043.99999999987
11090,98043.99999999987
11091,98043.99999999987
11092,98043.99999999987
11093,98043.99999999987
11094,98043.99999999987
11095,98043.99999999987
11096,98043.99999999987
11097,98043.99999999987
11098,98043.99999999987
11099,98043.99999999987
11100,98043.99999999987
11101,98043.99999999987
11102,98043.99999999987
11103,98043.99999999987
11104,98043.99999999987
11105,98043.99999999987
11106,98043.99999999987
11107,98043.99999999987
11108,98043.99999999987
11109,98043.99999999987
11110,98043.99999999987
11111,98043.99999999987
11112,98043.99999999987
11113,98043.99999999987
11114,98043.99999999987
11115,98043.99999999987
11116,98043.99999999987
11117,98043.99999999987
11118,98043.99999999987
11119,98043.99999999987
11120,98043.99999999987
11121,98043.99999999987
11122,98043.99999999987
11123,98043.99999999987
11124,98043.99999999987
11125,98043.99999999987
11126,98043.99999999987
11127,98043.99999999987
11128,98043.99999999987
11129,98043.99999999987
11130,98043.99999999987
11131,98043.99999999987
11132,98043.99999999987
11133,98043.99999999987
11134,98043.99999999987
11135,98043.99999999987
11136,98043.99999999987
11137,98043.99999999987
11138,98043.99999999987
11139,98043.99999999987
11140,98043.99999999987
11141,98043.99999999987
11142,98043.99999999987
11143,98043.99999999987
11144,98043.99999999987
11145,98043.99999999987
11146,98043.99999999987
11147,98043.99999999987
11148,98043.99999999987
11149,98043.99999999987
11150,98043.99999999987
11151,98043.99999999987
11152,98043.99999999987
11153,98043.99999999987
11154,98043.99999999987
11155,98043.99999999987
11156,98043.99999999987
11157,98043.99999999987
11158,98043.99999999987
11159,98043.99999999987
11160,98043.99999999987
11161,98043.99999999987
11162,98043.99999999987
11163,98043.99999999987
11164,98043.99999999987
11165,98043.99999999987
11166,98043.99999999987
11167,98043.99999999987
11168,98043.99999999987
11169,98043.99999999987
11170,98043.99999999987
11171,98043.99999999987
11172,98043.99999999987
11173,98043.99999999987
11174,98043.99999999987
11175,98043.99999999987
11176,98043.99999999987
11177,98043.99999999987
11178,98043.99999999987
11179,98043.99999999987
11180,98043.99999999987
11181,98043.99999999987
11182,98043.99999999987
11183,98043.99999999987
11184,98043.99999999987
11185,98043.99999999987
11186,98043.99999999987
11187,98043.99999999987
11188,98043.99999999987
11189,98043.99999999987
11190,98043.99999999987
11191,98043.99999999987
11192,98043.99999999987
11193,98043.99999999987
11194,98043.99999999987
11195,98043.99999999987
11196,98043.99999999987
11197,98043.99999999987
11198,98043.99999999987
11199,98043.99999999987
11200,98043.99999999987
11201,98043.99999999987
11202,98043.99999999987
11203,98043.99999999987
11204,98043.99999999987
11205,98043.99999999987
11206,98043.99999999987
11207,98043.99999999987
11208,98043.99999999987
11209,98043.99999999987
11210,98043.99999999987
11211,98043.99999999987
11212,98043.99999999987
11213,98043.99999999987
11214,98043.99999999987
11215,98043.99999999987
11216,98043.99999999987
11217,98043.99999999987
11218,98043.99999999987
11219,98043.99999999987
11220,98043.99999999987
11221,98043.99999999987
11222,98043.99999999987
11223,98043.99999999987
11224,98043.99999999987
11225,98043.99999999987
11226,98043.99999999987
11227,98043.99999999987
11228,98043.99999999987
11229,98043.99999999987
11230,98043.99999999987
11231,98043.99999999987
11232,98043.99999999987
11233,98043.99999999987
11234,98043.99999999987
11235,98043.99999999987
11236,98043.99999999987
11237,98043.99999999987
11238,98043.99999999987
11239,98043.99999999987
11240,98043.99999999987
11241,98043.99999999987
11242,98043.99999999987
11243,98043.99999999987
11244,98043.99999999987
11245,98043.99999999987
11246,98043.99999999987
11247,98043.99999999987
11248,98043.99999999987
11249,98043.99999999987
11250,98043.99999999987
11251,98043.99999999987
11252,98043.99999999987
11253,98043.99999999987
11254,98043.99999999987
11255,98043.99999999987
11256,98043.99999999987
11257,98043.99999999987
11258,98043.99999999987
11259,98043.99999999987
11260,98043.99999999987
11261,98043.99999999987
11262,98043.99999999987
11263,98043.99999999987
11264,98043.99999999987
11265,98043.99999999987
11266,98043.99999999987
11267,98043.99999999987
11268,98043.99999999987
11269,98043.99999999987
11270,98043.99999999987
11271,98043.99999999987
11272,98043.99999999987
11273,98043.99999999987
11274,98043.99999999987
11275,98043.99999999987
11276,98043.99999999987
11277,98043.99999999987
11278,98043.99999999987
11279,98043.99999999987
11280,98043.99999999987
11281,98043.99999999987
11282,98043.99999999987
11283,98043.99999999987
11284,98043.99999999987
11285,98043.99999999987
11286,98043.99999999987
11287,98043.99999999987
11288,98043.99999999987
11289,98043.99999999987
11290,98043.99999999987
11291,98043.99999999987
11292,98043.99999999987
11293,98043.99999999987
11294,98043.99999999987
11295,98043.99999999987
11296,98043.99999999987
11297,98043.99999999987
11298,98043.99999999987
11299,98043.99999999987
11300,98043.99999999987
11301,98043.99999999987
11302,98043.99999999987
11303,98043.99999999987
11304,98043.99999999987
11305,98043.99999999987
11306,98043.99999999987
11307,98043.99999999987
11308,98043.99999999987
11309,98043.99999999987
11310,98043.99999999987
11311,98043.99999999987
11312,98043.99999999987
11313,98043.99999999987
11314,98043.99999999987
11315,98043.99999999987
11316,98043.99999999987
11317,98043.99999999987
11318,98043.99999999987
11319,98043.99999999987
11320,98043.99999999987
11321,98043.99999999987
11322,98043.99999999987
11323,98043.99999999987
11324,98043.99999999987
11325,98043.99999999987
11326,98043.99999999987
11327,98043.99999999987
11328,98043.99999999987
11329,98043.99999999987
11330,98043.99999999987
11331,98043.99999999987
11332,98043.99999999987
11333,98043.99999999987
11334,98043.99999999987
11335,98043.99999999987
11336,98043.99999999987
11337,98043.99999999987
11338,98043.99999999987
11339,98043.99999999987
11340,98043.99999999987
11341,98043.99999999987
11342,98043.99999999987
11343,98043.99999999987
11344,98043.99999999987
11345,98043.99999999987
11346,98043.99999999987
11347,98043.99999999987
11348,98043.99999999987
11349,98043.99999999987
11350,98043.99999999987
11351,98043.99999999987
11352,98043.99999999987
11353,98043.99999999987
11354,98043.99999999987
11355,98043.99999999987
11356,98043.99999999987
11357,98043.99999999987
11358,98043.99999999987
11359,98043.99999999987
11360,98043.99999999987
11361,98043.99999999987
11362,98043.99999999987
11363,98043.99999999987
11364,98043.99999999987
11365,98043.99999999987
11366,98043.99999999987
11367,98043.99999999987
11368,98043.99999999987
11369,98043.99999999987
11370,98043.99999999987
11371,98043.99999999987
11372,98043.99999999987
11373,98043.99999999987
11374,98043.99999999987
11375,98043.99999999987
11376,98043.99999999987
11377,98043.99999999987
11378,98043.99999999987
11379,98043.99999999987
11380,98043.99999999987
11381,98043.99999999987
11382,98043.99999999987
11383,98043.99999999987
11384,98043.99999999987
11385,98043.99999999987
11386,98043.99999999987
11387,98043.99999999987
11388,98043.99999999987
11389,98043.99999999987
11390,98043.99999999987
11391,98043.99999999987
11392,98043.99999999987
11393,98043.99999999987
11394,98043.99999999987
11395,98043.99999999987
11396,98043.99999999987
11397,98043.99999999987
11398,98043.99999999987
11399,98043.99999999987
11400,98043.99999999987
11401,98043.99999999987
11402,98043.99999999987
11403,98043.99999999987
11404,98043.99999999987
11405,98043.99999999987
11406,98043.99999999987
11407,98043.99999999987
11408,98043.99999999987
11409,98043.99999999987
11410,98043.99999999987
11411,98043.99999999987
11412,98043.99999999987
11413,98043.99999999987
11414,98043.99999999987
11415,98043.99999999987
11416,98043.99999999987
11417,98043.99999999987
11418,98043.99999999987
11419,98043.99999999987
11420,98043.99999999987
11421,98043.99999999987
11422,98043.99999999987
11423,98043.99999999987
11424,98043.99999999987
11425,98043.99999999987
11426,98043.99999999987
11427,98043.99999999987
11428,98043.99999999987
11429,98043.99999999987
11430,98043.99999999987
11431,98043.99999999987
11432,98043.99999999987
11433,98043.99999999987
11434,98043.99999999987
11435,98043.99999999987
11436,98043.99999999987
11437,98043.99999999987
11438,98043.99999999987
11439,98043.99999999987
11440,98043.99999999987
11441,98043.99999999987
11442,98043.99999999987
11443,98043.99999999987
11444,98043.99999999987
11445,98043.99999999987
11446,98043.99999999987
11447,98043.99999999987
11448,98043.99999999987
11449,98043.99999999987
11450,98043.99999999987
11451,98043.99999999987
11452,98043.99999999987
11453,98043.99999999987
11454,98043.99999999987
11455,98043.99999999987
11456,98043.99999999987
11457,98043.99999999987
11458,98043.99999999987
11459,98043.99999999987
11460,98043.99999999987
11461,98043.99999999987
11462,98043.99999999987
11463,98043.99999999987
11464,98043.99999999987
11465,98043.99999999987
11466,98043.99999999987
11467,98043.99999999987
11468,98043.99999999987
11469,98043.99999999987
11470,98043.99999999987
11471,98043.99999999987
11472,98043.99999999987
11473,98043.99999999987
11474,98043.99999999987
11475,98043.99999999987
11476,98043.99999999987
11477,98043.99999999987
11478,98043.99999999987
11479,98043.99999999987
11480,98043.99999999987
11481,98043.99999999987
11482,98043.99999999987
11483,98043.99999999987
11484,98043.99999999987
11485,98043.99999999987
11486,98043.99999999987
11487,98043.99999999987
11488,98043.99999999987
11489,98043.99999999987
11490,98043.99999999987
11491,98043.99999999987
11492,98043.99999999987
11493,98043.99999999987
11494,98043.99999999987
11495,98043.99999999987
11496,98043.99999999987
11497,98043.99999999987
11498,98043.99999999987
11499,98043.99999999987
11500,98043.99999999987
11501,98043.99999999987
11502,98043.99999999987
11503,98043.99999999987
11504,98043.99999999987
11505,98043.99999999987
11506,98043.99999999987
11507,98043.99999999987
11508,98043.99999999987
11509,98043.99999999987
11510,98043.99999999987
11511,98043.99999999987
11512,98043.99999999987
11513,98043.99999999987
11514,98043.99999999987
11515,98043.99999999987
11516,98043.99999999987
11517,98043.99999999987
11518,98043.99999999987
11519,98043.99999999987
11520,98043.99999999987
11521,98043.99999999987
11522,98043.99999999987
11523,98043.99999999987
11524,98043.99999999987
11525,98043.99999999987
11526,98043.99999999987
11527,98043.99999999987
11528,98043.99999999987
11529,98043.99999999987
11530,98043.99999999987
11531,98043.99999999987
11532,98043.99999999987
11533,98043.99999999987
11534,98043.99999999987
11535,98043.99999999987
11536,98043.99999999987
11537,98043.99999999987
11538,98043.99999999987
11539,98043.99999999987
11540,98043.99999999987
11541,98043.99999999987
11542,98043.99999999987
11543,98043.99999999987
11544,98043.99999999987
11545,98043.99999999987
11546,98043.99999999987
11547,98043.99999999987
11548,98043.99999999987
11549,98043.99999999987
11550,98043.99999999987
11551,98043.99999999987
11552,98043.99999999987
11553,98043.99999999987
11554,98043.99999999987
11555,98043.99999999987
11556,98043.99999999987
11557,98043.99999999987
11558,98043.99999999987
11559,98043.99999999987
11560,98043.99999999987
11561,98043.99999999987
11562,98043.99999999987
11563,98043.99999999987
11564,98043.99999999987
11565,98043.99999999987
11566,98043.99999999987
11567,98043.99999999987
11568,98043.99999999987
11569,98043.99999999987
11570,98043.99999999987
11571,98043.99999999987
11572,98043.99999999987
11573,98043.99999999987
11574,98043.99999999987
11575,98043.99999999987
11576,98043.99999999987
11577,98043.99999999987
11578,98043.99999999987
11579,98043.99999999987
11580,98043.99999999987
11581,98043.99999999987
11582,98043.99999999987
11583,98043.99999999987
11584,98043.99999999987
11585,98043.99999999987
11586,98043.99999999987
11587,98043.99999999987
11588,98043.99999999987
11589,98043.99999999987
11590,98043.99999999987
11591,98043.99999999987
11592,98043.99999999987
11593,98043.99999999987
11594,98043.99999999987
11595,98043.99999999987
11596,98043.99999999987
11597,98043.99999999987
11598,98043.99999999987
11599,98043.99999999987
11600,98043.99999999987
11601,98043.99999999987
11602,98043.99999999987
11603,98043.99999999987
11604,98043.99999999987
11605,98043.99999999987
11606,98043.99999999987
11607,98043.99999999987
11608,98043.99999999987
11609,98043.99999999987
11610,98043.99999999987
11611,98043.99999999987
11612,98043.99999999987
11613,98043.99999999987
11614,98043.99999999987
11615,98043.99999999987
11616,98043.99999999987
11617,98043.99999999987
11618,98043.99999999987
11619,98043.99999999987
11620,98043.99999999987
11621,98043.99999999987
11622,98043.99999999987
11623,98043.99999999987
11624,98043.99999999987
11625,98043.99999999987
11626,98043.99999999987
11627,98043.99999999987
11628,98043.99999999987
11629,98043.99999999987
11630,98043.99999999987
11631,98043.99999999987
11632,98043.99999999987
11633,98043.99999999987
11634,98043.99999999987
11635,98043.99999999987
11636,98043.99999999987
11637,98043.99999999987
11638,98043.99999999987
11639,98043.99999999987
11640,98043.99999999987
11641,98043.99999999987
11642,98043.99999999987
11643,98043.99999999987
11644,98043.99999999987
11645,98043.99999999987
11646,98043.99999999987
11647,98043.99999999987
11648,98043.99999999987
11649,98043.99999999987
11650,98043.99999999987
11651,98043.99999999987
11652,98043.99999999987
11653,98043.99999999987
11654,98043.99999999987
11655,98043.99999999987
11656,98043.99999999987
11657,98043.99999999987
11658,98043.99999999987
11659,98043.99999999987
11660,98043.99999999987
11661,98043.99999999987
11662,98043.99999999987
11663,98043.99999999987
11664,98043.99999999987
11665,98043.99999999987
11666,98043.99999999987
11667,98043.99999999987
11668,98043.99999999987
11669,98043.99999999987
11670,98043.99999999987
11671,98043.99999999987
11672,98043.99999999987
11673,98043.99999999987
11674,98043.99999999987
11675,98043.99999999987
11676,98043.99999999987
11677,98043.99999999987
11678,98043.99999999987
11679,98043.99999999987
11680,98043.99999999987
11681,98043.99999999987
11682,98043.99999999987
11683,98043.99999999987
11684,98043.99999999987
11685,98043.99999999987
11686,98043.99999999987
11687,98043.99999999987
11688,98043.99999999987
11689,98043.99999999987
11690,98043.99999999987
11691,98043.99999999987
11692,98043.99999999987
11693,98043.99999999987
11694,98043.99999999987
11695,98043.99999999987
11696,98043.99999999987
11697,98043.99999999987
11698,98043.99999999987
11699,98043.99999999987
11700,98043.99999999987
11701,98043.99999999987
11702,98043.99999999987
11703,98043.99999999987
11704,98043.99999999987
11705,98043.99999999987
11706,98043.99999999987
11707,98043.99999999987
11708,98043.99999999987
11709,98043.99999999987
11710,98043.99999999987
11711,98043.99999999987
11712,98043.99999999987
11713,98043.99999999987
11714,98043.99999999987
11715,98043.99999999987
11716,98043.99999999987
11717,98043.99999999987
11718,98043.99999999987
11719,98043.99999999987
11720,98043.99999999987
11721,98043.99999999987
11722,98043.99999999987
11723,98043.99999999987
11724,98043.99999999987
11725,98043.99999999987
11726,98043.99999999987
11727,98043.99999999987
11728,98043.99999999987
11729,98043.99999999987
11730,98043.99999999987
11731,98043.99999999987
11732,98043.99999999987
11733,98043.99999999987
11734,98043.99999999987
11735,98043.99999999987
11736,98043.99999999987
11737,98043.99999999987
11738,98043.99999999987
11739,98043.99999999987
11740,98043.99999999987
11741,98043.99999999987
11742,98043.99999999987
11743,98043.99999999987
11744,98043.99999999987
11745,98043.99999999987
11746,98043.99999999987
11747,98043.99999999987
11748,98043.99999999987
11749,98043.99999999987
11750,98043.99999999987
11751,98043.99999999987
11752,98043.99999999987
11753,98043.99999999987
11754,98043.99999999987
11755,98043.99999999987
11756,98043.99999999987
11757,98043.99999999987
11758,98043.99999999987
11759,98043.99999999987
11760,98043.99999999987
11761,98043.99999999987
11762,98043.99999999987
11763,98043.99999999987
11764,98043.99999999987
11765,98043.99999999987
11766,98043.99999999987
11767,98043.99999999987
11768,98043.99999999987
11769,98043.99999999987
11770,98043.99999999987
11771,98043.99999999987
11772,98043.99999999987
11773,98043.99999999987
11774,98043.99999999987
11775,98043.99999999987
11776,98043.99999999987
11777,98043.99999999987
11778,98043.99999999987
11779,98043.99999999987
11780,98043.99999999987
11781,98043.99999999987
11782,98043.99999999987
11783,98043.99999999987
11784,98043.99999999987
11785,98043.99999999987
11786,98043.99999999987
11787,98043.99999999987
11788,98043.99999999987
11789,98043.99999999987
11790,98043.99999999987
11791,98043.99999999987
11792,98043.99999999987
11793,98043.99999999987
11794,98043.99999999987
11795,98043.99999999987
11796,98043.99999999987
11797,98043.99999999987
11798,98043.99999999987
11799,98043.99999999987
11800,98043.99999999987
11801,98043.99999999987
11802,98043.99999999987
11803,98043.99999999987
11804,98043.99999999987
11805,98043.99999999987
11806,98043.99999999987
11807,98043.99999999987
11808,98043.99999999987
11809,98043.99999999987
11810,98043.99999999987
11811,98043.99999999987
11812,98043.99999999987
11813,98043.99999999987
11814,98043.99999999987
11815,98043.99999999987
11816,98043.99999999987
11817,98043.99999999987
11818,98043.99999999987
11819,98043.99999999987
11820,98043.99999999987
11821,98043.99999999987
11822,98043.99999999987
11823,98043.99999999987
11824,98043.99999999987
11825,98043.99999999987
11826,98043.99999999987
11827,98043.99999999987
11828,98043.99999999987
11829,98043.99999999987
11830,98043.99999999987
11831,98043.99999999987
11832,98043.99999999987
11833,98043.99999999987
11834,98043.99999999987
11835,98043.99999999987
11836,98043.99999999987
11837,98043.99999999987
11838,98043.99999999987
11839,98043.99999999987
11840,98043.99999999987
11841,98043.99999999987
11842,98043.99999999987
11843,98043.99999999987
11844,98043.99999999987
11845,98043.99999999987
11846,98043.99999999987
11847,98043.99999999987
11848,98043.99999999987
11849,98043.99999999987
11850,98043.99999999987
11851,98043.99999999987
11852,98043.99999999987
11853,98043.99999999987
11854,98043.99999999987
11855,98043.99999999987
11856,98043.99999999987
11857,98043.99999999987
11858,98043.99999999987
11859,98043.99999999987
11860,98043.99999999987
11861,98043.99999999987
11862,98043.99999999987
11863,98043.99999999987
11864,98043.99999999987
11865,98043.99999999987
11866,98043.99999999987
11867,98043.99999999987
11868,98043.99999999987
11869,98043.99999999987
11870,98043.99999999987
11871,98043.99999999987
11872,98043.99999999987
11873,98043.99999999987
11874,98043.99999999987
11875,98043.99999999987
11876,98043.99999999987
11877,98043.99999999987
11878,98043.99999999987
11879,98043.99999999987
11880,98043.99999999987
11881,98043.99999999987
11882,98043.99999999987
11883,98043.99999999987
11884,98043.99999999987
11885,98043.99999999987
11886,98043.99999999987
11887,98043.99999999987
11888,98043.99999999987
11889,98043.99999999987
11890,98043.99999999987
11891,98043.99999999987
11892,98043.99999999987
11893,98043.99999999987
11894,98043.99999999987
11895,98043.99999999987
11896,98043.99999999987
11897,98043.99999999987
11898,98043.99999999987
11899,98043.99999999987
11900,98043.99999999987
11901,98043.99999999987
11902,98043.99999999987
11903,98043.99999999987
11904,98043.99999999987
11905,98043.99999999987
11906,98043.99999999987
11907,98043.99999999987
11908,98043.99999999987
11909,98043.99999999987
11910,98043.99999999987
11911,98043.99999999987
11912,98043.99999999987
11913,98043.99999999987
11914,98043.99999999987
11915,98043.99999999987
11916,98043.99999999987
11917,98043.99999999987
11918,98043.99999999987
11919,98043.99999999987
11920,98043.99999999987
11921,98043.99999999987
11922,98043.99999999987
11923,98043.99999999987
11924,98043.99999999987
11925,98043.99999999987
11926,98043.99999999987
11927,98043.99999999987
11928,98043.99999999987
11929,98043.99999999987
11930,98043.99999999987
11931,98043.99999999987
11932,98043.99999999987
11933,98043.99999999987
11934,98043.99999999987
11935,98043.99999999987
11936,98043.99999999987
11937,98043.99999999987
11938,98043.99999999987
11939,98043.99999999987
11940,98043.99999999987
11941,98043.99999999987
11942,98043.99999999987
11943,98043.99999999987
11944,98043.99999999987
11945,98043.99999999987
11946,98043.99999999987
11947,98043.99999999987
11948,98043.99999999987
11949,98043.99999999987
11950,98043.99999999987
11951,98043.99999999987
11952,98043.99999999987
11953,98043.99999999987
11954,98043.99999999987
11955,98043.99999999987
11956,98043.99999999987
11957,98043.99999999987
11958,98043.99999999987
11959,98043.99999999987
11960,98043.99999999987
11961,98043.99999999987
11962,98043.99999999987
11963,98043.99999999987
11964,98043.99999999987
11965,98043.99999999987
11966,98043.99999999987
11967,98043.99999999987
11968,98043.99999999987
11969,98043.99999999987
11970,98043.99999999987
11971,98043.99999999987
11972,98043.99999999987
11973,98043.99999999987
11974,98043.99999999987
11975,98043.99999999987
11976,98043.99999999987
11977,98043.99999999987
11978,98043.99999999987
11979,98043.99999999987
11980,98043.99999999987
11981,98043.99999999987
11982,98043.99999999987
11983,98043.99999999987
11984,98043.99999999987
11985,98043.99999999987
11986,98043.99999999987
11987,98043.99999999987
11988,98043.99999999987
11989,98043.99999999987
11990,98043.99999999987
11991,98043.99999999987
11992,98043.99999999987
11993,98043.99999999987
11994,98043.99999999987
11995,98043.99999999987
11996,98043.99999999987
11997,98043.99999999987
11998,98043.99999999987
11999,98043.99999999987
12000,98043.99999999987
12001,98043.99999999987
12002,98043.99999999987
12003,98043.99999999987
12004,98043.99999999987
12005,98043.99999999987
12006,98043.99999999987
12007,98043.99999999987
12008,98043.99999999987
12009,98043.99999999987
12010,98043.99999999987
12011,98043.99999999987
12012,98043.99999999987
12013,98043.99999999987
12014,98043.99999999987
12015,98043.99999999987
12016,98043.99999999987
12017,98043.99999999987
12018,98043.99999999987
12019,98043.99999999987
12020,98043.99999999987
12021,98043.99999999987
12022,98043.99999999987
12023,98043.99999999987
12024,98043.99999999987
12025,98043.99999999987
12026,98043.99999999987
12027,98043.99999999987
12028,98043.99999999987
12029,98043.99999999987
12030,98043.99999999987
12031,98043.99999999987
12032,98043.99999999987
12033,98043.99999999987
12034,98043.99999999987
12035,98043.99999999987
12036,98043.99999999987
12037,98043.99999999987
12038,98043.99999999987
12039,98043.99999999987
12040,98043.99999999987
12041,98043.99999999987
12042,98043.99999999987
12043,98043.99999999987
12044,98043.99999999987
12045,98043.99999999987
12046,98043.99999999987
12047,98043.99999999987
12048,98043.99999999987
12049,98043.99999999987
12050,98043.99999999987
12051,98043.99999999987
12052,98043.99999999987
12053,98043.99999999987
12054,98043.99999999987
12055,98043.99999999987
12056,98043.99999999987
12057,98043.99999999987
12058,98043.99999999987
12059,98043.99999999987
12060,98043.99999999987
12061,98043.99999999987
12062,98043.99999999987
12063,98043.99999999987
12064,98043.99999999987
12065,98043.99999999987
12066,98043.99999999987
12067,98043.99999999987
12068,98043.99999999987
12069,98043.99999999987
12070,98043.99999999987
12071,98043.99999999987
12072,98043.99999999987
12073,98043.99999999987
12074,98043.99999999987
12075,98043.99999999987
12076,98043.99999999987
12077,98043.99999999987
12078,98043.99999999987
12079,98043.99999999987
12080,98043.99999999987
12081,98043.99999999987
12082,98043.99999999987
12083,98043.99999999987
12084,98043.99999999987
12085,98043.99999999987
12086,98043.99999999987
12087,98043.99999999987
12088,98043.99999999987
12089,98043.99999999987
12090,98043.99999999987
12091,98043.99999999987
12092,98043.99999999987
12093,98043.99999999987
12094,98043.99999999987
12095,98043.99999999987
12096,98043.99999999987
12097,98043.99999999987
12098,98043.99999999987
12099,98043.99999999987
12100,98043.99999999987
12101,98043.99999999987
12102,98043.99999999987
12103,98043.99999999987
12104,98043.99999999987
12105,98043.99999999987
12106,98043.99999999987
12107,98043.99999999987
12108,98043.99999999987
12109,98043.99999999987
12110,98043.99999999987
12111,98043.99999999987
12112,98043.99999999987
12113,98043.99999999987
12114,98043.99999999987
12115,98043.99999999987
12116,98043.99999999987
12117,98043.99999999987
12118,98043.99999999987
12119,98043.99999999987
12120,98043.99999999987
12121,98043.99999999987
12122,98043.99999999987
12123,98043.99999999987
12124,98043.99999999987
12125,98043.99999999987
12126,98043.99999999987
12127,98043.99999999987
12128,98043.99999999987
12129,98043.99999999987
12130,98043.99999999987
12131,98043.99999999987
12132,98043.99999999987
12133,98043.99999999987
12134,98043.99999999987
12135,98043.99999999987
12136,98043.99999999987
12137,98043.99999999987
12138,98043.99999999987
12139,98043.99999999987
12140,98043.99999999987
12141,98043.99999999987
12142,98043.99999999987
12143,98043.99999999987
12144,98043.99999999987
12145,98043.99999999987
12146,98043.99999999987
12147,98043.99999999987
12148,98043.99999999987
12149,98043.99999999987
12150,98043.99999999987
12151,98043.99999999987
12152,98043.99999999987
12153,98043.99999999987
12154,98043.99999999987
12155,98043.99999999987
12156,98043.99999999987
12157,98043.99999999987
12158,98043.99999999987
12159,98043.99999999987
12160,98043.99999999987
12161,98043.99999999987
12162,98043.99999999987
12163,98043.99999999987
12164,98043.99999999987
12165,98043.99999999987
12166,98043.99999999987
12167,98043.99999999987
12168,98043.99999999987
12169,98043.99999999987
12170,98043.99999999987
12171,98043.99999999987
12172,98043.99999999987
12173,98043.99999999987
12174,98043.99999999987
12175,98043.99999999987
12176,98043.99999999987
12177,98043.99999999987
12178,98043.99999999987
12179,98043.99999999987
12180,98043.99999999987
12181,98043.99999999987
12182,98043.99999999987
12183,98043.99999999987
12184,98043.99999999987
12185,98043.99999999987
12186,98043.99999999987
12187,98043.99999999987
12188,98043.99999999987
12189,98043.99999999987
12190,98043.99999999987
12191,98043.99999999987
12192,98043.99999999987
12193,98043.99999999987
12194,98043.99999999987
12195,98043.99999999987
12196,98043.99999999987
12197,98043.99999999987
12198,98043.99999999987
12199,98043.99999999987
12200,98043.99999999987
12201,98043.99999999987
12202,98043.99999999987
12203,98043.99999999987
12204,98043.99999999987
12205,98043.99999999987
12206,98043.99999999987
12207,98043.99999999987
12208,98043.99999999987
12209,98043.99999999987
12210,98043.99999999987
12211,98043.99999999987
12212,98043.99999999987
12213,98043.99999999987
12214,98043.99999999987
12215,98043.99999999987
12216,98043.99999999987
12217,98043.99999999987
12218,98043.99999999987
12219,98043.99999999987
12220,98043.99999999987
12221,98043.99999999987
12222,98043.99999999987
12223,98043.99999999987
12224,98043.99999999987
12225,98043.99999999987
12226,98043.99999999987
12227,98043.99999999987
12228,98043.99999999987
12229,98043.99999999987
12230,98043.99999999987
12231,98043.99999999987
12232,98043.99999999987
12233,98043.99999999987
12234,98043.99999999987
12235,98043.99999999987
12236,98043.99999999987
12237,98043.99999999987
12238,98043.99999999987
12239,98043.99999999987
12240,98043.99999999987
12241,98043.99999999987
12242,98043.99999999987
12243,98043.99999999987
12244,98043.99999999987
12245,98043.99999999987
12246,98043.99999999987
12247,98043.99999999987
12248,98043.99999999987
12249,98043.99999999987
12250,98043.99999999987
12251,98043.99999999987
12252,98043.99999999987
12253,98043.99999999987
12254,98043.99999999987
12255,98043.99999999987
12256,98043.99999999987
12257,98043.99999999987
12258,98043.99999999987
12259,98043.99999999987
12260,98043.99999999987
12261,98043.99999999987
12262,98043.99999999987
12263,98043.99999999987
12264,98043.99999999987
12265,98043.99999999987
12266,98043.99999999987
12267,98043.99999999987
12268,98043.99999999987
12269,98043.99999999987
12270,98043.99999999987
12271,98043.99999999987
12272,98043.99999999987
12273,98043.99999999987
12274,98043.99999999987
12275,98043.99999999987
12276,98043.99999999987
12277,98043.99999999987
12278,98043.99999999987
12279,98043.99999999987
12280,98043.99999999987
12281,98043.99999999987
12282,98043.99999999987
12283,98043.99999999987
12284,98043.99999999987
12285,98043.99999999987
12286,98043.99999999987
12287,98043.99999999987
12288,98043.99999999987
12289,98043.99999999987
12290,98043.99999999987
12291,98043.99999999987
12292,98043.99999999987
12293,98043.99999999987
12294,98043.99999999987
12295,98043.99999999987
12296,98043.99999999987
12297,98043.99999999987
12298,98043.99999999987
12299,98043.99999999987
12300,98043.99999999987
12301,98043.99999999987
12302,98043.99999999987
12303,98043.99999999987
12304,98043.99999999987
12305,98043.99999999987
12306,98043.99999999987
12307,98043.99999999987
12308,98043.99999999987
12309,98043.99999999987
12310,98043.99999999987
12311,98043.99999999987
12312,98043.99999999987
12313,98043.99999999987
12314,98043.99999999987
12315,98043.99999999987
12316,98043.99999999987
12317,98043.99999999987
12318,98043.99999999987
12319,98043.99999999987
12320,98043.99999999987
12321,98043.99999999987
12322,98043.99999999987
12323,98043.99999999987
12324,98043.99999999987
12325,98043.99999999987
12326,98043.99999999987
12327,98043.99999999987
12328,98043.99999999987
12329,98043.99999999987
12330,98043.99999999987
12331,98043.99999999987
12332,98043.99999999987
12333,98043.99999999987
12334,98043.99999999987
12335,98043.99999999987
12336,98043.99999999987
12337,98043.99999999987
12338,98043.99999999987
12339,98043.99999999987
12340,98043.99999999987
12341,98043.99999999987
12342,98043.99999999987
12343,98043.99999999987
12344,98043.99999999987
12345,98043.99999999987
12346,98043.99999999987
12347,98043.99999999987
12348,98043.99999999987
12349,98043.99999999987
12350,98043.99999999987
12351,98043.99999999987
12352,98043.99999999987
12353,98043.99999999987
12354,98043.99999999987
12355,98043.99999999987
12356,98043.99999999987
12357,98043.99999999987
12358,98043.99999999987
12359,98043.99999999987
12360,98043.99999999987
12361,98043.99999999987
12362,98043.99999999987
12363,98043.99999999987
12364,98043.99999999987
12365,98043.99999999987
12366,98043.99999999987
12367,98043.99999999987
12368,98043.99999999987
12369,98043.99999999987
12370,98043.99999999987
12371,98043.99999999987
12372,98043.99999999987
12373,98043.99999999987
12374,98043.99999999987
12375,98043.99999999987
12376,98043.99999999987
12377,98043.99999999987
12378,98043.99999999987
12379,98043.99999999987
12380,98043.99999999987
12381,98043.99999999987
12382,98043.99999999987
12383,98043.99999999987
12384,98043.99999999987
12385,98043.99999999987
12386,98043.99999999987
12387,98043.99999999987
12388,98043.99999999987
12389,98043.99999999987
12390,98043.99999999987
12391,98043.99999999987
12392,98043.99999999987
12393,98043.99999999987
12394,98043.99999999987
12395,98043.99999999987
12396,98043.99999999987
12397,98043.99999999987
12398,98043.99999999987
12399,98043.99999999987
12400,98043.99999999987
12401,98043.99999999987
12402,98043.99999999987
12403,98043.99999999987
12404,98043.99999999987
12405,98043.99999999987
12406,98043.99999999987
12407,98043.99999999987
12408,98043.99999999987
12409,98043.99999999987
12410,98043.99999999987
12411,98043.99999999987
12412,98043.99999999987
12413,98043.99999999987
12414,98043.99999999987
12415,98043.99999999987
12416,98043.99999999987
12417,98043.99999999987
12418,98043.99999999987
12419,98043.99999999987
12420,98043.99999999987
12421,98043.99999999987
12422,98043.99999999987
12423,98043.99999999987
12424,98043.99999999987
12425,98043.99999999987
12426,98043.99999999987
12427,98043.99999999987
12428,98043.99999999987
12429,98043.99999999987
12430,98043.99999999987
12431,98043.99999999987
12432,98043.99999999987
12433,98043.99999999987
12434,98043.99999999987
12435,98043.99999999987
12436,98043.99999999987
12437,98043.99999999987
12438,98043.99999999987
12439,98043.99999999987
12440,98043.99999999987
12441,98043.99999999987
12442,98043.99999999987
12443,98043.99999999987
12444,98043.99999999987
12445,98043.99999999987
12446,98043.99999999987
12447,98043.99999999987
12448,98043.99999999987
12449,98043.99999999987
12450,98043.99999999987
12451,98043.99999999987
12452,98043.99999999987
12453,98043.99999999987
12454,98043.99999999987
12455,98043.99999999987
12456,98043.99999999987
12457,98043.99999999987
12458,98043.99999999987
12459,98043.99999999987
12460,98043.99999999987
12461,98043.99999999987
12462,98043.99999999987
12463,98043.99999999987
12464,98043.99999999987
12465,98043.99999999987
12466,98043.99999999987
12467,98043.99999999987
12468,98043.99999999987
12469,98043.99999999987
12470,98043.99999999987
12471,98043.99999999987
12472,98043.99999999987
12473,98043.99999999987
12474,98043.99999999987
12475,98043.99999999987
12476,98043.99999999987
12477,98043.99999999987
12478,98043.99999999987
12479,98043.99999999987
12480,98043.99999999987
12481,98043.99999999987
12482,98043.99999999987
12483,98043.99999999987
12484,98043.99999999987
12485,98043.99999999987
12486,98043.99999999987
12487,98043.99999999987
12488,98043.99999999987
12489,98043.99999999987
12490,98043.99999999987
12491,98043.99999999987
12492,98043.99999999987
12493,98043.99999999987
12494,98043.99999999987
12495,98043.99999999987
12496,98043.99999999987
12497,98043.99999999987
12498,98043.99999999987
12499,98043.99999999987
12500,98043.99999999987
12501,98043.99999999987
12502,98043.99999999987
12503,98043.99999999987
12504,98043.99999999987
12505,98043.99999999987
12506,98043.99999999987
12507,98043.99999999987
12508,98043.99999999987
12509,98043.99999999987
12510,98043.99999999987
12511,98043.99999999987
12512,98043.99999999987
12513,98043.99999999987
12514,98043.99999999987
12515,98043.99999999987
12516,98043.99999999987
12517,98043.99999999987
12518,98043.99999999987
12519,98043.99999999987
12520,98043.99999999987
12521,98043.99999999987
12522,98043.99999999987
12523,98043.99999999987
12524,98043.99999999987
12525,98043.99999999987
12526,98043.99999999987
12527,98043.99999999987
12528,98043.99999999987
12529,98043.99999999987
12530,98043.99999999987
12531,98043.99999999987
12532,98043.99999999987
12533,98043.99999999987
12534,98043.99999999987
12535,98043.99999999987
12536,98043.99999999987
12537,98043.99999999987
12538,98043.99999999987
12539,98043.99999999987
12540,98043.99999999987
12541,98043.99999999987
12542,98043.99999999987
12543,98043.99999999987
12544,98043.99999999987
12545,98043.99999999987
12546,98043.99999999987
12547,98043.99999999987
12548,98043.99999999987
12549,98043.99999999987
12550,98043.99999999987
12551,98043.99999999987
12552,98043.99999999987
12553,98043.99999999987
12554,98043.99999999987
12555,98043.99999999987
12556,98043.99999999987
12557,98043.99999999987
12558,98043.99999999987
12559,98043.99999999987
12560,98043.99999999987
12561,98043.99999999987
12562,98043.99999999987
12563,98043.99999999987
12564,98043.99999999987
12565,98043.99999999987
12566,98043.99999999987
12567,98043.99999999987
12568,98043.99999999987
12569,98043.99999999987
12570,98043.99999999987
12571,98043.99999999987
12572,98043.99999999987
12573,98043.99999999987
12574,98043.99999999987
12575,98043.99999999987
12576,98043.99999999987
12577,98043.99999999987
12578,98043.99999999987
12579,98043.99999999987
12580,98043.99999999987
12581,98043.99999999987
12582,98043.99999999987
12583,98043.99999999987
12584,98043.99999999987
12585,98043.99999999987
12586,98043.99999999987
12587,98043.99999999987
12588,98043.99999999987
12589,98043.99999999987
12590,98043.99999999987
12591,98043.99999999987
12592,98043.99999999987
12593,98043.99999999987
12594,98043.99999999987
12595,98043.99999999987
12596,98043.99999999987
12597,98043.99999999987
12598,98043.99999999987
12599,98043.99999999987
12600,98043.99999999987
12601,98043.99999999987
12602,98043.99999999987
12603,98043.99999999987
12604,98043.99999999987
12605,98043.99999999987
12606,98043.99999999987
12607,98043.99999999987
12608,98043.99999999987
12609,98043.99999999987
12610,98043.99999999987
12611,98043.99999999987
12612,98043.99999999987
12613,98043.99999999987
12614,98043.99999999987
12615,98043.99999999987
12616,98043.99999999987
12617,98043.99999999987
12618,98043.99999999987
12619,98043.99999999987
12620,98043.99999999987
12621,98043.99999999987
12622,98043.99999999987
12623,98043.99999999987
12624,98043.99999999987
12625,98043.99999999987
12626,98043.99999999987
12627,98043.99999999987
12628,98043.99999999987
12629,98043.99999999987
12630,98043.99999999987
12631,98043.99999999987
12632,98043.99999999987
12633,98043.99999999987
12634,98043.99999999987
12635,98043.99999999987
12636,98043.99999999987
12637,98043.99999999987
12638,98043.99999999987
12639,98043.99999999987
12640,98043.99999999987
12641,98043.99999999987
12642,98043.99999999987
12643,98043.99999999987
12644,98043.99999999987
12645,98043.99999999987
12646,98043.99999999987
12647,98043.99999999987
12648,98043.99999999987
12649,98043.99999999987
12650,98043.99999999987
12651,98043.99999999987
12652,98043.99999999987
12653,98043.99999999987
12654,98043.99999999987
12655,98043.99999999987
12656,98043.99999999987
12657,98043.99999999987
12658,98043.99999999987
12659,98043.99999999987
12660,98043.99999999987
12661,98043.99999999987
12662,98043.99999999987
12663,98043.99999999987
12664,98043.99999999987
12665,98043.99999999987
12666,98043.99999999987
12667,98043.99999999987
12668,98043.99999999987
12669,98043.99999999987
12670,98043.99999999987
12671,98043.99999999987
12672,98043.99999999987
12673,98043.99999999987
12674,98043.99999999987
12675,98043.99999999987
12676,98043.99999999987
12677,98043.99999999987
12678,98043.99999999987
12679,98043.99999999987
12680,98043.99999999987
12681,98043.99999999987
12682,98043.99999999987
12683,98043.99999999987
12684,98043.99999999987
12685,98043.99999999987
12686,98043.99999999987
12687,98043.99999999987
12688,98043.99999999987
12689,98043.99999999987
12690,98043.99999999987
12691,98043.99999999987
12692,98043.99999999987
12693,98043.99999999987
12694,98043.99999999987
12695,98043.99999999987
12696,98043.99999999987
12697,98043.99999999987
12698,98043.99999999987
12699,98043.99999999987
12700,98043.99999999987
12701,98043.99999999987
12702,98043.99999999987
12703,98043.99999999987
12704,98043.99999999987
12705,98043.99999999987
12706,98043.99999999987
12707,98043.99999999987
12708,98043.99999999987
12709,98043.99999999987
12710,98043.99999999987
12711,98043.99999999987
12712,98043.99999999987
12713,98043.99999999987
12714,98043.99999999987
12715,98043.99999999987
12716,98043.99999999987
12717,98043.99999999987
12718,98043.99999999987
12719,98043.99999999987
12720,98043.99999999987
12721,98043.99999999987
12722,98043.99999999987
12723,98043.99999999987
12724,98043.99999999987
12725,98043.99999999987
12726,98043.99999999987
12727,98043.99999999987
12728,98043.99999999987
12729,98043.99999999987
12730,98043.99999999987
12731,98043.99999999987
12732,98043.99999999987
12733,98043.99999999987
12734,98043.99999999987
12735,98043.99999999987
12736,98043.99999999987
12737,98043.99999999987
12738,98043.99999999987
12739,98043.99999999987
12740,98043.99999999987
12741,98043.99999999987
12742,98043.99999999987
12743,98043.99999999987
12744,98043.99999999987
12745,98043.99999999987
12746,98043.99999999987
12747,98043.99999999987
12748,98043.99999999987
12749,98043.99999999987
12750,98043.99999999987
12751,98043.99999999987
12752,98043.99999999987
12753,98043.99999999987
12754,98043.99999999987
12755,98043.99999999987
12756,98043.99999999987
12757,98043.99999999987
12758,98043.99999999987
12759,98043.99999999987
12760,98043.99999999987
12761,98043.99999999987
12762,98043.99999999987
12763,98043.99999999987
12764,98043.99999999987
12765,98043.99999999987
12766,98043.99999999987
12767,98043.99999999987
12768,98043.99999999987
12769,98043.99999999987
12770,98043.99999999987
12771,98043.99999999987
12772,98043.99999999987
12773,98043.99999999987
12774,98043.99999999987
12775,98043.99999999987
12776,98043.99999999987
12777,98043.99999999987
12778,98043.99999999987
12779,98043.99999999987
12780,98043.99999999987
12781,98043.99999999987
12782,98043.99999999987
12783,98043.99999999987
12784,98043.99999999987
12785,98043.99999999987
12786,98043.99999999987
12787,98043.99999999987
12788,98043.99999999987
12789,98043.99999999987
12790,98043.99999999987
12791,98043.99999999987
12792,98043.99999999987
12793,98043.99999999987
12794,98043.99999999987
12795,98043.99999999987
12796,98043.99999999987
12797,98043.99999999987
12798,98043.99999999987
12799,98043.99999999987
12800,98043.99999999987
12801,98043.99999999987
12802,98043.99999999987
12803,98043.99999999987
12804,98043.99999999987
12805,98043.99999999987
12806,98043.99999999987
12807,98043.99999999987
12808,98043.99999999987
12809,98043.99999999987
12810,98043.99999999987
12811,98043.99999999987
12812,98043.99999999987
12813,98043.99999999987
12814,98043.99999999987
12815,98043.99999999987
12816,98043.99999999987
12817,98043.99999999987
12818,98043.99999999987
12819,98043.99999999987
12820,98043.99999999987
12821,98043.99999999987
12822,98043.99999999987
12823,98043.99999999987
12824,98043.99999999987
12825,98043.99999999987
12826,98043.99999999987
12827,98043.99999999987
12828,98043.99999999987
12829,98043.99999999987
12830,98043.99999999987
12831,98043.99999999987
12832,98043.99999999987
12833,98043.99999999987
12834,98043.99999999987
12835,98043.99999999987
12836,98043.99999999987
12837,98043.99999999987
12838,98043.99999999987
12839,98043.99999999987
12840,98043.99999999987
12841,98043.99999999987
12842,98043.99999999987
12843,98043.99999999987
12844,98043.99999999987
12845,98043.99999999987
12846,98043.99999999987
12847,98043.99999999987
12848,98043.99999999987
12849,98043.99999999987
12850,98043.99999999987
12851,98043.99999999987
12852,98043.99999999987
12853,98043.99999999987
12854,98043.99999999987
12855,98043.99999999987
12856,98043.99999999987
12857,98043.99999999987
12858,98043.99999999987
12859,98043.99999999987
12860,98043.99999999987
12861,98043.99999999987
12862,98043.99999999987
12863,98043.99999999987
12864,98043.99999999987
12865,98043.99999999987
12866,98043.99999999987
12867,98043.99999999987
12868,98043.99999999987
12869,98043.99999999987
12870,98043.99999999987
12871,98043.99999999987
12872,98043.99999999987
12873,98043.99999999987
12874,98043.99999999987
12875,98043.99999999987
12876,98043.99999999987
12877,98043.99999999987
12878,98043.99999999987
12879,98043.99999999987
12880,98043.99999999987
12881,98043.99999999987
12882,98043.99999999987
12883,98043.99999999987
12884,98043.99999999987
12885,98043.99999999987
12886,98043.99999999987
12887,98043.99999999987
12888,98043.99999999987
12889,98043.99999999987
12890,98043.99999999987
12891,98043.99999999987
12892,98043.99999999987
12893,98043.99999999987
12894,98043.99999999987
12895,98043.99999999987
12896,98043.99999999987
12897,98043.99999999987
12898,98043.99999999987
12899,98043.99999999987
12900,98043.99999999987
12901,98043.99999999987
12902,98043.99999999987
12903,98043.99999999987
12904,98043.99999999987
12905,98043.99999999987
12906,98043.99999999987
12907,98043.99999999987
12908,98043.99999999987
12909,98043.99999999987
12910,98043.99999999987
12911,98043.99999999987
12912,98043.99999999987
12913,98043.99999999987
12914,98043.99999999987
12915,98043.99999999987
12916,98043.99999999987
12917,98043.99999999987
12918,98043.99999999987
12919,98043.99999999987
12920,98043.99999999987
12921,98043.99999999987
12922,98043.99999999987
12923,98043.99999999987
12924,98043.99999999987
12925,98043.99999999987
12926,98043.99999999987
12927,98043.99999999987
12928,98043.99999999987
12929,98043.99999999987
12930,98043.99999999987
12931,98043.99999999987
12932,98043.99999999987
12933,98043.99999999987
12934,98043.99999999987
12935,98043.99999999987
12936,98043.99999999987
12937,98043.99999999987
12938,98043.99999999987
12939,98043.99999999987
12940,98043.99999999987
12941,98043.99999999987
12942,98043.99999999987
12943,98043.99999999987
12944,98043.99999999987
12945,98043.99999999987
12946,98043.99999999987
12947,98043.99999999987
12948,98043.99999999987
12949,98043.99999999987
12950,98043.99999999987
12951,98043.99999999987
12952,98043.99999999987
12953,98043.99999999987
12954,98043.99999999987
12955,98043.99999999987
12956,98043.99999999987
12957,98043.99999999987
12958,98043.99999999987
12959,98043.99999999987
12960,98043.99999999987
12961,98043.99999999987
12962,98043.99999999987
12963,98043.99999999987
12964,98043.99999999987
12965,98043.99999999987
12966,98043.99999999987
12967,98043.99999999987
12968,98043.99999999987
12969,98043.99999999987
12970,98043.99999999987
12971,98043.99999999987
12972,98043.99999999987
12973,98043.99999999987
12974,98043.99999999987
12975,98043.99999999987
12976,98043.99999999987
12977,98043.99999999987
12978,98043.99999999987
12979,98043.99999999987
12980,98043.99999999987
12981,98043.99999999987
12982,98043.99999999987
12983,98043.99999999987
12984,98043.99999999987
12985,98043.99999999987
12986,98043.99999999987
12987,98043.99999999987
12988,98043.99999999987
12989,98043.99999999987
12990,98043.99999999987
12991,98043.99999999987
12992,98043.99999999987
12993,98043.99999999987
12994,98043.99999999987
12995,98043.99999999987
12996,98043.99999999987
12997,98043.99999999987
12998,98043.99999999987
12999,98043.99999999987
13000,98043.99999999987
13001,98043.99999999987
13002,98043.99999999987
13003,98043.99999999987
13004,98043.99999999987
13005,98043.99999999987
13006,98043.99999999987
13007,98043.99999999987
13008,98043.99999999987
13009,98043.99999999987
13010,98043.99999999987
13011,98043.99999999987
13012,98043.99999999987
13013,98043.99999999987
13014,98043.99999999987
13015,98043.99999999987
13016,98043.99999999987
13017,98043.99999999987
13018,98043.99999999987
13019,98043.99999999987
13020,98043.99999999987
13021,98043.99999999987
13022,98043.99999999987
13023,98043.99999999987
13024,98043.99999999987
13025,98043.99999999987
13026,98043.99999999987
13027,98043.99999999987
13028,98043.99999999987
13029,98043.99999999987
13030,98043.99999999987
13031,98043.99999999987
13032,98043.99999999987
13033,98043.99999999987
13034,98043.99999999987
13035,98043.99999999987
13036,98043.99999999987
13037,98043.99999999987
13038,98043.99999999987
13039,98043.99999999987
13040,98043.99999999987
13041,98043.99999999987
13042,98043.99999999987
13043,98043.99999999987
13044,98043.99999999987
13045,98043.99999999987
13046,98043.99999999987
13047,98043.99999999987
13048,98043.99999999987
13049,98043.99999999987
13050,98043.99999999987
13051,98043.99999999987
13052,98043.99999999987
13053,98043.99999999987
13054,98043.99999999987
13055,98043.99999999987
13056,98043.99999999987
13057,98043.99999999987
13058,98043.99999999987
13059,98043.99999999987
13060,98043.99999999987
13061,98043.99999999987
13062,98043.99999999987
13063,98043.99999999987
13064,98043.99999999987
13065,98043.99999999987
13066,98043.99999999987
13067,98043.99999999987
13068,98043.99999999987
13069,98043.99999999987
13070,98043.99999999987
13071,98043.99999999987
13072,98043.99999999987
13073,98043.99999999987
13074,98043.99999999987
13075,98043.99999999987
13076,98043.99999999987
13077,98043.99999999987
13078,98043.99999999987
13079,98043.99999999987
13080,98043.99999999987
13081,98043.99999999987
13082,98043.99999999987
13083,98043.99999999987
13084,98043.99999999987
13085,98043.99999999987
13086,98043.99999999987
13087,98043.99999999987
13088,98043.99999999987
13089,98043.99999999987
13090,98043.99999999987
13091,98043.99999999987
13092,98043.99999999987
13093,98043.99999999987
13094,98043.99999999987
13095,98043.99999999987
13096,98043.99999999987
13097,98043.99999999987
13098,98043.99999999987
13099,98043.99999999987
13100,98043.99999999987
13101,98043.99999999987
13102,98043.99999999987
13103,98043.99999999987
13104,98043.99999999987
13105,98043.99999999987
13106,98043.99999999987
13107,98043.99999999987
13108,98043.99999999987
13109,98043.99999999987
13110,98043.99999999987
13111,98043.99999999987
13112,98043.99999999987
13113,98043.99999999987
13114,98043.99999999987
13115,98043.99999999987
13116,98043.99999999987
13117,98043.99999999987
13118,98043.99999999987
13119,98043.99999999987
13120,98043.99999999987
13121,98043.99999999987
13122,98043.99999999987
13123,98043.99999999987
13124,98043.99999999987
13125,98043.99999999987
13126,98043.99999999987
13127,98043.99999999987
13128,98043.99999999987
13129,98043.99999999987
13130,98043.99999999987
13131,98043.99999999987
13132,98043.99999999987
13133,98043.99999999987
13134,98043.99999999987
13135,98043.99999999987
13136,98043.99999999987
13137,98043.99999999987
13138,98043.99999999987
13139,98043.99999999987
13140,98043.99999999987
13141,98043.99999999987
13142,98043.99999999987
13143,98043.99999999987
13144,98043.99999999987
13145,98043.99999999987
13146,98043.99999999987
13147,98043.99999999987
13148,98043.99999999987
13149,98043.99999999987
13150,98043.99999999987
13151,98043.99999999987
13152,98043.99999999987
13153,98043.99999999987
13154,98043.99999999987
13155,98043.99999999987
13156,98043.99999999987
13157,98043.99999999987
13158,98043.99999999987
13159,98043.99999999987
13160,98043.99999999987
13161,98043.99999999987
13162,98043.99999999987
13163,98043.99999999987
13164,98043.99999999987
13165,98043.99999999987
13166,98043.99999999987
13167,98043.99999999987
13168,98043.99999999987
13169,98043.99999999987
13170,98043.99999999987
13171,98043.99999999987
13172,98043.99999999987
13173,98043.99999999987
13174,98043.99999999987
13175,98043.99999999987
13176,98043.99999999987
13177,98043.99999999987
13178,98043.99999999987
13179,98043.99999999987
13180,98043.99999999987
13181,98043.99999999987
13182,98043.99999999987
13183,98043.99999999987
13184,98043.99999999987
13185,98043.99999999987
13186,98043.99999999987
13187,98043.99999999987
13188,98043.99999999987
13189,98043.99999999987
13190,98043.99999999987
13191,98043.99999999987
13192,98043.99999999987
13193,98043.99999999987
13194,98043.99999999987
13195,98043.99999999987
13196,98043.99999999987
13197,98043.99999999987
13198,98043.99999999987
13199,98043.99999999987
13200,98043.99999999987
13201,98043.99999999987
13202,98043.99999999987
13203,98043.99999999987
13204,98043.99999999987
13205,98043.99999999987
13206,98043.99999999987
13207,98043.99999999987
13208,98043.99999999987
13209,98043.99999999987
13210,98043.99999999987
13211,98043.99999999987
13212,98043.99999999987
13213,98043.99999999987
13214,98043.99999999987
13215,98043.99999999987
13216,98043.99999999987
13217,98043.99999999987
13218,98043.99999999987
13219,98043.99999999987
13220,98043.99999999987
13221,98043.99999999987
13222,98043.99999999987
13223,98043.99999999987
13224,98043.99999999987
13225,98043.99999999987
13226,98043.99999999987
13227,98043.99999999987
13228,98043.99999999987
13229,98043.99999999987
13230,98043.99999999987
13231,98043.99999999987
13232,98043.99999999987
13233,98043.99999999987
13234,98043.99999999987
13235,98043.99999999987
13236,98043.99999999987
13237,98043.99999999987
13238,98043.99999999987
13239,98043.99999999987
13240,98043.99999999987
13241,98043.99999999987
13242,98043.99999999987
13243,98043.99999999987
13244,98043.99999999987
13245,98043.99999999987
13246,98043.99999999987
13247,98043.99999999987
13248,98043.99999999987
13249,98043.99999999987
13250,98043.99999999987
13251,98043.99999999987
13252,98043.99999999987
13253,98043.99999999987
13254,98043.99999999987
13255,98043.99999999987
13256,98043.99999999987
13257,98043.99999999987
13258,98043.99999999987
13259,98043.99999999987
13260,98043.99999999987
13261,98043.99999999987
13262,98043.99999999987
13263,98043.99999999987
13264,98043.99999999987
13265,98043.99999999987
13266,98043.99999999987
13267,98043.99999999987
13268,98043.99999999987
13269,98043.99999999987
13270,98043.99999999987
13271,98043.99999999987
13272,98043.99999999987
13273,98043.99999999987
13274,98043.99999999987
13275,98043.99999999987
13276,98043.99999999987
13277,98043.99999999987
13278,98043.99999999987
13279,98043.99999999987
13280,98043.99999999987
13281,98043.99999999987
13282,98043.99999999987
13283,98043.99999999987
13284,98043.99999999987
13285,98043.99999999987
13286,98043.99999999987
13287,98043.99999999987
13288,98043.99999999987
13289,98043.99999999987
13290,98043.99999999987
13291,98043.99999999987
13292,98043.99999999987
13293,98043.99999999987
13294,98043.99999999987
13295,98043.99999999987
13296,98043.99999999987
13297,98043.99999999987
13298,98043.99999999987
13299,98043.99999999987
13300,98043.99999999987
13301,98043.99999999987
13302,98043.99999999987
13303,98043.99999999987
13304,98043.99999999987
13305,98043.99999999987
13306,98043.99999999987
13307,98043.99999999987
13308,98043.99999999987
13309,98043.99999999987
13310,98043.99999999987
13311,98043.99999999987
13312,98043.99999999987
13313,98043.99999999987
13314,98043.99999999987
13315,98043.99999999987
13316,98043.99999999987
13317,98043.99999999987
13318,98043.99999999987
13319,98043.99999999987
13320,98043.99999999987
13321,98043.99999999987
13322,98043.99999999987
13323,98043.99999999987
13324,98043.99999999987
13325,98043.99999999987
13326,98043.99999999987
13327,98043.99999999987
13328,98043.99999999987
13329,98043.99999999987
13330,98043.99999999987
13331,98043.99999999987
13332,98043.99999999987
13333,98043.99999999987
13334,98043.99999999987
13335,98043.99999999987
13336,98043.99999999987
13337,98043.99999999987
13338,98043.99999999987
13339,98043.99999999987
13340,98043.99999999987
13341,98043.99999999987
13342,98043.99999999987
13343,98043.99999999987
13344,98043.99999999987
13345,98043.99999999987
13346,98043.99999999987
13347,98043.99999999987
13348,98043.99999999987
13349,98043.99999999987
13350,98043.99999999987
13351,98043.99999999987
13352,98043.99999999987
13353,98043.99999999987
13354,98043.99999999987
13355,98043.99999999987
13356,98043.99999999987
13357,98043.99999999987
13358,98043.99999999987
13359,98043.99999999987
13360,98043.99999999987
13361,98043.99999999987
13362,98043.99999999987
13363,98043.99999999987
13364,98043.99999999987
13365,98043.99999999987
13366,98043.99999999987
13367,98043.99999999987
13368,98043.99999999987
13369,98043.99999999987
13370,98043.99999999987
13371,98043.99999999987
13372,98043.99999999987
13373,98043.99999999987
13374,98043.99999999987
13375,98043.99999999987
13376,98043.99999999987
13377,98043.99999999987
13378,98043.99999999987
13379,98043.99999999987
13380,98043.99999999987
13381,98043.99999999987
13382,98043.99999999987
13383,98043.99999999987
13384,98043.99999999987
13385,98043.99999999987
13386,98043.99999999987
13387,98043.99999999987
13388,98043.99999999987
13389,98043.99999999987
13390,98043.99999999987
13391,98043.99999999987
13392,98043.99999999987
13393,98043.99999999987
13394,98043.99999999987
13395,98043.99999999987
13396,98043.99999999987
13397,98043.99999999987
13398,98043.99999999987
13399,98043.99999999987
13400,98043.99999999987
13401,98043.99999999987
13402,98043.99999999987
13403,98043.99999999987
13404,98043.99999999987
13405,98043.99999999987
13406,98043.99999999987
13407,98043.99999999987
13408,98043.99999999987
13409,98043.99999999987
13410,98043.99999999987
13411,98043.99999999987
13412,98043.99999999987
13413,98043.99999999987
13414,98043.99999999987
13415,98043.99999999987
13416,98043.99999999987
13417,98043.99999999987
13418,98043.99999999987
13419,98043.99999999987
13420,98043.99999999987
13421,98043.99999999987
13422,98043.99999999987
13423,98043.99999999987
13424,98043.99999999987
13425,98043.99999999987
13426,98043.99999999987
13427,98043.99999999987
13428,98043.99999999987
13429,98043.99999999987
13430,98043.99999999987
13431,98043.99999999987
13432,98043.99999999987
13433,98043.99999999987
13434,98043.99999999987
13435,98043.99999999987
13436,98043.99999999987
13437,98043.99999999987
13438,98043.99999999987
13439,98043.99999999987
13440,98043.99999999987
13441,98043.99999999987
13442,98043.99999999987
13443,98043.99999999987
13444,98043.99999999987
13445,98043.99999999987
13446,98043.99999999987
13447,98043.99999999987
13448,98043.99999999987
13449,98043.99999999987
13450,98043.99999999987
13451,98043.99999999987
13452,98043.99999999987
13453,98043.99999999987
13454,98043.99999999987
13455,98043.99999999987
13456,98043.99999999987
13457,98043.99999999987
13458,98043.99999999987
13459,98043.99999999987
13460,98043.99999999987
13461,98043.99999999987
13462,98043.99999999987
13463,98043.99999999987
13464,98043.99999999987
13465,98043.99999999987
13466,98043.99999999987
13467,98043.99999999987
13468,98043.99999999987
13469,98043.99999999987
13470,98043.99999999987
13471,98043.99999999987
13472,98043.99999999987
13473,98043.99999999987
13474,98043.99999999987
13475,98043.99999999987
13476,98043.99999999987
13477,98043.99999999987
13478,98043.99999999987
13479,98043.99999999987
13480,98043.99999999987
13481,98043.99999999987
13482,98043.99999999987
13483,98043.99999999987
13484,98043.99999999987
13485,98043.99999999987
13486,98043.99999999987
13487,98043.99999999987
13488,98043.99999999987
13489,98043.99999999987
13490,98043.99999999987
13491,98043.99999999987
13492,98043.99999999987
13493,98043.99999999987
13494,98043.99999999987
13495,98043.99999999987
13496,98043.99999999987
13497,98043.99999999987
13498,98043.99999999987
13499,98043.99999999987
13500,98043.99999999987
13501,98043.99999999987
13502,98043.99999999987
13503,98043.99999999987
13504,98043.99999999987
13505,98043.99999999987
13506,98043.99999999987
13507,98043.99999999987
13508,98043.99999999987
13509,98043.99999999987
13510,98043.99999999987
13511,98043.99999999987
13512,98043.99999999987
13513,98043.99999999987
13514,98043.99999999987
13515,98043.99999999987
13516,98043.99999999987
13517,98043.99999999987
13518,98043.99999999987
13519,98043.99999999987
13520,98043.99999999987
13521,98043.99999999987
13522,98043.99999999987
13523,98043.99999999987
13524,98043.99999999987
13525,98043.99999999987
13526,98043.99999999987
13527,98043.99999999987
13528,98043.99999999987
13529,98043.99999999987
13530,98043.99999999987
13531,98043.99999999987
13532,98043.99999999987
13533,98043.99999999987
13534,98043.99999999987
13535,98043.99999999987
13536,98043.99999999987
13537,98043.99999999987
13538,98043.99999999987
13539,98043.99999999987
13540,98043.99999999987
13541,98043.99999999987
13542,98043.99999999987
13543,98043.99999999987
13544,98043.99999999987
13545,98043.99999999987
13546,98043.99999999987
13547,98043.99999999987
13548,98043.99999999987
13549,98043.99999999987
13550,98043.99999999987
13551,98043.99999999987
13552,98043.99999999987
13553,98043.99999999987
13554,98043.99999999987
13555,98043.99999999987
13556,98043.99999999987
13557,98043.99999999987
13558,98043.99999999987
13559,98043.99999999987
13560,98043.99999999987
13561,98043.99999999987
13562,98043.99999999987
13563,98043.99999999987
13564,98043.99999999987
13565,98043.99999999987
13566,98043.99999999987
13567,98043.99999999987
13568,98043.99999999987
13569,98043.99999999987
13570,98043.99999999987
13571,98043.99999999987
13572,98043.99999999987
13573,98043.99999999987
13574,98043.99999999987
13575,98043.99999999987
13576,98043.99999999987
13577,98043.99999999987
13578,98043.99999999987
13579,98043.99999999987
13580,98043.99999999987
13581,98043.99999999987
13582,98043.99999999987
13583,98043.99999999987
13584,98043.99999999987
13585,98043.99999999987
13586,98043.99999999987
13587,98043.99999999987
13588,98043.99999999987
13589,98043.99999999987
13590,98043.99999999987
13591,98043.99999999987
13592,98043.99999999987
13593,98043.99999999987
13594,98043.99999999987
13595,98043.99999999987
13596,98043.99999999987
13597,98043.99999999987
13598,98043.99999999987
13599,98043.99999999987
13600,98043.99999999987
13601,98043.99999999987
13602,98043.99999999987
13603,98043.99999999987
13604,98043.99999999987
13605,98043.99999999987
13606,98043.99999999987
13607,98043.99999999987
13608,98043.99999999987
13609,98043.99999999987
13610,98043.99999999987
13611,98043.99999999987
13612,98043.99999999987
13613,98043.99999999987
13614,98043.99999999987
13615,98043.99999999987
13616,98043.99999999987
13617,98043.99999999987
13618,98043.99999999987
13619,98043.99999999987
13620,98043.99999999987
13621,98043.99999999987
13622,98043.99999999987
13623,98043.99999999987
13624,98043.99999999987
13625,98043.99999999987
13626,98043.99999999987
13627,98043.99999999987
13628,98043.99999999987
13629,98043.99999999987
13630,98043.99999999987
13631,98043.99999999987
13632,98043.99999999987
13633,98043.99999999987
13634,98043.99999999987
13635,98043.99999999987
13636,98043.99999999987
13637,98043.99999999987
13638,98043.99999999987
13639,98043.99999999987
13640,98043.99999999987
13641,98043.99999999987
13642,98043.99999999987
13643,98043.99999999987
13644,98043.99999999987
13645,98043.99999999987
13646,98043.99999999987
13647,98043.99999999987
13648,98043.99999999987
13649,98043.99999999987
13650,98043.99999999987
13651,98043.99999999987
13652,98043.99999999987
13653,98043.99999999987
13654,98043.99999999987
13655,98043.99999999987
13656,98043.99999999987
13657,98043.99999999987
13658,98043.99999999987
13659,98043.99999999987
13660,98043.99999999987
13661,98043.99999999987
13662,98043.99999999987
13663,98043.99999999987
13664,98043.99999999987
13665,98043.99999999987
13666,98043.99999999987
13667,98043.99999999987
13668,98043.99999999987
13669,98043.99999999987
13670,98043.99999999987
13671,98043.99999999987
13672,98043.99999999987
13673,98043.99999999987
13674,98043.99999999987
13675,98043.99999999987
13676,98043.99999999987
13677,98043.99999999987
13678,98043.99999999987
13679,98043.99999999987
13680,98043.99999999987
13681,98043.99999999987
13682,98043.99999999987
13683,98043.99999999987
13684,98043.99999999987
13685,98043.99999999987
13686,98043.99999999987
13687,98043.99999999987
13688,98043.99999999987
13689,98043.99999999987
13690,98043.99999999987
13691,98043.99999999987
13692,98043.99999999987
13693,98043.99999999987
13694,98043.99999999987
13695,98043.99999999987
13696,98043.99999999987
13697,98043.99999999987
13698,98043.99999999987
13699,98043.99999999987
13700,98043.99999999987
13701,98043.99999999987
13702,98043.99999999987
13703,98043.99999999987
13704,98043.99999999987
13705,98043.99999999987
13706,98043.99999999987
13707,98043.99999999987
13708,98043.99999999987
13709,98043.99999999987
13710,98043.99999999987
13711,98043.99999999987
13712,98043.99999999987
13713,98043.99999999987
13714,98043.99999999987
13715,98043.99999999987
13716,98043.99999999987
13717,98043.99999999987
13718,98043.99999999987
13719,98043.99999999987
13720,98043.99999999987
13721,98043.99999999987
13722,98043.99999999987
13723,98043.99999999987
13724,98043.99999999987
13725,98043.99999999987
13726,98043.99999999987
13727,98043.99999999987
13728,98043.99999999987
13729,98043.99999999987
13730,98043.99999999987
13731,98043.99999999987
13732,98043.99999999987
13733,98043.99999999987
13734,98043.99999999987
13735,98043.99999999987
13736,98043.99999999987
13737,98043.99999999987
13738,98043.99999999987
13739,98043.99999999987
13740,98043.99999999987
13741,98043.99999999987
13742,98043.99999999987
13743,98043.99999999987
13744,98043.99999999987
13745,98043.99999999987
13746,98043.99999999987
13747,98043.99999999987
13748,98043.99999999987
13749,98043.99999999987
13750,98043.99999999987
13751,98043.99999999987
13752,98043.99999999987
13753,98043.99999999987
13754,98043.99999999987
13755,98043.99999999987
13756,98043.99999999987
13757,98043.99999999987
13758,98043.99999999987
13759,98043.99999999987
13760,98043.99999999987
13761,98043.99999999987
13762,98043.99999999987
13763,98043.99999999987
13764,98043.99999999987
13765,98043.99999999987
13766,98043.99999999987
13767,98043.99999999987
13768,98043.99999999987
13769,98043.99999999987
13770,98043.99999999987
13771,98043.99999999987
13772,98043.99999999987
13773,98043.99999999987
13774,98043.99999999987
13775,98043.99999999987
13776,98043.99999999987
13777,98043.99999999987
13778,98043.99999999987
13779,98043.99999999987
13780,98043.99999999987
13781,98043.99999999987
13782,98043.99999999987
13783,98043.99999999987
13784,98043.99999999987
13785,98043.99999999987
13786,98043.99999999987
13787,98043.99999999987
13788,98043.99999999987
13789,98043.99999999987
13790,98043.99999999987
13791,98043.99999999987
13792,98043.99999999987
13793,98043.99999999987
13794,98043.99999999987
13795,98043.99999999987
13796,98043.99999999987
13797,98043.99999999987
13798,98043.99999999987
13799,98043.99999999987
13800,98043.99999999987
13801,98043.99999999987
13802,98043.99999999987
13803,98043.99999999987
13804,98043.99999999987
13805,98043.99999999987
13806,98043.99999999987
13807,98043.99999999987
13808,98043.99999999987
13809,98043.99999999987
13810,98043.99999999987
13811,98043.99999999987
13812,98043.99999999987
13813,98043.99999999987
13814,98043.99999999987
13815,98043.99999999987
13816,98043.99999999987
13817,98043.99999999987
13818,98043.99999999987
13819,98043.99999999987
13820,98043.99999999987
13821,98043.99999999987
13822,98043.99999999987
13823,98043.99999999987
13824,98043.99999999987
13825,98043.99999999987
13826,98043.99999999987
13827,98043.99999999987
13828,98043.99999999987
13829,98043.99999999987
13830,98043.99999999987
13831,98043.99999999987
13832,98043.99999999987
13833,98043.99999999987
13834,98043.99999999987
13835,98043.99999999987
13836,98043.99999999987
13837,98043.99999999987
13838,98043.99999999987
13839,98043.99999999987
13840,98043.99999999987
13841,98043.99999999987
13842,98043.99999999987
13843,98043.99999999987
13844,98043.99999999987
13845,98043.99999999987
13846,98043.99999999987
13847,98043.99999999987
13848,98043.99999999987
13849,98043.99999999987
13850,98043.99999999987
13851,98043.99999999987
13852,98043.99999999987
13853,98043.99999999987
13854,98043.99999999987
13855,98043.99999999987
13856,98043.99999999987
13857,98043.99999999987
13858,98043.99999999987
13859,98043.99999999987
13860,98043.99999999987
13861,98043.99999999987
13862,98043.99999999987
13863,98043.99999999987
13864,98043.99999999987
13865,98043.99999999987
13866,98043.99999999987
13867,98043.99999999987
13868,98043.99999999987
13869,98043.99999999987
13870,98043.99999999987
13871,98043.99999999987
13872,98043.99999999987
13873,98043.99999999987
13874,98043.99999999987
13875,98043.99999999987
13876,98043.99999999987
13877,98043.99999999987
13878,98043.99999999987
13879,98043.99999999987
13880,98043.99999999987
13881,98043.99999999987
13882,98043.99999999987
13883,98043.99999999987
13884,98043.99999999987
13885,98043.99999999987
13886,98043.99999999987
13887,98043.99999999987
13888,98043.99999999987
13889,98043.99999999987
13890,98043.99999999987
13891,98043.99999999987
13892,98043.99999999987
13893,98043.99999999987
13894,98043.99999999987
13895,98043.99999999987
13896,98043.99999999987
13897,98043.99999999987
13898,98043.99999999987
13899,98043.99999999987
13900,98043.99999999987
13901,98043.99999999987
13902,98043.99999999987
13903,98043.99999999987
13904,98043.99999999987
13905,98043.99999999987
13906,98043.99999999987
13907,98043.99999999987
13908,98043.99999999987
13909,98043.99999999987
13910,98043.99999999987
13911,98043.99999999987
13912,98043.99999999987
13913,98043.99999999987
13914,98043.99999999987
13915,98043.99999999987
13916,98043.99999999987
13917,98043.99999999987
13918,98043.99999999987
13919,98043.99999999987
13920,98043.99999999987
13921,98043.99999999987
13922,98043.99999999987
13923,98043.99999999987
13924,98043.99999999987
13925,98043.99999999987
13926,98043.99999999987
13927,98043.99999999987
13928,98043.99999999987
13929,98043.99999999987
13930,98043.99999999987
13931,98043.99999999987
13932,98043.99999999987
13933,98043.99999999987
13934,98043.99999999987
13935,98043.99999999987
13936,98043.99999999987
13937,98043.99999999987
13938,98043.99999999987
13939,98043.99999999987
13940,98043.99999999987
13941,98043.99999999987
13942,98043.99999999987
13943,98043.99999999987
13944,98043.99999999987
13945,98043.99999999987
13946,98043.99999999987
13947,98043.99999999987
13948,98043.99999999987
13949,98043.99999999987
13950,98043.99999999987
13951,98043.99999999987
13952,98043.99999999987
13953,98043.99999999987
13954,98043.99999999987
13955,98043.99999999987
13956,98043.99999999987
13957,98043.99999999987
13958,98043.99999999987
13959,98043.99999999987
13960,98043.99999999987
13961,98043.99999999987
13962,98043.99999999987
13963,98043.99999999987
13964,98043.99999999987
13965,98043.99999999987
13966,98043.99999999987
13967,98043.99999999987
13968,98043.99999999987
13969,98043.99999999987
13970,98043.99999999987
13971,98043.99999999987
13972,98043.99999999987
13973,98043.99999999987
13974,98043.99999999987
13975,98043.99999999987
13976,98043.99999999987
13977,98043.99999999987
13978,98043.99999999987
13979,98043.99999999987
13980,98043.99999999987
13981,98043.99999999987
13982,98043.99999999987
13983,98043.99999999987
13984,98043.99999999987
13985,98043.99999999987
13986,98043.99999999987
13987,98043.99999999987
13988,98043.99999999987
13989,98043.99999999987
13990,98043.99999999987
13991,98043.99999999987
13992,98043.99999999987
13993,98043.99999999987
13994,98043.99999999987
13995,98043.99999999987
13996,98043.99999999987
13997,98043.99999999987
13998,98043.99999999987
13999,98043.99999999987
14000,98043.99999999987
14001,98043.99999999987
14002,98043.99999999987
14003,98043.99999999987
14004,98043.99999999987
14005,98043.99999999987
14006,98043.99999999987
14007,98043.99999999987
14008,98043.99999999987
14009,98043.99999999987
14010,98043.99999999987
14011,98043.99999999987
14012,98043.99999999987
14013,98043.99999999987
14014,98043.99999999987
14015,98043.99999999987
14016,98043.99999999987
14017,98043.99999999987
14018,98043.99999999987
14019,98043.99999999987
14020,98043.99999999987
14021,98043.99999999987
14022,98043.99999999987
14023,98043.99999999987
14024,98043.99999999987
14025,98043.99999999987
14026,98043.99999999987
14027,98043.99999999987
14028,98043.99999999987
14029,98043.99999999987
14030,98043.99999999987
14031,98043.99999999987
14032,98043.99999999987
14033,98043.99999999987
14034,98043.99999999987
14035,98043.99999999987
14036,98043.99999999987
14037,98043.99999999987
14038,98043.99999999987
14039,98043.99999999987
14040,98043.99999999987
14041,98043.99999999987
14042,98043.99999999987
14043,98043.99999999987
14044,98043.99999999987
14045,98043.99999999987
14046,98043.99999999987
14047,98043.99999999987
14048,98043.99999999987
14049,98043.99999999987
14050,98043.99999999987
14051,98043.99999999987
14052,98043.99999999987
14053,98043.99999999987
14054,98043.99999999987
14055,98043.99999999987
14056,98043.99999999987
14057,98043.99999999987
14058,98043.99999999987
14059,98043.99999999987
14060,98043.99999999987
14061,98043.99999999987
14062,98043.99999999987
14063,98043.99999999987
14064,98043.99999999987
14065,98043.99999999987
14066,98043.99999999987
14067,98043.99999999987
14068,98043.99999999987
14069,98043.99999999987
14070,98043.99999999987
14071,98043.99999999987
14072,98043.99999999987
14073,98043.99999999987
14074,98043.99999999987
14075,98043.99999999987
14076,98043.99999999987
14077,98043.99999999987
14078,98043.99999999987
14079,98043.99999999987
14080,98043.99999999987
14081,98043.99999999987
14082,98043.99999999987
14083,98043.99999999987
14084,98043.99999999987
14085,98043.99999999987
14086,98043.99999999987
14087,98043.99999999987
14088,98043.99999999987
14089,98043.99999999987
14090,98043.99999999987
14091,98043.99999999987
14092,98043.99999999987
14093,98043.99999999987
14094,98043.99999999987
14095,98043.99999999987
14096,98043.99999999987
14097,98043.99999999987
14098,98043.99999999987
14099,98043.99999999987
14100,98043.99999999987
14101,98043.99999999987
14102,98043.99999999987
14103,98043.99999999987
14104,98043.99999999987
14105,98043.99999999987
14106,98043.99999999987
14107,98043.99999999987
14108,98043.99999999987
14109,98043.99999999987
14110,98043.99999999987
14111,98043.99999999987
14112,98043.99999999987
14113,98043.99999999987
14114,98043.99999999987
14115,98043.99999999987
14116,98043.99999999987
14117,98043.99999999987
14118,98043.99999999987
14119,98043.99999999987
14120,98043.99999999987
14121,98043.99999999987
14122,98043.99999999987
14123,98043.99999999987
14124,98043.99999999987
14125,98043.99999999987
14126,98043.99999999987
14127,98043.99999999987
14128,98043.99999999987
14129,98043.99999999987
14130,98043.99999999987
14131,98043.99999999987
14132,98043.99999999987
14133,98043.99999999987
14134,98043.99999999987
14135,98043.99999999987
14136,98043.99999999987
14137,98043.99999999987
14138,98043.99999999987
14139,98043.99999999987
14140,98043.99999999987
14141,98043.99999999987
14142,98043.99999999987
14143,98043.99999999987
14144,98043.99999999987
14145,98043.99999999987
14146,98043.99999999987
14147,98043.99999999987
14148,98043.99999999987
14149,98043.99999999987
14150,98043.99999999987
14151,98043.99999999987
14152,98043.99999999987
14153,98043.99999999987
14154,98043.99999999987
14155,98043.99999999987
14156,98043.99999999987
14157,98043.99999999987
14158,98043.99999999987
14159,98043.99999999987
14160,98043.99999999987
14161,98043.99999999987
14162,98043.99999999987
14163,98043.99999999987
14164,98043.99999999987
14165,98043.99999999987
14166,98043.99999999987
14167,98043.99999999987
14168,98043.99999999987
14169,98043.99999999987
14170,98043.99999999987
14171,98043.99999999987
14172,98043.99999999987
14173,98043.99999999987
14174,98043.99999999987
14175,98043.99999999987
14176,98043.99999999987
14177,98043.99999999987
14178,98043.99999999987
14179,98043.99999999987
14180,98043.99999999987
14181,98043.99999999987
14182,98043.99999999987
14183,98043.99999999987
14184,98043.99999999987
14185,98043.99999999987
14186,98043.99999999987
14187,98043.99999999987
14188,98043.99999999987
14189,98043.99999999987
14190,98043.99999999987
14191,98043.99999999987
14192,98043.99999999987
14193,98043.99999999987
14194,98043.99999999987
14195,98043.99999999987
14196,98043.99999999987
14197,98043.99999999987
14198,98043.99999999987
14199,98043.99999999987
14200,98043.99999999987
14201,98043.99999999987
14202,98043.99999999987
14203,98043.99999999987
14204,98043.99999999987
14205,98043.99999999987
14206,98043.99999999987
14207,98043.99999999987
14208,98043.99999999987
14209,98043.99999999987
14210,98043.99999999987
14211,98043.99999999987
14212,98043.99999999987
14213,98043.99999999987
14214,98043.99999999987
14215,98043.99999999987
14216,98043.99999999987
14217,98043.99999999987
14218,98043.99999999987
14219,98043.99999999987
14220,98043.99999999987
14221,98043.99999999987
14222,98043.99999999987
14223,98043.99999999987
14224,98043.99999999987
14225,98043.99999999987
14226,98043.99999999987
14227,98043.99999999987
14228,98043.99999999987
14229,98043.99999999987
14230,98043.99999999987
14231,98043.99999999987
14232,98043.99999999987
14233,98043.99999999987
14234,98043.99999999987
14235,98043.99999999987
14236,98043.99999999987
14237,98043.99999999987
14238,98043.99999999987
14239,98043.99999999987
14240,98043.99999999987
14241,98043.99999999987
14242,98043.99999999987
14243,98043.99999999987
14244,98043.99999999987
14245,98043.99999999987
14246,98043.99999999987
14247,98043.99999999987
14248,98043.99999999987
14249,98043.99999999987
14250,98043.99999999987
14251,98043.99999999987
14252,98043.99999999987
14253,98043.99999999987
14254,98043.99999999987
14255,98043.99999999987
14256,98043.99999999987
14257,98043.99999999987
14258,98043.99999999987
14259,98043.99999999987
14260,98043.99999999987
14261,98043.99999999987
14262,98043.99999999987
14263,98043.99999999987
14264,98043.99999999987
14265,98043.99999999987
14266,98043.99999999987
14267,98043.99999999987
14268,98043.99999999987
14269,98043.99999999987
14270,98043.99999999987
14271,98043.99999999987
14272,98043.99999999987
14273,98043.99999999987
14274,98043.99999999987
14275,98043.99999999987
14276,98043.99999999987
14277,98043.99999999987
14278,98043.99999999987
14279,98043.99999999987
14280,98043.99999999987
14281,98043.99999999987
14282,98043.99999999987
14283,98043.99999999987
14284,98043.99999999987
14285,98043.99999999987
14286,98043.99999999987
14287,98043.99999999987
14288,98043.99999999987
14289,98043.99999999987
14290,98043.99999999987
14291,98043.99999999987
14292,98043.99999999987
14293,98043.99999999987
14294,98043.99999999987
14295,98043.99999999987
14296,98043.99999999987
14297,98043.99999999987
14298,98043.99999999987
14299,98043.99999999987
14300,98043.99999999987
14301,98043.99999999987
14302,98043.99999999987
14303,98043.99999999987
14304,98043.99999999987
14305,98043.99999999987
14306,98043.99999999987
14307,98043.99999999987
14308,98043.99999999987
14309,98043.99999999987
14310,98043.99999999987
14311,98043.99999999987
14312,98043.99999999987
14313,98043.99999999987
14314,98043.99999999987
14315,98043.99999999987
14316,98043.99999999987
14317,98043.99999999987
14318,98043.99999999987
14319,98043.99999999987
14320,98043.99999999987
14321,98043.99999999987
14322,98043.99999999987
14323,98043.99999999987
14324,98043.99999999987
14325,98043.99999999987
14326,98043.99999999987
14327,98043.99999999987
14328,98043.99999999987
14329,98043.99999999987
14330,98043.99999999987
14331,98043.99999999987
14332,98043.99999999987
14333,98043.99999999987
14334,98043.99999999987
14335,98043.99999999987
14336,98043.99999999987
14337,98043.99999999987
14338,98043.99999999987
14339,98043.99999999987
14340,98043.99999999987
14341,98043.99999999987
14342,98043.99999999987
14343,98043.99999999987
14344,98043.99999999987
14345,98043.99999999987
14346,98043.99999999987
14347,98043.99999999987
14348,98043.99999999987
14349,98043.99999999987
14350,98043.99999999987
14351,98043.99999999987
14352,98043.99999999987
14353,98043.99999999987
14354,98043.99999999987
14355,98043.99999999987
14356,98043.99999999987
14357,98043.99999999987
14358,98043.99999999987
14359,98043.99999999987
14360,98043.99999999987
14361,98043.99999999987
14362,98043.99999999987
14363,98043.99999999987
14364,98043.99999999987
14365,98043.99999999987
14366,98043.99999999987
14367,98043.99999999987
14368,98043.99999999987
14369,98043.99999999987
14370,98043.99999999987
14371,98043.99999999987
14372,98043.99999999987
14373,98043.99999999987
14374,98043.99999999987
14375,98043.99999999987
14376,98043.99999999987
14377,98043.99999999987
14378,98043.99999999987
14379,98043.99999999987
14380,98043.99999999987
14381,98043.99999999987
14382,98043.99999999987
14383,98043.99999999987
14384,98043.99999999987
14385,98043.99999999987
14386,98043.99999999987
14387,98043.99999999987
14388,98043.99999999987
14389,98043.99999999987
14390,98043.99999999987
14391,98043.99999999987
14392,98043.99999999987
14393,98043.99999999987
14394,98043.99999999987
14395,98043.99999999987
14396,98043.99999999987
14397,98043.99999999987
14398,98043.99999999987
14399,98043.99999999987
14400,98043.99999999987
14401,98043.99999999987
14402,98043.99999999987
14403,98043.99999999987
14404,98043.99999999987
14405,98043.99999999987
14406,98043.99999999987
14407,98043.99999999987
14408,98043.99999999987
14409,98043.99999999987
14410,98043.99999999987
14411,98043.99999999987
14412,98043.99999999987
14413,98043.99999999987
14414,98043.99999999987
14415,98043.99999999987
14416,98043.99999999987
14417,98043.99999999987
14418,98043.99999999987
14419,98043.99999999987
14420,98043.99999999987
14421,98043.99999999987
14422,98043.99999999987
14423,98043.99999999987
14424,98043.99999999987
14425,98043.99999999987
14426,98043.99999999987
14427,98043.99999999987
14428,98043.99999999987
14429,98043.99999999987
14430,98043.99999999987
14431,98043.99999999987
14432,98043.99999999987
14433,98043.99999999987
14434,98043.99999999987
14435,98043.99999999987
14436,98043.99999999987
14437,98043.99999999987
14438,98043.99999999987
14439,98043.99999999987
14440,98043.99999999987
14441,98043.99999999987
14442,98043.99999999987
14443,98043.99999999987
14444,98043.99999999987
14445,98043.99999999987
14446,98043.99999999987
14447,98043.99999999987
14448,98043.99999999987
14449,98043.99999999987
14450,98043.99999999987
14451,98043.99999999987
14452,98043.99999999987
14453,98043.99999999987
14454,98043.99999999987
14455,98043.99999999987
14456,98043.99999999987
14457,98043.99999999987
14458,98043.99999999987
14459,98043.99999999987
14460,98043.99999999987
14461,98043.99999999987
14462,98043.99999999987
14463,98043.99999999987
14464,98043.99999999987
14465,98043.99999999987
14466,98043.99999999987
14467,98043.99999999987
14468,98043.99999999987
14469,98043.99999999987
14470,98043.99999999987
14471,98043.99999999987
14472,98043.99999999987
14473,98043.99999999987
14474,98043.99999999987
14475,98043.99999999987
14476,98043.99999999987
14477,98043.99999999987
14478,98043.99999999987
14479,98043.99999999987
14480,98043.99999999987
14481,98043.99999999987
14482,98043.99999999987
14483,98043.99999999987
14484,98043.99999999987
14485,98043.99999999987
14486,98043.99999999987
14487,98043.99999999987
14488,98043.99999999987
14489,98043.99999999987
14490,98043.99999999987
14491,98043.99999999987
14492,98043.99999999987
14493,98043.99999999987
14494,98043.99999999987
14495,98043.99999999987
14496,98043.99999999987
14497,98043.99999999987
14498,98043.99999999987
14499,98043.99999999987
14500,98043.99999999987
14501,98043.99999999987
14502,98043.99999999987
14503,98043.99999999987
14504,98043.99999999987
14505,98043.99999999987
14506,98043.99999999987
14507,98043.99999999987
14508,98043.99999999987
14509,98043.99999999987
14510,98043.99999999987
14511,98043.99999999987
14512,98043.99999999987
14513,98043.99999999987
14514,98043.99999999987
14515,98043.99999999987
14516,98043.99999999987
14517,98043.99999999987
14518,98043.99999999987
14519,98043.99999999987
14520,98043.99999999987
14521,98043.99999999987
14522,98043.99999999987
14523,98043.99999999987
14524,98043.99999999987
14525,98043.99999999987
14526,98043.99999999987
14527,98043.99999999987
14528,98043.99999999987
14529,98043.99999999987
14530,98043.99999999987
14531,98043.99999999987
14532,98043.99999999987
14533,98043.99999999987
14534,98043.99999999987
14535,98043.99999999987
14536,98043.99999999987
14537,98043.99999999987
14538,98043.99999999987
14539,98043.99999999987
14540,98043.99999999987
14541,98043.99999999987
14542,98043.99999999987
14543,98043.99999999987
14544,98043.99999999987
14545,98043.99999999987
14546,98043.99999999987
14547,98043.99999999987
14548,98043.99999999987
14549,98043.99999999987
14550,98043.99999999987
14551,98043.99999999987
14552,98043.99999999987
14553,98043.99999999987
14554,98043.99999999987
14555,98043.99999999987
14556,98043.99999999987
14557,98043.99999999987
14558,98043.99999999987
14559,98043.99999999987
14560,98043.99999999987
14561,98043.99999999987
14562,98043.99999999987
14563,98043.99999999987
14564,98043.99999999987
14565,98043.99999999987
14566,98043.99999999987
14567,98043.99999999987
14568,98043.99999999987
14569,98043.99999999987
14570,98043.99999999987
14571,98043.99999999987
14572,98043.99999999987
14573,98043.99999999987
14574,98043.99999999987
14575,98043.99999999987
14576,98043.99999999987
14577,98043.99999999987
14578,98043.99999999987
14579,98043.99999999987
14580,98043.99999999987
14581,98043.99999999987
14582,98043.99999999987
14583,98043.99999999987
14584,98043.99999999987
14585,98043.99999999987
14586,98043.99999999987
14587,98043.99999999987
14588,98043.99999999987
14589,98043.99999999987
14590,98043.99999999987
14591,98043.99999999987
14592,98043.99999999987
14593,98043.99999999987
14594,98043.99999999987
14595,98043.99999999987
14596,98043.99999999987
14597,98043.99999999987
14598,98043.99999999987
14599,98043.99999999987
14600,98043.99999999987
14601,98043.99999999987
14602,98043.99999999987
14603,98043.99999999987
14604,98043.99999999987
14605,98043.99999999987
14606,98043.99999999987
14607,98043.99999999987
14608,98043.99999999987
14609,98043.99999999987
14610,98043.99999999987
14611,98043.99999999987
14612,98043.99999999987
14613,98043.99999999987
14614,98043.99999999987
14615,98043.99999999987
14616,98043.99999999987
14617,98043.99999999987
14618,98043.99999999987
14619,98043.99999999987
14620,98043.99999999987
14621,98043.99999999987
14622,98043.99999999987
14623,98043.99999999987
14624,98043.99999999987
14625,98043.99999999987
14626,98043.99999999987
14627,98043.99999999987
14628,98043.99999999987
14629,98043.99999999987
14630,98043.99999999987
14631,98043.99999999987
14632,98043.99999999987
14633,98043.99999999987
14634,98043.99999999987
14635,98043.99999999987
14636,98043.99999999987
14637,98043.99999999987
14638,98043.99999999987
14639,98043.99999999987
14640,98043.99999999987
14641,98043.99999999987
14642,98043.99999999987
14643,98043.99999999987
14644,98043.99999999987
14645,98043.99999999987
14646,98043.99999999987
14647,98043.99999999987
14648,98043.99999999987
14649,98043.99999999987
14650,98043.99999999987
14651,98043.99999999987
14652,98043.99999999987
14653,98043.99999999987
14654,98043.99999999987
14655,98043.99999999987
14656,98043.99999999987
14657,98043.99999999987
14658,98043.99999999987
14659,98043.99999999987
14660,98043.99999999987
14661,98043.99999999987
14662,98043.99999999987
14663,98043.99999999987
14664,98043.99999999987
14665,98043.99999999987
14666,98043.99999999987
14667,98043.99999999987
14668,98043.99999999987
14669,98043.99999999987
14670,98043.99999999987
14671,98043.99999999987
14672,98043.99999999987
14673,98043.99999999987
14674,98043.99999999987
14675,98043.99999999987
14676,98043.99999999987
14677,98043.99999999987
14678,98043.99999999987
14679,98043.99999999987
14680,98043.99999999987
14681,98043.99999999987
14682,98043.99999999987
14683,98043.99999999987
14684,98043.99999999987
14685,98043.99999999987
14686,98043.99999999987
14687,98043.99999999987
14688,98043.99999999987
14689,98043.99999999987
14690,98043.99999999987
14691,98043.99999999987
14692,98043.99999999987
14693,98043.99999999987
14694,98043.99999999987
14695,98043.99999999987
14696,98043.99999999987
14697,98043.99999999987
14698,98043.99999999987
14699,98043.99999999987
14700,98043.99999999987
14701,98043.99999999987
14702,98043.99999999987
14703,98043.99999999987
14704,98043.99999999987
14705,98043.99999999987
14706,98043.99999999987
14707,98043.99999999987
14708,98043.99999999987
14709,98043.99999999987
14710,98043.99999999987
14711,98043.99999999987
14712,98043.99999999987
14713,98043.99999999987
14714,98043.99999999987
14715,98043.99999999987
14716,98043.99999999987
14717,98043.99999999987
14718,98043.99999999987
14719,98043.99999999987
14720,98043.99999999987
14721,98043.99999999987
14722,98043.99999999987
14723,98043.99999999987
14724,98043.99999999987
14725,98043.99999999987
14726,98043.99999999987
14727,98043.99999999987
14728,98043.99999999987
14729,98043.99999999987
14730,98043.99999999987
14731,98043.99999999987
14732,98043.99999999987
14733,98043.99999999987
14734,98043.99999999987
14735,98043.99999999987
14736,98043.99999999987
14737,98043.99999999987
14738,98043.99999999987
14739,98043.99999999987
14740,98043.99999999987
14741,98043.99999999987
14742,98043.99999999987
14743,98043.99999999987
14744,98043.99999999987
14745,98043.99999999987
14746,98043.99999999987
14747,98043.99999999987
14748,98043.99999999987
14749,98043.99999999987
14750,98043.99999999987
14751,98043.99999999987
14752,98043.99999999987
14753,98043.99999999987
14754,98043.99999999987
14755,98043.99999999987
14756,98043.99999999987
14757,98043.99999999987
14758,98043.99999999987
14759,98043.99999999987
14760,98043.99999999987
14761,98043.99999999987
14762,98043.99999999987
14763,98043.99999999987
14764,98043.99999999987
14765,98043.99999999987
14766,98043.99999999987
14767,98043.99999999987
14768,98043.99999999987
14769,98043.99999999987
14770,98043.99999999987
14771,98043.99999999987
14772,98043.99999999987
14773,98043.99999999987
14774,98043.99999999987
14775,98043.99999999987
14776,98043.99999999987
14777,98043.99999999987
14778,98043.99999999987
14779,98043.99999999987
14780,98043.99999999987
14781,98043.99999999987
14782,98043.99999999987
14783,98043.99999999987
14784,98043.99999999987
14785,98043.99999999987
14786,98043.99999999987
14787,98043.99999999987
14788,98043.99999999987
14789,98043.99999999987
14790,98043.99999999987
14791,98043.99999999987
14792,98043.99999999987
14793,98043.99999999987
14794,98043.99999999987
14795,98043.99999999987
14796,98043.99999999987
14797,98043.99999999987
14798,98043.99999999987
14799,98043.99999999987
14800,98043.99999999987
14801,98043.99999999987
14802,98043.99999999987
14803,98043.99999999987
14804,98043.99999999987
14805,98043.99999999987
14806,98043.99999999987
14807,98043.99999999987
14808,98043.99999999987
14809,98043.99999999987
14810,98043.99999999987
14811,98043.99999999987
14812,98043.99999999987
14813,98043.99999999987
14814,98043.99999999987
14815,98043.99999999987
14816,98043.99999999987
14817,98043.99999999987
14818,98043.99999999987
14819,98043.99999999987
14820,98043.99999999987
14821,98043.99999999987
14822,98043.99999999987
14823,98043.99999999987
14824,98043.99999999987
14825,98043.99999999987
14826,98043.99999999987
14827,98043.99999999987
14828,98043.99999999987
14829,98043.99999999987
14830,98043.99999999987
14831,98043.99999999987
14832,98043.99999999987
14833,98043.99999999987
14834,98043.99999999987
14835,98043.99999999987
14836,98043.99999999987
14837,98043.99999999987
14838,98043.99999999987
14839,98043.99999999987
14840,98043.99999999987
14841,98043.99999999987
14842,98043.99999999987
14843,98043.99999999987
14844,98043.99999999987
14845,98043.99999999987
14846,98043.99999999987
14847,98043.99999999987
14848,98043.99999999987
14849,98043.99999999987
14850,98043.99999999987
14851,98043.99999999987
14852,98043.99999999987
14853,98043.99999999987
14854,98043.99999999987
14855,98043.99999999987
14856,98043.99999999987
14857,98043.99999999987
14858,98043.99999999987
14859,98043.99999999987
14860,98043.99999999987
14861,98043.99999999987
14862,98043.99999999987
14863,98043.99999999987
14864,98043.99999999987
14865,98043.99999999987
14866,98043.99999999987
14867,98043.99999999987
14868,98043.99999999987
14869,98043.99999999987
14870,98043.99999999987
14871,98043.99999999987
14872,98043.99999999987
14873,98043.99999999987
14874,98043.99999999987
14875,98043.99999999987
14876,98043.99999999987
14877,98043.99999999987
14878,98043.99999999987
14879,98043.99999999987
14880,98043.99999999987
14881,98043.99999999987
14882,98043.99999999987
14883,98043.99999999987
14884,98043.99999999987
14885,98043.99999999987
14886,98043.99999999987
14887,98043.99999999987
14888,98043.99999999987
14889,98043.99999999987
14890,98043.99999999987
14891,98043.99999999987
14892,98043.99999999987
14893,98043.99999999987
14894,98043.99999999987
14895,98043.99999999987
14896,98043.99999999987
14897,98043.99999999987
14898,98043.99999999987
14899,98043.99999999987
14900,98043.99999999987
14901,98043.99999999987
14902,98043.99999999987
14903,98043.99999999987
14904,98043.99999999987
14905,98043.99999999987
14906,98043.99999999987
14907,98043.99999999987
14908,98043.99999999987
14909,98043.99999999987
14910,98043.99999999987
14911,98043.99999999987
14912,98043.99999999987
14913,98043.99999999987
14914,98043.99999999987
14915,98043.99999999987
14916,98043.99999999987
14917,98043.99999999987
14918,98043.99999999987
14919,98043.99999999987
14920,98043.99999999987
14921,98043.99999999987
14922,98043.99999999987
14923,98043.99999999987
14924,98043.99999999987
14925,98043.99999999987
14926,98043.99999999987
14927,98043.99999999987
14928,98043.99999999987
14929,98043.99999999987
14930,98043.99999999987
14931,98043.99999999987
14932,98043.99999999987
14933,98043.99999999987
14934,98043.99999999987
14935,98043.99999999987
14936,98043.99999999987
14937,98043.99999999987
14938,98043.99999999987
14939,98043.99999999987
14940,98043.99999999987
14941,98043.99999999987
14942,98043.99999999987
14943,98043.99999999987
14944,98043.99999999987
14945,98043.99999999987
14946,98043.99999999987
14947,98043.99999999987
14948,98043.99999999987
14949,98043.99999999987
14950,98043.99999999987
14951,98043.99999999987
14952,98043.99999999987
14953,98043.99999999987
14954,98043.99999999987
14955,98043.99999999987
14956,98043.99999999987
14957,98043.99999999987
14958,98043.99999999987
14959,98043.99999999987
14960,98043.99999999987
14961,98043.99999999987
14962,98043.99999999987
14963,98043.99999999987
14964,98043.99999999987
14965,98043.99999999987
14966,98043.99999999987
14967,98043.99999999987
14968,98043.99999999987
14969,98043.99999999987
14970,98043.99999999987
14971,98043.99999999987
14972,98043.99999999987
14973,98043.99999999987
14974,98043.99999999987
14975,98043.99999999987
14976,98043.99999999987
14977,98043.99999999987
14978,98043.99999999987
14979,98043.99999999987
14980,98043.99999999987
14981,98043.99999999987
14982,98043.99999999987
14983,98043.99999999987
14984,98043.99999999987
14985,98043.99999999987
14986,98043.99999999987
14987,98043.99999999987
14988,98043.99999999987
14989,98043.99999999987
14990,98043.99999999987
14991,98043.99999999987
14992,98043.99999999987
14993,98043.99999999987
14994,98043.99999999987
14995,98043.99999999987
14996,98043.99999999987
14997,98043.99999999987
14998,98043.99999999987
14999,98043.99999999987
15000,98043.99999999987
15001,98043.99999999987
15002,98043.99999999987
15003,98043.99999999987
15004,98043.99999999987
15005,98043.99999999987
15006,98043.99999999987
15007,98043.99999999987
15008,98043.99999999987
15009,98043.99999999987
15010,98043.99999999987
15011,98043.99999999987
15012,98043.99999999987
15013,98043.99999999987
15014,98043.99999999987
15015,98043.99999999987
15016,98043.99999999987
15017,98043.99999999987
15018,98043.99999999987
15019,98043.99999999987
15020,98043.99999999987
15021,98043.99999999987
15022,98043.99999999987
15023,98043.99999999987
15024,98043.99999999987
15025,98043.99999999987
15026,98043.99999999987
15027,98043.99999999987
15028,98043.99999999987
15029,98043.99999999987
15030,98043.99999999987
15031,98043.99999999987
15032,98043.99999999987
15033,98043.99999999987
15034,98043.99999999987
15035,98043.99999999987
15036,98043.99999999987
15037,98043.99999999987
15038,98043.99999999987
15039,98043.99999999987
15040,98043.99999999987
15041,98043.99999999987
15042,98043.99999999987
15043,98043.99999999987
15044,98043.99999999987
15045,98043.99999999987
15046,98043.99999999987
15047,98043.99999999987
15048,98043.99999999987
15049,98043.99999999987
15050,98043.99999999987
15051,98043.99999999987
15052,98043.99999999987
15053,98043.99999999987
15054,98043.99999999987
15055,98043.99999999987
15056,98043.99999999987
15057,98043.99999999987
15058,98043.99999999987
15059,98043.99999999987
15060,98043.99999999987
15061,98043.99999999987
15062,98043.99999999987
15063,98043.99999999987
15064,98043.99999999987
15065,98043.99999999987
15066,98043.99999999987
15067,98043.99999999987
15068,98043.99999999987
15069,98043.99999999987
15070,98043.99999999987
15071,98043.99999999987
15072,98043.99999999987
15073,98043.99999999987
15074,98043.99999999987
15075,98043.99999999987
15076,98043.99999999987
15077,98043.99999999987
15078,98043.99999999987
15079,98043.99999999987
15080,98043.99999999987
15081,98043.99999999987
15082,98043.99999999987
15083,98043.99999999987
15084,98043.99999999987
15085,98043.99999999987
15086,98043.99999999987
15087,98043.99999999987
15088,98043.99999999987
15089,98043.99999999987
15090,98043.99999999987
15091,98043.99999999987
15092,98043.99999999987
15093,98043.99999999987
15094,98043.99999999987
15095,98043.99999999987
15096,98043.99999999987
15097,98043.99999999987
15098,98043.99999999987
15099,98043.99999999987
15100,98043.99999999987
15101,98043.99999999987
15102,98043.99999999987
15103,98043.99999999987
15104,98043.99999999987
15105,98043.99999999987
15106,98043.99999999987
15107,98043.99999999987
15108,98043.99999999987
15109,98043.99999999987
15110,98043.99999999987
15111,98043.99999999987
15112,98043.99999999987
15113,98043.99999999987
15114,98043.99999999987
15115,98043.99999999987
15116,98043.99999999987
15117,98043.99999999987
15118,98043.99999999987
15119,98043.99999999987
15120,98043.99999999987
15121,98043.99999999987
15122,98043.99999999987
15123,98043.99999999987
15124,98043.99999999987
15125,98043.99999999987
15126,98043.99999999987
15127,98043.99999999987
15128,98043.99999999987
15129,98043.99999999987
15130,98043.99999999987
15131,98043.99999999987
15132,98043.99999999987
15133,98043.99999999987
15134,98043.99999999987
15135,98043.99999999987
15136,98043.99999999987
15137,98043.99999999987
15138,98043.99999999987
15139,98043.99999999987
15140,98043.99999999987
15141,98043.99999999987
15142,98043.99999999987
15143,98043.99999999987
15144,98043.99999999987
15145,98043.99999999987
15146,98043.99999999987
15147,98043.99999999987
15148,98043.99999999987
15149,98043.99999999987
15150,98043.99999999987
15151,98043.99999999987
15152,98043.99999999987
15153,98043.99999999987
15154,98043.99999999987
15155,98043.99999999987
15156,98043.99999999987
15157,98043.99999999987
15158,98043.99999999987
15159,98043.99999999987
15160,98043.99999999987
15161,98043.99999999987
15162,98043.99999999987
15163,98043.99999999987
15164,98043.99999999987
15165,98043.99999999987
15166,98043.99999999987
15167,98043.99999999987
15168,98043.99999999987
15169,98043.99999999987
15170,98043.99999999987
15171,98043.99999999987
15172,98043.99999999987
15173,98043.99999999987
15174,98043.99999999987
15175,98043.99999999987
15176,98043.99999999987
15177,98043.99999999987
15178,98043.99999999987
15179,98043.99999999987
15180,98043.99999999987
15181,98043.99999999987
15182,98043.99999999987
15183,98043.99999999987
15184,98043.99999999987
15185,98043.99999999987
15186,98043.99999999987
15187,98043.99999999987
15188,98043.99999999987
15189,98043.99999999987
15190,98043.99999999987
15191,98043.99999999987
15192,98043.99999999987
15193,98043.99999999987
15194,98043.99999999987
15195,98043.99999999987
15196,98043.99999999987
15197,98043.99999999987
15198,98043.99999999987
15199,98043.99999999987
15200,98043.99999999987
15201,98043.99999999987
15202,98043.99999999987
15203,98043.99999999987
15204,98043.99999999987
15205,98043.99999999987
15206,98043.99999999987
15207,98043.99999999987
15208,98043.99999999987
15209,98043.99999999987
15210,98043.99999999987
15211,98043.99999999987
15212,98043.99999999987
15213,98043.99999999987
15214,98043.99999999987
15215,98043.99999999987
15216,98043.99999999987
15217,98043.99999999987
15218,98043.99999999987
15219,98043.99999999987
15220,98043.99999999987
15221,98043.99999999987
15222,98043.99999999987
15223,98043.99999999987
15224,98043.99999999987
15225,98043.99999999987
15226,98043.99999999987
15227,98043.99999999987
15228,98043.99999999987
15229,98043.99999999987
15230,98043.99999999987
15231,98043.99999999987
15232,98043.99999999987
15233,98043.99999999987
15234,98043.99999999987
15235,98043.99999999987
15236,98043.99999999987
15237,98043.99999999987
15238,98043.99999999987
15239,98043.99999999987
15240,98043.99999999987
15241,98043.99999999987
15242,98043.99999999987
15243,98043.99999999987
15244,98043.99999999987
15245,98043.99999999987
15246,98043.99999999987
15247,98043.99999999987
15248,98043.99999999987
15249,98043.99999999987
15250,98043.99999999987
15251,98043.99999999987
15252,98043.99999999987
15253,98043.99999999987
15254,98043.99999999987
15255,98043.99999999987
15256,98043.99999999987
15257,98043.99999999987
15258,98043.99999999987
15259,98043.99999999987
15260,98043.99999999987
15261,98043.99999999987
15262,98043.99999999987
15263,98043.99999999987
15264,98043.99999999987
15265,98043.99999999987
15266,98043.99999999987
15267,98043.99999999987
15268,98043.99999999987
15269,98043.99999999987
15270,98043.99999999987
15271,98043.99999999987
15272,98043.99999999987
15273,98043.99999999987
15274,98043.99999999987
15275,98043.99999999987
15276,98043.99999999987
15277,98043.99999999987
15278,98043.99999999987
15279,98043.99999999987
15280,98043.99999999987
15281,98043.99999999987
15282,98043.99999999987
15283,98043.99999999987
15284,98043.99999999987
15285,98043.99999999987
15286,98043.99999999987
15287,98043.99999999987
15288,98043.99999999987
15289,98043.99999999987
15290,98043.99999999987
15291,98043.99999999987
15292,98043.99999999987
15293,98043.99999999987
15294,98043.99999999987
15295,98043.99999999987
15296,98043.99999999987
15297,98043.99999999987
15298,98043.99999999987
15299,98043.99999999987
15300,98043.99999999987
15301,98043.99999999987
15302,98043.99999999987
15303,98043.99999999987
15304,98043.99999999987
15305,98043.99999999987
15306,98043.99999999987
15307,98043.99999999987
15308,98043.99999999987
15309,98043.99999999987
15310,98043.99999999987
15311,98043.99999999987
15312,98043.99999999987
15313,98043.99999999987
15314,98043.99999999987
15315,98043.99999999987
15316,98043.99999999987
15317,98043.99999999987
15318,98043.99999999987
15319,98043.99999999987
15320,98043.99999999987
15321,98043.99999999987
15322,98043.99999999987
15323,98043.99999999987
15324,98043.99999999987
15325,98043.99999999987
15326,98043.99999999987
15327,98043.99999999987
15328,98043.99999999987
15329,98043.99999999987
15330,98043.99999999987
15331,98043.99999999987
15332,98043.99999999987
15333,98043.99999999987
15334,98043.99999999987
15335,98043.99999999987
15336,98043.99999999987
15337,98043.99999999987
15338,98043.99999999987
15339,98043.99999999987
15340,98043.99999999987
15341,98043.99999999987
15342,98043.99999999987
15343,98043.99999999987
15344,98043.99999999987
15345,98043.99999999987
15346,98043.99999999987
15347,98043.99999999987
15348,98043.99999999987
15349,98043.99999999987
15350,98043.99999999987
15351,98043.99999999987
15352,98043.99999999987
15353,98043.99999999987
15354,98043.99999999987
15355,98043.99999999987
15356,98043.99999999987
15357,98043.99999999987
15358,98043.99999999987
15359,98043.99999999987
15360,98043.99999999987
15361,98043.99999999987
15362,98043.99999999987
15363,98043.99999999987
15364,98043.99999999987
15365,98043.99999999987
15366,98043.99999999987
15367,98043.99999999987
15368,98043.99999999987
15369,98043.99999999987
15370,98043.99999999987
15371,98043.99999999987
15372,98043.99999999987
15373,98043.99999999987
15374,98043.99999999987
15375,98043.99999999987
15376,98043.99999999987
15377,98043.99999999987
15378,98043.99999999987
15379,98043.99999999987
15380,98043.99999999987
15381,98043.99999999987
15382,98043.99999999987
15383,98043.99999999987
15384,98043.99999999987
15385,98043.99999999987
15386,98043.99999999987
15387,98043.99999999987
15388,98043.99999999987
15389,98043.99999999987
15390,98043.99999999987
15391,98043.99999999987
15392,98043.99999999987
15393,98043.99999999987
15394,98043.99999999987
15395,98043.99999999987
15396,98043.99999999987
15397,98043.99999999987
15398,98043.99999999987
15399,98043.99999999987
15400,98043.99999999987
15401,98043.99999999987
15402,98043.99999999987
15403,98043.99999999987
15404,98043.99999999987
15405,98043.99999999987
15406,98043.99999999987
15407,98043.99999999987
15408,98043.99999999987
15409,98043.99999999987
15410,98043.99999999987
15411,98043.99999999987
15412,98043.99999999987
15413,98043.99999999987
15414,98043.99999999987
15415,98043.99999999987
15416,98043.99999999987
15417,98043.99999999987
15418,98043.99999999987
15419,98043.99999999987
15420,98043.99999999987
15421,98043.99999999987
15422,98043.99999999987
15423,98043.99999999987
15424,98043.99999999987
15425,98043.99999999987
15426,98043.99999999987
15427,98043.99999999987
15428,98043.99999999987
15429,98043.99999999987
15430,98043.99999999987
15431,98043.99999999987
15432,98043.99999999987
15433,98043.99999999987
15434,98043.99999999987
15435,98043.99999999987
15436,98043.99999999987
15437,98043.99999999987
15438,98043.99999999987
15439,98043.99999999987
15440,98043.99999999987
15441,98043.99999999987
15442,98043.99999999987
15443,98043.99999999987
15444,98043.99999999987
15445,98043.99999999987
15446,98043.99999999987
15447,98043.99999999987
15448,98043.99999999987
15449,98043.99999999987
15450,98043.99999999987
15451,98043.99999999987
15452,98043.99999999987
15453,98043.99999999987
15454,98043.99999999987
15455,98043.99999999987
15456,98043.99999999987
15457,98043.99999999987
15458,98043.99999999987
15459,98043.99999999987
15460,98043.99999999987
15461,98043.99999999987
15462,98043.99999999987
15463,98043.99999999987
15464,98043.99999999987
15465,98043.99999999987
15466,98043.99999999987
15467,98043.99999999987
15468,98043.99999999987
15469,98043.99999999987
15470,98043.99999999987
15471,98043.99999999987
15472,98043.99999999987
15473,98043.99999999987
15474,98043.99999999987
15475,98043.99999999987
15476,98043.99999999987
15477,98043.99999999987
15478,98043.99999999987
15479,98043.99999999987
15480,98043.99999999987
15481,98043.99999999987
15482,98043.99999999987
15483,98043.99999999987
15484,98043.99999999987
15485,98043.99999999987
15486,98043.99999999987
15487,98043.99999999987
15488,98043.99999999987
15489,98043.99999999987
15490,98043.99999999987
15491,98043.99999999987
15492,98043.99999999987
15493,98043.99999999987
15494,98043.99999999987
15495,98043.99999999987
15496,98043.99999999987
15497,98043.99999999987
15498,98043.99999999987
15499,98043.99999999987
15500,98043.99999999987
15501,98043.99999999987
15502,98043.99999999987
15503,98043.99999999987
15504,98043.99999999987
15505,98043.99999999987
15506,98043.99999999987
15507,98043.99999999987
15508,98043.99999999987
15509,98043.99999999987
15510,98043.99999999987
15511,98043.99999999987
15512,98043.99999999987
15513,98043.99999999987
15514,98043.99999999987
15515,98043.99999999987
15516,98043.99999999987
15517,98043.99999999987
15518,98043.99999999987
15519,98043.99999999987
15520,98043.99999999987
15521,98043.99999999987
15522,98043.99999999987
15523,98043.99999999987
15524,98043.99999999987
15525,98043.99999999987
15526,98043.99999999987
15527,98043.99999999987
15528,98043.99999999987
15529,98043.99999999987
15530,98043.99999999987
15531,98043.99999999987
15532,98043.99999999987
15533,98043.99999999987
15534,98043.99999999987
15535,98043.99999999987
15536,98043.99999999987
15537,98043.99999999987
15538,98043.99999999987
15539,98043.99999999987
15540,98043.99999999987
15541,98043.99999999987
15542,98043.99999999987
15543,98043.99999999987
15544,98043.99999999987
15545,98043.99999999987
15546,98043.99999999987
15547,98043.99999999987
15548,98043.99999999987
15549,98043.99999999987
15550,98043.99999999987
15551,98043.99999999987
15552,98043.99999999987
15553,98043.99999999987
15554,98043.99999999987
15555,98043.99999999987
15556,98043.99999999987
15557,98043.99999999987
15558,98043.99999999987
15559,98043.99999999987
15560,98043.99999999987
15561,98043.99999999987
15562,98043.99999999987
15563,98043.99999999987
15564,98043.99999999987
15565,98043.99999999987
15566,98043.99999999987
15567,98043.99999999987
15568,98043.99999999987
15569,98043.99999999987
15570,98043.99999999987
15571,98043.99999999987
15572,98043.99999999987
15573,98043.99999999987
15574,98043.99999999987
15575,98043.99999999987
15576,98043.99999999987
15577,98043.99999999987
15578,98043.99999999987
15579,98043.99999999987
15580,98043.99999999987
15581,98043.99999999987
15582,98043.99999999987
15583,98043.99999999987
15584,98043.99999999987
15585,98043.99999999987
15586,98043.99999999987
15587,98043.99999999987
15588,98043.99999999987
15589,98043.99999999987
15590,98043.99999999987
15591,98043.99999999987
15592,98043.99999999987
15593,98043.99999999987
15594,98043.99999999987
15595,98043.99999999987
15596,98043.99999999987
15597,98043.99999999987
15598,98043.99999999987
15599,98043.99999999987
15600,98043.99999999987
15601,98043.99999999987
15602,98043.99999999987
15603,98043.99999999987
15604,98043.99999999987
15605,98043.99999999987
15606,98043.99999999987
15607,98043.99999999987
15608,98043.99999999987
15609,98043.99999999987
15610,98043.99999999987
15611,98043.99999999987
15612,98043.99999999987
15613,98043.99999999987
15614,98043.99999999987
15615,98043.99999999987
15616,98043.99999999987
15617,98043.99999999987
15618,98043.99999999987
15619,98043.99999999987
15620,98043.99999999987
15621,98043.99999999987
15622,98043.99999999987
15623,98043.99999999987
15624,98043.99999999987
15625,98043.99999999987
15626,98043.99999999987
15627,98043.99999999987
15628,98043.99999999987
15629,98043.99999999987
15630,98043.99999999987
15631,98043.99999999987
15632,98043.99999999987
15633,98043.99999999987
15634,98043.99999999987
15635,98043.99999999987
15636,98043.99999999987
15637,98043.99999999987
15638,98043.99999999987
15639,98043.99999999987
15640,98043.99999999987
15641,98043.99999999987
15642,98043.99999999987
15643,98043.99999999987
15644,98043.99999999987
15645,98043.99999999987
15646,98043.99999999987
15647,98043.99999999987
15648,98043.99999999987
15649,98043.99999999987
15650,98043.99999999987
15651,98043.99999999987
15652,98043.99999999987
15653,98043.99999999987
15654,98043.99999999987
15655,98043.99999999987
15656,98043.99999999987
15657,98043.99999999987
15658,98043.99999999987
15659,98043.99999999987
15660,98043.99999999987
15661,98043.99999999987
15662,98043.99999999987
15663,98043.99999999987
15664,98043.99999999987
15665,98043.99999999987
15666,98043.99999999987
15667,98043.99999999987
15668,98043.99999999987
15669,98043.99999999987
15670,98043.99999999987
15671,98043.99999999987
15672,98043.99999999987
15673,98043.99999999987
15674,98043.99999999987
15675,98043.99999999987
15676,98043.99999999987
15677,98043.99999999987
15678,98043.99999999987
15679,98043.99999999987
15680,98043.99999999987
15681,98043.99999999987
15682,98043.99999999987
15683,98043.99999999987
15684,98043.99999999987
15685,98043.99999999987
15686,98043.99999999987
15687,98043.99999999987
15688,98043.99999999987
15689,98043.99999999987
15690,98043.99999999987
15691,98043.99999999987
15692,98043.99999999987
15693,98043.99999999987
15694,98043.99999999987
15695,98043.99999999987
15696,98043.99999999987
15697,98043.99999999987
15698,98043.99999999987
15699,98043.99999999987
15700,98043.99999999987
15701,98043.99999999987
15702,98043.99999999987
15703,98043.99999999987
15704,98043.99999999987
15705,98043.99999999987
15706,98043.99999999987
15707,98043.99999999987
15708,98043.99999999987
15709,98043.99999999987
15710,98043.99999999987
15711,98043.99999999987
15712,98043.99999999987
15713,98043.99999999987
15714,98043.99999999987
15715,98043.99999999987
15716,98043.99999999987
15717,98043.99999999987
15718,98043.99999999987
15719,98043.99999999987
15720,98043.99999999987
15721,98043.99999999987
15722,98043.99999999987
15723,98043.99999999987
15724,98043.99999999987
15725,98043.99999999987
15726,98043.99999999987
15727,98043.99999999987
15728,98043.99999999987
15729,98043.99999999987
15730,98043.99999999987
15731,98043.99999999987
15732,98043.99999999987
15733,98043.99999999987
15734,98043.99999999987
15735,98043.99999999987
15736,98043.99999999987
15737,98043.99999999987
15738,98043.99999999987
15739,98043.99999999987
15740,98043.99999999987
15741,98043.99999999987
15742,98043.99999999987
15743,98043.99999999987
15744,98043.99999999987
15745,98043.99999999987
15746,98043.99999999987
15747,98043.99999999987
15748,98043.99999999987
15749,98043.99999999987
15750,98043.99999999987
15751,98043.99999999987
15752,98043.99999999987
15753,98043.99999999987
15754,98043.99999999987
15755,98043.99999999987
15756,98043.99999999987
15757,98043.99999999987
15758,98043.99999999987
15759,98043.99999999987
15760,98043.99999999987
15761,98043.99999999987
15762,98043.99999999987
15763,98043.99999999987
15764,98043.99999999987
15765,98043.99999999987
15766,98043.99999999987
15767,98043.99999999987
15768,98043.99999999987
15769,98043.99999999987
15770,98043.99999999987
15771,98043.99999999987
15772,98043.99999999987
15773,98043.99999999987
15774,98043.99999999987
15775,98043.99999999987
15776,98043.99999999987
15777,98043.99999999987
15778,98043.99999999987
15779,98043.99999999987
15780,98043.99999999987
15781,98043.99999999987
15782,98043.99999999987
15783,98043.99999999987
15784,98043.99999999987
15785,98043.99999999987
15786,98043.99999999987
15787,98043.99999999987
15788,98043.99999999987
15789,98043.99999999987
15790,98043.99999999987
15791,98043.99999999987
15792,98043.99999999987
15793,98043.99999999987
15794,98043.99999999987
15795,98043.99999999987
15796,98043.99999999987
15797,98043.99999999987
15798,98043.99999999987
15799,98043.99999999987
15800,98043.99999999987
15801,98043.99999999987
15802,98043.99999999987
15803,98043.99999999987
15804,98043.99999999987
15805,98043.99999999987
15806,98043.99999999987
15807,98043.99999999987
15808,98043.99999999987
15809,98043.99999999987
15810,98043.99999999987
15811,98043.99999999987
15812,98043.99999999987
15813,98043.99999999987
15814,98043.99999999987
15815,98043.99999999987
15816,98043.99999999987
15817,98043.99999999987
15818,98043.99999999987
15819,98043.99999999987
15820,98043.99999999987
15821,98043.99999999987
15822,98043.99999999987
15823,98043.99999999987
15824,98043.99999999987
15825,98043.99999999987
15826,98043.99999999987
15827,98043.99999999987
15828,98043.99999999987
15829,98043.99999999987
15830,98043.99999999987
15831,98043.99999999987
15832,98043.99999999987
15833,98043.99999999987
15834,98043.99999999987
15835,98043.99999999987
15836,98043.99999999987
15837,98043.99999999987
15838,98043.99999999987
15839,98043.99999999987
15840,98043.99999999987
15841,98043.99999999987
15842,98043.99999999987
15843,98043.99999999987
15844,98043.99999999987
15845,98043.99999999987
15846,98043.99999999987
15847,98043.99999999987
15848,98043.99999999987
15849,98043.99999999987
15850,98043.99999999987
15851,98043.99999999987
15852,98043.99999999987
15853,98043.99999999987
15854,98043.99999999987
15855,98043.99999999987
15856,98043.99999999987
15857,98043.99999999987
15858,98043.99999999987
15859,98043.99999999987
15860,98043.99999999987
15861,98043.99999999987
15862,98043.99999999987
15863,98043.99999999987
15864,98043.99999999987
15865,98043.99999999987
15866,98043.99999999987
15867,98043.99999999987
15868,98043.99999999987
15869,98043.99999999987
15870,98043.99999999987
15871,98043.99999999987
15872,98043.99999999987
15873,98043.99999999987
15874,98043.99999999987
15875,98043.99999999987
15876,98043.99999999987
15877,98043.99999999987
15878,98043.99999999987
15879,98043.99999999987
15880,98043.99999999987
15881,98043.99999999987
15882,98043.99999999987
15883,98043.99999999987
15884,98043.99999999987
15885,98043.99999999987
15886,98043.99999999987
15887,98043.99999999987
15888,98043.99999999987
15889,98043.99999999987
15890,98043.99999999987
15891,98043.99999999987
15892,98043.99999999987
15893,98043.99999999987
15894,98043.99999999987
15895,98043.99999999987
15896,98043.99999999987
15897,98043.99999999987
15898,98043.99999999987
15899,98043.99999999987
15900,98043.99999999987
15901,98043.99999999987
15902,98043.99999999987
15903,98043.99999999987
15904,98043.99999999987
15905,98043.99999999987
15906,98043.99999999987
15907,98043.99999999987
15908,98043.99999999987
15909,98043.99999999987
15910,98043.99999999987
15911,98043.99999999987
15912,98043.99999999987
15913,98043.99999999987
15914,98043.99999999987
15915,98043.99999999987
15916,98043.99999999987
15917,98043.99999999987
15918,98043.99999999987
15919,98043.99999999987
15920,98043.99999999987
15921,98043.99999999987
15922,98043.99999999987
15923,98043.99999999987
15924,98043.99999999987
15925,98043.99999999987
15926,98043.99999999987
15927,98043.99999999987
15928,98043.99999999987
15929,98043.99999999987
15930,98043.99999999987
15931,98043.99999999987
15932,98043.99999999987
15933,98043.99999999987
15934,98043.99999999987
15935,98043.99999999987
15936,98043.99999999987
15937,98043.99999999987
15938,98043.99999999987
15939,98043.99999999987
15940,98043.99999999987
15941,98043.99999999987
15942,98043.99999999987
15943,98043.99999999987
15944,98043.99999999987
15945,98043.99999999987
15946,98043.99999999987
15947,98043.99999999987
15948,98043.99999999987
15949,98043.99999999987
15950,98043.99999999987
15951,98043.99999999987
15952,98043.99999999987
15953,98043.99999999987
15954,98043.99999999987
15955,98043.99999999987
15956,98043.99999999987
15957,98043.99999999987
15958,98043.99999999987
15959,98043.99999999987
15960,98043.99999999987
15961,98043.99999999987
15962,98043.99999999987
15963,98043.99999999987
15964,98043.99999999987
15965,98043.99999999987
15966,98043.99999999987
15967,98043.99999999987
15968,98043.99999999987
15969,98043.99999999987
15970,98043.99999999987
15971,98043.99999999987
15972,98043.99999999987
15973,98043.99999999987
15974,98043.99999999987
15975,98043.99999999987
15976,98043.99999999987
15977,98043.99999999987
15978,98043.99999999987
15979,98043.99999999987
15980,98043.99999999987
15981,98043.99999999987
15982,98043.99999999987
15983,98043.99999999987
15984,98043.99999999987
15985,98043.99999999987
15986,98043.99999999987
15987,98043.99999999987
15988,98043.99999999987
15989,98043.99999999987
15990,98043.99999999987
15991,98043.99999999987
15992,98043.99999999987
15993,98043.99999999987
15994,98043.99999999987
15995,98043.99999999987
15996,98043.99999999987
15997,98043.99999999987
15998,98043.99999999987
15999,98043.99999999987
16000,98043.99999999987
16001,98043.99999999987
16002,98043.99999999987
16003,98043.99999999987
16004,98043.99999999987
16005,98043.99999999987
16006,98043.99999999987
16007,98043.99999999987
16008,98043.99999999987
16009,98043.99999999987
16010,98043.99999999987
16011,98043.99999999987
16012,98043.99999999987
16013,98043.99999999987
16014,98043.99999999987
16015,98043.99999999987
16016,98043.99999999987
16017,98043.99999999987
16018,98043.99999999987
16019,98043.99999999987
16020,98043.99999999987
16021,98043.99999999987
16022,98043.99999999987
16023,98043.99999999987
16024,98043.99999999987
16025,98043.99999999987
16026,98043.99999999987
16027,98043.99999999987
16028,98043.99999999987
16029,98043.99999999987
16030,98043.99999999987
16031,98043.99999999987
16032,98043.99999999987
16033,98043.99999999987
16034,98043.99999999987
16035,98043.99999999987
16036,98043.99999999987
16037,98043.99999999987
16038,98043.99999999987
16039,98043.99999999987
16040,98043.99999999987
16041,98043.99999999987
16042,98043.99999999987
16043,98043.99999999987
16044,98043.99999999987
16045,98043.99999999987
16046,98043.99999999987
16047,98043.99999999987
16048,98043.99999999987
16049,98043.99999999987
16050,98043.99999999987
16051,98043.99999999987
16052,98043.99999999987
16053,98043.99999999987
16054,98043.99999999987
16055,98043.99999999987
16056,98043.99999999987
16057,98043.99999999987
16058,98043.99999999987
16059,98043.99999999987
16060,98043.99999999987
16061,98043.99999999987
16062,98043.99999999987
16063,98043.99999999987
16064,98043.99999999987
16065,98043.99999999987
16066,98043.99999999987
16067,98043.99999999987
16068,98043.99999999987
16069,98043.99999999987
16070,98043.99999999987
16071,98043.99999999987
16072,98043.99999999987
16073,98043.99999999987
16074,98043.99999999987
16075,98043.99999999987
16076,98043.99999999987
16077,98043.99999999987
16078,98043.99999999987
16079,98043.99999999987
16080,98043.99999999987
16081,98043.99999999987
16082,98043.99999999987
16083,98043.99999999987
16084,98043.99999999987
16085,98043.99999999987
16086,98043.99999999987
16087,98043.99999999987
16088,98043.99999999987
16089,98043.99999999987
16090,98043.99999999987
16091,98043.99999999987
16092,98043.99999999987
16093,98043.99999999987
16094,98043.99999999987
16095,98043.99999999987
16096,98043.99999999987
16097,98043.99999999987
16098,98043.99999999987
16099,98043.99999999987
16100,98043.99999999987
16101,98043.99999999987
16102,98043.99999999987
16103,98043.99999999987
16104,98043.99999999987
16105,98043.99999999987
16106,98043.99999999987
16107,98043.99999999987
16108,98043.99999999987
16109,98043.99999999987
16110,98043.99999999987
16111,98043.99999999987
16112,98043.99999999987
16113,98043.99999999987
16114,98043.99999999987
16115,98043.99999999987
16116,98043.99999999987
16117,98043.99999999987
16118,98043.99999999987
16119,98043.99999999987
16120,98043.99999999987
16121,98043.99999999987
16122,98043.99999999987
16123,98043.99999999987
16124,98043.99999999987
16125,98043.99999999987
16126,98043.99999999987
16127,98043.99999999987
16128,98043.99999999987
16129,98043.99999999987
16130,98043.99999999987
16131,98043.99999999987
16132,98043.99999999987
16133,98043.99999999987
16134,98043.99999999987
16135,98043.99999999987
16136,98043.99999999987
16137,98043.99999999987
16138,98043.99999999987
16139,98043.99999999987
16140,98043.99999999987
16141,98043.99999999987
16142,98043.99999999987
16143,98043.99999999987
16144,98043.99999999987
16145,98043.99999999987
16146,98043.99999999987
16147,98043.99999999987
16148,98043.99999999987
16149,98043.99999999987
16150,98043.99999999987
16151,98043.99999999987
16152,98043.99999999987
16153,98043.99999999987
16154,98043.99999999987
16155,98043.99999999987
16156,98043.99999999987
16157,98043.99999999987
16158,98043.99999999987
16159,98043.99999999987
16160,98043.99999999987
16161,98043.99999999987
16162,98043.99999999987
16163,98043.99999999987
16164,98043.99999999987
16165,98043.99999999987
16166,98043.99999999987
16167,98043.99999999987
16168,98043.99999999987
16169,98043.99999999987
16170,98043.99999999987
16171,98043.99999999987
16172,98043.99999999987
16173,98043.99999999987
16174,98043.99999999987
16175,98043.99999999987
16176,98043.99999999987
16177,98043.99999999987
16178,98043.99999999987
16179,98043.99999999987
16180,98043.99999999987
16181,98043.99999999987
16182,98043.99999999987
16183,98043.99999999987
16184,98043.99999999987
16185,98043.99999999987
16186,98043.99999999987
16187,98043.99999999987
16188,98043.99999999987
16189,98043.99999999987
16190,98043.99999999987
16191,98043.99999999987
16192,98043.99999999987
16193,98043.99999999987
16194,98043.99999999987
16195,98043.99999999987
16196,98043.99999999987
16197,98043.99999999987
16198,98043.99999999987
16199,98043.99999999987
16200,98043.99999999987
16201,98043.99999999987
16202,98043.99999999987
16203,98043.99999999987
16204,98043.99999999987
16205,98043.99999999987
16206,98043.99999999987
16207,98043.99999999987
16208,98043.99999999987
16209,98043.99999999987
16210,98043.99999999987
16211,98043.99999999987
16212,98043.99999999987
16213,98043.99999999987
16214,98043.99999999987
16215,98043.99999999987
16216,98043.99999999987
16217,98043.99999999987
16218,98043.99999999987
16219,98043.99999999987
16220,98043.99999999987
16221,98043.99999999987
16222,98043.99999999987
16223,98043.99999999987
16224,98043.99999999987
16225,98043.99999999987
16226,98043.99999999987
16227,98043.99999999987
16228,98043.99999999987
16229,98043.99999999987
16230,98043.99999999987
16231,98043.99999999987
16232,98043.99999999987
16233,98043.99999999987
16234,98043.99999999987
16235,98043.99999999987
16236,98043.99999999987
16237,98043.99999999987
16238,98043.99999999987
16239,98043.99999999987
16240,98043.99999999987
16241,98043.99999999987
16242,98043.99999999987
16243,98043.99999999987
16244,98043.99999999987
16245,98043.99999999987
16246,98043.99999999987
16247,98043.99999999987
16248,98043.99999999987
16249,98043.99999999987
16250,98043.99999999987
16251,98043.99999999987
16252,98043.99999999987
16253,98043.99999999987
16254,98043.99999999987
16255,98043.99999999987
16256,98043.99999999987
16257,98043.99999999987
16258,98043.99999999987
16259,98043.99999999987
16260,98043.99999999987
16261,98043.99999999987
16262,98043.99999999987
16263,98043.99999999987
16264,98043.99999999987
16265,98043.99999999987
16266,98043.99999999987
16267,98043.99999999987
16268,98043.99999999987
16269,98043.99999999987
16270,98043.99999999987
16271,98043.99999999987
16272,98043.99999999987
16273,98043.99999999987
16274,98043.99999999987
16275,98043.99999999987
16276,98043.99999999987
16277,98043.99999999987
16278,98043.99999999987
16279,98043.99999999987
16280,98043.99999999987
16281,98043.99999999987
16282,98043.99999999987
16283,98043.99999999987
16284,98043.99999999987
16285,98043.99999999987
16286,98043.99999999987
16287,98043.99999999987
16288,98043.99999999987
16289,98043.99999999987
16290,98043.99999999987
16291,98043.99999999987
16292,98043.99999999987
16293,98043.99999999987
16294,98043.99999999987
16295,98043.99999999987
16296,98043.99999999987
16297,98043.99999999987
16298,98043.99999999987
16299,98043.99999999987
16300,98043.99999999987
16301,98043.99999999987
16302,98043.99999999987
16303,98043.99999999987
16304,98043.99999999987
16305,98043.99999999987
16306,98043.99999999987
16307,98043.99999999987
16308,98043.99999999987
16309,98043.99999999987
16310,98043.99999999987
16311,98043.99999999987
16312,98043.99999999987
16313,98043.99999999987
16314,98043.99999999987
16315,98043.99999999987
16316,98043.99999999987
16317,98043.99999999987
16318,98043.99999999987
16319,98043.99999999987
16320,98043.99999999987
16321,98043.99999999987
16322,98043.99999999987
16323,98043.99999999987
16324,98043.99999999987
16325,98043.99999999987
16326,98043.99999999987
16327,98043.99999999987
16328,98043.99999999987
16329,98043.99999999987
16330,98043.99999999987
16331,98043.99999999987
16332,98043.99999999987
16333,98043.99999999987
16334,98043.99999999987
16335,98043.99999999987
16336,98043.99999999987
16337,98043.99999999987
16338,98043.99999999987
16339,98043.99999999987
16340,98043.99999999987
16341,98043.99999999987
16342,98043.99999999987
16343,98043.99999999987
16344,98043.99999999987
16345,98043.99999999987
16346,98043.99999999987
16347,98043.99999999987
16348,98043.99999999987
16349,98043.99999999987
16350,98043.99999999987
16351,98043.99999999987
16352,98043.99999999987
16353,98043.99999999987
16354,98043.99999999987
16355,98043.99999999987
16356,98043.99999999987
16357,98043.99999999987
16358,98043.99999999987
16359,98043.99999999987
16360,98043.99999999987
16361,98043.99999999987
16362,98043.99999999987
16363,98043.99999999987
16364,98043.99999999987
16365,98043.99999999987
16366,98043.99999999987
16367,98043.99999999987
16368,98043.99999999987
16369,98043.99999999987
16370,98043.99999999987
16371,98043.99999999987
16372,98043.99999999987
16373,98043.99999999987
16374,98043.99999999987
16375,98043.99999999987
16376,98043.99999999987
16377,98043.99999999987
16378,98043.99999999987
16379,98043.99999999987
16380,98043.99999999987
16381,98043.99999999987
16382,98043.99999999987
16383,98043.99999999987
16384,98043.99999999987
16385,98043.99999999987
16386,98043.99999999987
16387,98043.99999999987
16388,98043.99999999987
16389,98043.99999999987
16390,98043.99999999987
16391,98043.99999999987
16392,98043.99999999987
16393,98043.99999999987
16394,98043.99999999987
16395,98043.99999999987
16396,98043.99999999987
16397,98043.99999999987
16398,98043.99999999987
16399,98043.99999999987
16400,98043.99999999987
16401,98043.99999999987
16402,98043.99999999987
16403,98043.99999999987
16404,98043.99999999987
16405,98043.99999999987
16406,98043.99999999987
16407,98043.99999999987
16408,98043.99999999987
16409,98043.99999999987
16410,98043.99999999987
16411,98043.99999999987
16412,98043.99999999987
16413,98043.99999999987
16414,98043.99999999987
16415,98043.99999999987
16416,98043.99999999987
16417,98043.99999999987
16418,98043.99999999987
16419,98043.99999999987
16420,98043.99999999987
16421,98043.99999999987
16422,98043.99999999987
16423,98043.99999999987
16424,98043.99999999987
16425,98043.99999999987
16426,98043.99999999987
16427,98043.99999999987
16428,98043.99999999987
16429,98043.99999999987
16430,98043.99999999987
16431,98043.99999999987
16432,98043.99999999987
16433,98043.99999999987
16434,98043.99999999987
16435,98043.99999999987
16436,98043.99999999987
16437,98043.99999999987
16438,98043.99999999987
16439,98043.99999999987
16440,98043.99999999987
16441,98043.99999999987
16442,98043.99999999987
16443,98043.99999999987
16444,98043.99999999987
16445,98043.99999999987
16446,98043.99999999987
16447,98043.99999999987
16448,98043.99999999987
16449,98043.99999999987
16450,98043.99999999987
16451,98043.99999999987
16452,98043.99999999987
16453,98043.99999999987
16454,98043.99999999987
16455,98043.99999999987
16456,98043.99999999987
16457,98043.99999999987
16458,98043.99999999987
16459,98043.99999999987
16460,98043.99999999987
16461,98043.99999999987
16462,98043.99999999987
16463,98043.99999999987
16464,98043.99999999987
16465,98043.99999999987
16466,98043.99999999987
16467,98043.99999999987
16468,98043.99999999987
16469,98043.99999999987
16470,98043.99999999987
16471,98043.99999999987
16472,98043.99999999987
16473,98043.99999999987
16474,98043.99999999987
16475,98043.99999999987
16476,98043.99999999987
16477,98043.99999999987
16478,98043.99999999987
16479,98043.99999999987
16480,98043.99999999987
16481,98043.99999999987
16482,98043.99999999987
16483,98043.99999999987
16484,98043.99999999987
16485,98043.99999999987
16486,98043.99999999987
16487,98043.99999999987
16488,98043.99999999987
16489,98043.99999999987
16490,98043.99999999987
16491,98043.99999999987
16492,98043.99999999987
16493,98043.99999999987
16494,98043.99999999987
16495,98043.99999999987
16496,98043.99999999987
16497,98043.99999999987
16498,98043.99999999987
16499,98043.99999999987
16500,98043.99999999987
16501,98043.99999999987
16502,98043.99999999987
16503,98043.99999999987
16504,98043.99999999987
16505,98043.99999999987
16506,98043.99999999987
16507,98043.99999999987
16508,98043.99999999987
16509,98043.99999999987
16510,98043.99999999987
16511,98043.99999999987
16512,98043.99999999987
16513,98043.99999999987
16514,98043.99999999987
16515,98043.99999999987
16516,98043.99999999987
16517,98043.99999999987
16518,98043.99999999987
16519,98043.99999999987
16520,98043.99999999987
16521,98043.99999999987
16522,98043.99999999987
16523,98043.99999999987
16524,98043.99999999987
16525,98043.99999999987
16526,98043.99999999987
16527,98043.99999999987
16528,98043.99999999987
16529,98043.99999999987
16530,98043.99999999987
16531,98043.99999999987
16532,98043.99999999987
16533,98043.99999999987
16534,98043.99999999987
16535,98043.99999999987
16536,98043.99999999987
16537,98043.99999999987
16538,98043.99999999987
16539,98043.99999999987
16540,98043.99999999987
16541,98043.99999999987
16542,98043.99999999987
16543,98043.99999999987
16544,98043.99999999987
16545,98043.99999999987
16546,98043.99999999987
16547,98043.99999999987
16548,98043.99999999987
16549,98043.99999999987
16550,98043.99999999987
16551,98043.99999999987
16552,98043.99999999987
16553,98043.99999999987
16554,98043.99999999987
16555,98043.99999999987
16556,98043.99999999987
16557,98043.99999999987
16558,98043.99999999987
16559,98043.99999999987
16560,98043.99999999987
16561,98043.99999999987
16562,98043.99999999987
16563,98043.99999999987
16564,98043.99999999987
16565,98043.99999999987
16566,98043.99999999987
16567,98043.99999999987
16568,98043.99999999987
16569,98043.99999999987
16570,98043.99999999987
16571,98043.99999999987
16572,98043.99999999987
16573,98043.99999999987
16574,98043.99999999987
16575,98043.99999999987
16576,98043.99999999987
16577,98043.99999999987
16578,98043.99999999987
16579,98043.99999999987
16580,98043.99999999987
16581,98043.99999999987
16582,98043.99999999987
16583,98043.99999999987
16584,98043.99999999987
16585,98043.99999999987
16586,98043.99999999987
16587,98043.99999999987
16588,98043.99999999987
16589,98043.99999999987
16590,98043.99999999987
16591,98043.99999999987
16592,98043.99999999987
16593,98043.99999999987
16594,98043.99999999987
16595,98043.99999999987
16596,98043.99999999987
16597,98043.99999999987
16598,98043.99999999987
16599,98043.99999999987
16600,98043.99999999987
16601,98043.99999999987
16602,98043.99999999987
16603,98043.99999999987
16604,98043.99999999987
16605,98043.99999999987
16606,98043.99999999987
16607,98043.99999999987
16608,98043.99999999987
16609,98043.99999999987
16610,98043.99999999987
16611,98043.99999999987
16612,98043.99999999987
16613,98043.99999999987
16614,98043.99999999987
16615,98043.99999999987
16616,98043.99999999987
16617,98043.99999999987
16618,98043.99999999987
16619,98043.99999999987
16620,98043.99999999987
16621,98043.99999999987
16622,98043.99999999987
16623,98043.99999999987
16624,98043.99999999987
16625,98043.99999999987
16626,98043.99999999987
16627,98043.99999999987
16628,98043.99999999987
16629,98043.99999999987
16630,98043.99999999987
16631,98043.99999999987
16632,98043.99999999987
16633,98043.99999999987
16634,98043.99999999987
16635,98043.99999999987
16636,98043.99999999987
16637,98043.99999999987
16638,98043.99999999987
16639,98043.99999999987
16640,98043.99999999987
16641,98043.99999999987
16642,98043.99999999987
16643,98043.99999999987
16644,98043.99999999987
16645,98043.99999999987
16646,98043.99999999987
16647,98043.99999999987
16648,98043.99999999987
16649,98043.99999999987
16650,98043.99999999987
16651,98043.99999999987
16652,98043.99999999987
16653,98043.99999999987
16654,98043.99999999987
16655,98043.99999999987
16656,98043.99999999987
16657,98043.99999999987
16658,98043.99999999987
16659,98043.99999999987
16660,98043.99999999987
16661,98043.99999999987
16662,98043.99999999987
16663,98043.99999999987
16664,98043.99999999987
16665,98043.99999999987
16666,98043.99999999987
16667,98043.99999999987
16668,98043.99999999987
16669,98043.99999999987
16670,98043.99999999987
16671,98043.99999999987
16672,98043.99999999987
16673,98043.99999999987
16674,98043.99999999987
16675,98043.99999999987
16676,98043.99999999987
16677,98043.99999999987
16678,98043.99999999987
16679,98043.99999999987
16680,98043.99999999987
16681,98043.99999999987
16682,98043.99999999987
16683,98043.99999999987
16684,98043.99999999987
16685,98043.99999999987
16686,98043.99999999987
16687,98043.99999999987
16688,98043.99999999987
16689,98043.99999999987
16690,98043.99999999987
16691,98043.99999999987
16692,98043.99999999987
16693,98043.99999999987
16694,98043.99999999987
16695,98043.99999999987
16696,98043.99999999987
16697,98043.99999999987
16698,98043.99999999987
16699,98043.99999999987
16700,98043.99999999987
16701,98043.99999999987
16702,98043.99999999987
16703,98043.99999999987
16704,98043.99999999987
16705,98043.99999999987
16706,98043.99999999987
16707,98043.99999999987
16708,98043.99999999987
16709,98043.99999999987
16710,98043.99999999987
16711,98043.99999999987
16712,98043.99999999987
16713,98043.99999999987
16714,98043.99999999987
16715,98043.99999999987
16716,98043.99999999987
16717,98043.99999999987
16718,98043.99999999987
16719,98043.99999999987
16720,98043.99999999987
16721,98043.99999999987
16722,98043.99999999987
16723,98043.99999999987
16724,98043.99999999987
16725,98043.99999999987
16726,98043.99999999987
16727,98043.99999999987
16728,98043.99999999987
16729,98043.99999999987
16730,98043.99999999987
16731,98043.99999999987
16732,98043.99999999987
16733,98043.99999999987
16734,98043.99999999987
16735,98043.99999999987
16736,98043.99999999987
16737,98043.99999999987
16738,98043.99999999987
16739,98043.99999999987
16740,98043.99999999987
16741,98043.99999999987
16742,98043.99999999987
16743,98043.99999999987
16744,98043.99999999987
16745,98043.99999999987
16746,98043.99999999987
16747,98043.99999999987
16748,98043.99999999987
16749,98043.99999999987
16750,98043.99999999987
16751,98043.99999999987
16752,98043.99999999987
16753,98043.99999999987
16754,98043.99999999987
16755,98043.99999999987
16756,98043.99999999987
16757,98043.99999999987
16758,98043.99999999987
16759,98043.99999999987
16760,98043.99999999987
16761,98043.99999999987
16762,98043.99999999987
16763,98043.99999999987
16764,98043.99999999987
16765,98043.99999999987
16766,98043.99999999987
16767,98043.99999999987
16768,98043.99999999987
16769,98043.99999999987
16770,98043.99999999987
16771,98043.99999999987
16772,98043.99999999987
16773,98043.99999999987
16774,98043.99999999987
16775,98043.99999999987
16776,98043.99999999987
16777,98043.99999999987
16778,98043.99999999987
16779,98043.99999999987
16780,98043.99999999987
16781,98043.99999999987
16782,98043.99999999987
16783,98043.99999999987
16784,98043.99999999987
16785,98043.99999999987
16786,98043.99999999987
16787,98043.99999999987
16788,98043.99999999987
16789,98043.99999999987
16790,98043.99999999987
16791,98043.99999999987
16792,98043.99999999987
16793,98043.99999999987
16794,98043.99999999987
16795,98043.99999999987
16796,98043.99999999987
16797,98043.99999999987
16798,98043.99999999987
16799,98043.99999999987
16800,98043.99999999987
16801,98043.99999999987
16802,98043.99999999987
16803,98043.99999999987
16804,98043.99999999987
16805,98043.99999999987
16806,98043.99999999987
16807,98043.99999999987
16808,98043.99999999987
16809,98043.99999999987
16810,98043.99999999987
16811,98043.99999999987
16812,98043.99999999987
16813,98043.99999999987
16814,98043.99999999987
16815,98043.99999999987
16816,98043.99999999987
16817,98043.99999999987
16818,98043.99999999987
16819,98043.99999999987
16820,98043.99999999987
16821,98043.99999999987
16822,98043.99999999987
16823,98043.99999999987
16824,98043.99999999987
16825,98043.99999999987
16826,98043.99999999987
16827,98043.99999999987
16828,98043.99999999987
16829,98043.99999999987
16830,98043.99999999987
16831,98043.99999999987
16832,98043.99999999987
16833,98043.99999999987
16834,98043.99999999987
16835,98043.99999999987
16836,98043.99999999987
16837,98043.99999999987
16838,98043.99999999987
16839,98043.99999999987
16840,98043.99999999987
16841,98043.99999999987
16842,98043.99999999987
16843,98043.99999999987
16844,98043.99999999987
16845,98043.99999999987
16846,98043.99999999987
16847,98043.99999999987
16848,98043.99999999987
16849,98043.99999999987
16850,98043.99999999987
16851,98043.99999999987
16852,98043.99999999987
16853,98043.99999999987
16854,98043.99999999987
16855,98043.99999999987
16856,98043.99999999987
16857,98043.99999999987
16858,98043.99999999987
16859,98043.99999999987
16860,98043.99999999987
16861,98043.99999999987
16862,98043.99999999987
16863,98043.99999999987
16864,98043.99999999987
16865,98043.99999999987
16866,98043.99999999987
16867,98043.99999999987
16868,98043.99999999987
16869,98043.99999999987
16870,98043.99999999987
16871,98043.99999999987
16872,98043.99999999987
16873,98043.99999999987
16874,98043.99999999987
16875,98043.99999999987
16876,98043.99999999987
16877,98043.99999999987
16878,98043.99999999987
16879,98043.99999999987
16880,98043.99999999987
16881,98043.99999999987
16882,98043.99999999987
16883,98043.99999999987
16884,98043.99999999987
16885,98043.99999999987
16886,98043.99999999987
16887,98043.99999999987
16888,98043.99999999987
16889,98043.99999999987
16890,98043.99999999987
16891,98043.99999999987
16892,98043.99999999987
16893,98043.99999999987
16894,98043.99999999987
16895,98043.99999999987
16896,98043.99999999987
16897,98043.99999999987
16898,98043.99999999987
16899,98043.99999999987
16900,98043.99999999987
16901,98043.99999999987
16902,98043.99999999987
16903,98043.99999999987
16904,98043.99999999987
16905,98043.99999999987
16906,98043.99999999987
16907,98043.99999999987
16908,98043.99999999987
16909,98043.99999999987
16910,98043.99999999987
16911,98043.99999999987
16912,98043.99999999987
16913,98043.99999999987
16914,98043.99999999987
16915,98043.99999999987
16916,98043.99999999987
16917,98043.99999999987
16918,98043.99999999987
16919,98043.99999999987
16920,98043.99999999987
16921,98043.99999999987
16922,98043.99999999987
16923,98043.99999999987
16924,98043.99999999987
16925,98043.99999999987
16926,98043.99999999987
16927,98043.99999999987
16928,98043.99999999987
16929,98043.99999999987
16930,98043.99999999987
16931,98043.99999999987
16932,98043.99999999987
16933,98043.99999999987
16934,98043.99999999987
16935,98043.99999999987
16936,98043.99999999987
16937,98043.99999999987
16938,98043.99999999987
16939,98043.99999999987
16940,98043.99999999987
16941,98043.99999999987
16942,98043.99999999987
16943,98043.99999999987
16944,98043.99999999987
16945,98043.99999999987
16946,98043.99999999987
16947,98043.99999999987
16948,98043.99999999987
16949,98043.99999999987
16950,98043.99999999987
16951,98043.99999999987
16952,98043.99999999987
16953,98043.99999999987
16954,98043.99999999987
16955,98043.99999999987
16956,98043.99999999987
16957,98043.99999999987
16958,98043.99999999987
16959,98043.99999999987
16960,98043.99999999987
16961,98043.99999999987
16962,98043.99999999987
16963,98043.99999999987
16964,98043.99999999987
16965,98043.99999999987
16966,98043.99999999987
16967,98043.99999999987
16968,98043.99999999987
16969,98043.99999999987
16970,98043.99999999987
16971,98043.99999999987
16972,98043.99999999987
16973,98043.99999999987
16974,98043.99999999987
16975,98043.99999999987
16976,98043.99999999987
16977,98043.99999999987
16978,98043.99999999987
16979,98043.99999999987
16980,98043.99999999987
16981,98043.99999999987
16982,98043.99999999987
16983,98043.99999999987
16984,98043.99999999987
16985,98043.99999999987
16986,98043.99999999987
16987,98043.99999999987
16988,98043.99999999987
16989,98043.99999999987
16990,98043.99999999987
16991,98043.99999999987
16992,98043.99999999987
16993,98043.99999999987
16994,98043.99999999987
16995,98043.99999999987
16996,98043.99999999987
16997,98043.99999999987
16998,98043.99999999987
16999,98043.99999999987
17000,98043.99999999987
17001,98043.99999999987
17002,98043.99999999987
17003,98043.99999999987
17004,98043.99999999987
17005,98043.99999999987
17006,98043.99999999987
17007,98043.99999999987
17008,98043.99999999987
17009,98043.99999999987
17010,98043.99999999987
17011,98043.99999999987
17012,98043.99999999987
17013,98043.99999999987
17014,98043.99999999987
17015,98043.99999999987
17016,98043.99999999987
17017,98043.99999999987
17018,98043.99999999987
17019,98043.99999999987
17020,98043.99999999987
17021,98043.99999999987
17022,98043.99999999987
17023,98043.99999999987
17024,98043.99999999987
17025,98043.99999999987
17026,98043.99999999987
17027,98043.99999999987
17028,98043.99999999987
17029,98043.99999999987
17030,98043.99999999987
17031,98043.99999999987
17032,98043.99999999987
17033,98043.99999999987
17034,98043.99999999987
17035,98043.99999999987
17036,98043.99999999987
17037,98043.99999999987
17038,98043.99999999987
17039,98043.99999999987
17040,98043.99999999987
17041,98043.99999999987
17042,98043.99999999987
17043,98043.99999999987
17044,98043.99999999987
17045,98043.99999999987
17046,98043.99999999987
17047,98043.99999999987
17048,98043.99999999987
17049,98043.99999999987
17050,98043.99999999987
17051,98043.99999999987
17052,98043.99999999987
17053,98043.99999999987
17054,98043.99999999987
17055,98043.99999999987
17056,98043.99999999987
17057,98043.99999999987
17058,98043.99999999987
17059,98043.99999999987
17060,98043.99999999987
17061,98043.99999999987
17062,98043.99999999987
17063,98043.99999999987
17064,98043.99999999987
17065,98043.99999999987
17066,98043.99999999987
17067,98043.99999999987
17068,98043.99999999987
17069,98043.99999999987
17070,98043.99999999987
17071,98043.99999999987
17072,98043.99999999987
17073,98043.99999999987
17074,98043.99999999987
17075,98043.99999999987
17076,98043.99999999987
17077,98043.99999999987
17078,98043.99999999987
17079,98043.99999999987
17080,98043.99999999987
17081,98043.99999999987
17082,98043.99999999987
17083,98043.99999999987
17084,98043.99999999987
17085,98043.99999999987
17086,98043.99999999987
17087,98043.99999999987
17088,98043.99999999987
17089,98043.99999999987
17090,98043.99999999987
17091,98043.99999999987
17092,98043.99999999987
17093,98043.99999999987
17094,98043.99999999987
17095,98043.99999999987
17096,98043.99999999987
17097,98043.99999999987
17098,98043.99999999987
17099,98043.99999999987
17100,98043.99999999987
17101,98043.99999999987
17102,98043.99999999987
17103,98043.99999999987
17104,98043.99999999987
17105,98043.99999999987
17106,98043.99999999987
17107,98043.99999999987
17108,98043.99999999987
17109,98043.99999999987
17110,98043.99999999987
17111,98043.99999999987
17112,98043.99999999987
17113,98043.99999999987
17114,98043.99999999987
17115,98043.99999999987
17116,98043.99999999987
17117,98043.99999999987
17118,98043.99999999987
17119,98043.99999999987
17120,98043.99999999987
17121,98043.99999999987
17122,98043.99999999987
17123,98043.99999999987
17124,98043.99999999987
17125,98043.99999999987
17126,98043.99999999987
17127,98043.99999999987
17128,98043.99999999987
17129,98043.99999999987
17130,98043.99999999987
17131,98043.99999999987
17132,98043.99999999987
17133,98043.99999999987
17134,98043.99999999987
17135,98043.99999999987
17136,98043.99999999987
17137,98043.99999999987
17138,98043.99999999987
17139,98043.99999999987
17140,98043.99999999987
17141,98043.99999999987
17142,98043.99999999987
17143,98043.99999999987
17144,98043.99999999987
17145,98043.99999999987
17146,98043.99999999987
17147,98043.99999999987
17148,98043.99999999987
17149,98043.99999999987
17150,98043.99999999987
17151,98043.99999999987
17152,98043.99999999987
17153,98043.99999999987
17154,98043.99999999987
17155,98043.99999999987
17156,98043.99999999987
17157,98043.99999999987
17158,98043.99999999987
17159,98043.99999999987
17160,98043.99999999987
17161,98043.99999999987
17162,98043.99999999987
17163,98043.99999999987
17164,98043.99999999987
17165,98043.99999999987
17166,98043.99999999987
17167,98043.99999999987
17168,98043.99999999987
17169,98043.99999999987
17170,98043.99999999987
17171,98043.99999999987
17172,98043.99999999987
17173,98043.99999999987
17174,98043.99999999987
17175,98043.99999999987
17176,98043.99999999987
17177,98043.99999999987
17178,98043.99999999987
17179,98043.99999999987
17180,98043.99999999987
17181,98043.99999999987
17182,98043.99999999987
17183,98043.99999999987
17184,98043.99999999987
17185,98043.99999999987
17186,98043.99999999987
17187,98043.99999999987
17188,98043.99999999987
17189,98043.99999999987
17190,98043.99999999987
17191,98043.99999999987
17192,98043.99999999987
17193,98043.99999999987
17194,98043.99999999987
17195,98043.99999999987
17196,98043.99999999987
17197,98043.99999999987
17198,98043.99999999987
17199,98043.99999999987
17200,98043.99999999987
17201,98043.99999999987
17202,98043.99999999987
17203,98043.99999999987
17204,98043.99999999987
17205,98043.99999999987
17206,98043.99999999987
17207,98043.99999999987
17208,98043.99999999987
17209,98043.99999999987
17210,98043.99999999987
17211,98043.99999999987
17212,98043.99999999987
17213,98043.99999999987
17214,98043.99999999987
17215,98043.99999999987
17216,98043.99999999987
17217,98043.99999999987
17218,98043.99999999987
17219,98043.99999999987
17220,98043.99999999987
17221,98043.99999999987
17222,98043.99999999987
17223,98043.99999999987
17224,98043.99999999987
17225,98043.99999999987
17226,98043.99999999987
17227,98043.99999999987
17228,98043.99999999987
17229,98043.99999999987
17230,98043.99999999987
17231,98043.99999999987
17232,98043.99999999987
17233,98043.99999999987
17234,98043.99999999987
17235,98043.99999999987
17236,98043.99999999987
17237,98043.99999999987
17238,98043.99999999987
17239,98043.99999999987
17240,98043.99999999987
17241,98043.99999999987
17242,98043.99999999987
17243,98043.99999999987
17244,98043.99999999987
17245,98043.99999999987
17246,98043.99999999987
17247,98043.99999999987
17248,98043.99999999987
17249,98043.99999999987
17250,98043.99999999987
17251,98043.99999999987
17252,98043.99999999987
17253,98043.99999999987
17254,98043.99999999987
17255,98043.99999999987
17256,98043.99999999987
17257,98043.99999999987
17258,98043.99999999987
17259,98043.99999999987
17260,98043.99999999987
17261,98043.99999999987
17262,98043.99999999987
17263,98043.99999999987
17264,98043.99999999987
17265,98043.99999999987
17266,98043.99999999987
17267,98043.99999999987
17268,98043.99999999987
17269,98043.99999999987
17270,98043.99999999987
17271,98043.99999999987
17272,98043.99999999987
17273,98043.99999999987
17274,98043.99999999987
17275,98043.99999999987
17276,98043.99999999987
17277,98043.99999999987
17278,98043.99999999987
17279,98043.99999999987
17280,98043.99999999987
17281,98043.99999999987
17282,98043.99999999987
17283,98043.99999999987
17284,98043.99999999987
17285,98043.99999999987
17286,98043.99999999987
17287,98043.99999999987
17288,98043.99999999987
17289,98043.99999999987
17290,98043.99999999987
17291,98043.99999999987
17292,98043.99999999987
17293,98043.99999999987
17294,98043.99999999987
17295,98043.99999999987
17296,98043.99999999987
17297,98043.99999999987
17298,98043.99999999987
17299,98043.99999999987
17300,98043.99999999987
17301,98043.99999999987
17302,98043.99999999987
17303,98043.99999999987
17304,98043.99999999987
17305,98043.99999999987
17306,98043.99999999987
17307,98043.99999999987
17308,98043.99999999987
17309,98043.99999999987
17310,98043.99999999987
17311,98043.99999999987
17312,98043.99999999987
17313,98043.99999999987
17314,98043.99999999987
17315,98043.99999999987
17316,98043.99999999987
17317,98043.99999999987
17318,98043.99999999987
17319,98043.99999999987
17320,98043.99999999987
17321,98043.99999999987
17322,98043.99999999987
17323,98043.99999999987
17324,98043.99999999987
17325,98043.99999999987
17326,98043.99999999987
17327,98043.99999999987
17328,98043.99999999987
17329,98043.99999999987
17330,98043.99999999987
17331,98043.99999999987
17332,98043.99999999987
17333,98043.99999999987
17334,98043.99999999987
17335,98043.99999999987
17336,98043.99999999987
17337,98043.99999999987
17338,98043.99999999987
17339,98043.99999999987
17340,98043.99999999987
17341,98043.99999999987
17342,98043.99999999987
17343,98043.99999999987
17344,98043.99999999987
17345,98043.99999999987
17346,98043.99999999987
17347,98043.99999999987
17348,98043.99999999987
17349,98043.99999999987
17350,98043.99999999987
17351,98043.99999999987
17352,98043.99999999987
17353,98043.99999999987
17354,98043.99999999987
17355,98043.99999999987
17356,98043.99999999987
17357,98043.99999999987
17358,98043.99999999987
17359,98043.99999999987
17360,98043.99999999987
17361,98043.99999999987
17362,98043.99999999987
17363,98043.99999999987
17364,98043.99999999987
17365,98043.99999999987
17366,98043.99999999987
17367,98043.99999999987
17368,98043.99999999987
17369,98043.99999999987
17370,98043.99999999987
17371,98043.99999999987
17372,98043.99999999987
17373,98043.99999999987
17374,98043.99999999987
17375,98043.99999999987
17376,98043.99999999987
17377,98043.99999999987
17378,98043.99999999987
17379,98043.99999999987
17380,98043.99999999987
17381,98043.99999999987
17382,98043.99999999987
17383,98043.99999999987
17384,98043.99999999987
17385,98043.99999999987
17386,98043.99999999987
17387,98043.99999999987
17388,98043.99999999987
17389,98043.99999999987
17390,98043.99999999987
17391,98043.99999999987
17392,98043.99999999987
17393,98043.99999999987
17394,98043.99999999987
17395,98043.99999999987
17396,98043.99999999987
17397,98043.99999999987
17398,98043.99999999987
17399,98043.99999999987
17400,98043.99999999987
17401,98043.99999999987
17402,98043.99999999987
17403,98043.99999999987
17404,98043.99999999987
17405,98043.99999999987
17406,98043.99999999987
17407,98043.99999999987
17408,98043.99999999987
17409,98043.99999999987
17410,98043.99999999987
17411,98043.99999999987
17412,98043.99999999987
17413,98043.99999999987
17414,98043.99999999987
17415,98043.99999999987
17416,98043.99999999987
17417,98043.99999999987
17418,98043.99999999987
17419,98043.99999999987
17420,98043.99999999987
17421,98043.99999999987
17422,98043.99999999987
17423,98043.99999999987
17424,98043.99999999987
17425,98043.99999999987
17426,98043.99999999987
17427,98043.99999999987
17428,98043.99999999987
17429,98043.99999999987
17430,98043.99999999987
17431,98043.99999999987
17432,98043.99999999987
17433,98043.99999999987
17434,98043.99999999987
17435,98043.99999999987
17436,98043.99999999987
17437,98043.99999999987
17438,98043.99999999987
17439,98043.99999999987
17440,98043.99999999987
17441,98043.99999999987
17442,98043.99999999987
17443,98043.99999999987
17444,98043.99999999987
17445,98043.99999999987
17446,98043.99999999987
17447,98043.99999999987
17448,98043.99999999987
17449,98043.99999999987
17450,98043.99999999987
17451,98043.99999999987
17452,98043.99999999987
17453,98043.99999999987
17454,98043.99999999987
17455,98043.99999999987
17456,98043.99999999987
17457,98043.99999999987
17458,98043.99999999987
17459,98043.99999999987
17460,98043.99999999987
17461,98043.99999999987
17462,98043.99999999987
17463,98043.99999999987
17464,98043.99999999987
17465,98043.99999999987
17466,98043.99999999987
17467,98043.99999999987
17468,98043.99999999987
17469,98043.99999999987
17470,98043.99999999987
17471,98043.99999999987
17472,98043.99999999987
17473,98043.99999999987
17474,98043.99999999987
17475,98043.99999999987
17476,98043.99999999987
17477,98043.99999999987
17478,98043.99999999987
17479,98043.99999999987
17480,98043.99999999987
17481,98043.99999999987
17482,98043.99999999987
17483,98043.99999999987
17484,98043.99999999987
17485,98043.99999999987
17486,98043.99999999987
17487,98043.99999999987
17488,98043.99999999987
17489,98043.99999999987
17490,98043.99999999987
17491,98043.99999999987
17492,98043.99999999987
17493,98043.99999999987
17494,98043.99999999987
17495,98043.99999999987
17496,98043.99999999987
17497,98043.99999999987
17498,98043.99999999987
17499,98043.99999999987
17500,98043.99999999987
17501,98043.99999999987
17502,98043.99999999987
17503,98043.99999999987
17504,98043.99999999987
17505,98043.99999999987
17506,98043.99999999987
17507,98043.99999999987
17508,98043.99999999987
17509,98043.99999999987
17510,98043.99999999987
17511,98043.99999999987
17512,98043.99999999987
17513,98043.99999999987
17514,98043.99999999987
17515,98043.99999999987
17516,98043.99999999987
17517,98043.99999999987
17518,98043.99999999987
17519,98043.99999999987
17520,98043.99999999987
17521,98043.99999999987
17522,98043.99999999987
17523,98043.99999999987
17524,98043.99999999987
17525,98043.99999999987
17526,98043.99999999987
17527,98043.99999999987
17528,98043.99999999987
17529,98043.99999999987
17530,98043.99999999987
17531,98043.99999999987
17532,98043.99999999987
17533,98043.99999999987
17534,98043.99999999987
17535,98043.99999999987
17536,98043.99999999987
17537,98043.99999999987
17538,98043.99999999987
17539,98043.99999999987
17540,98043.99999999987
17541,98043.99999999987
17542,98043.99999999987
17543,98043.99999999987
17544,98043.99999999987
17545,98043.99999999987
17546,98043.99999999987
17547,98043.99999999987
17548,98043.99999999987
17549,98043.99999999987
17550,98043.99999999987
17551,98043.99999999987
17552,98043.99999999987
17553,98043.99999999987
17554,98043.99999999987
17555,98043.99999999987
17556,98043.99999999987
17557,98043.99999999987
17558,98043.99999999987
17559,98043.99999999987
17560,98043.99999999987
17561,98043.99999999987
17562,98043.99999999987
17563,98043.99999999987
17564,98043.99999999987
17565,98043.99999999987
17566,98043.99999999987
17567,98043.99999999987
17568,98043.99999999987
17569,98043.99999999987
17570,98043.99999999987
17571,98043.99999999987
17572,98043.99999999987
17573,98043.99999999987
17574,98043.99999999987
17575,98043.99999999987
17576,98043.99999999987
17577,98043.99999999987
17578,98043.99999999987
17579,98043.99999999987
17580,98043.99999999987
17581,98043.99999999987
17582,98043.99999999987
17583,98043.99999999987
17584,98043.99999999987
17585,98043.99999999987
17586,98043.99999999987
17587,98043.99999999987
17588,98043.99999999987
17589,98043.99999999987
17590,98043.99999999987
17591,98043.99999999987
17592,98043.99999999987
17593,98043.99999999987
17594,98043.99999999987
17595,98043.99999999987
17596,98043.99999999987
17597,98043.99999999987
17598,98043.99999999987
17599,98043.99999999987
17600,98043.99999999987
17601,98043.99999999987
17602,98043.99999999987
17603,98043.99999999987
17604,98043.99999999987
17605,98043.99999999987
17606,98043.99999999987
17607,98043.99999999987
17608,98043.99999999987
17609,98043.99999999987
17610,98043.99999999987
17611,98043.99999999987
17612,98043.99999999987
17613,98043.99999999987
17614,98043.99999999987
17615,98043.99999999987
17616,98043.99999999987
17617,98043.99999999987
17618,98043.99999999987
17619,98043.99999999987
17620,98043.99999999987
17621,98043.99999999987
17622,98043.99999999987
17623,98043.99999999987
17624,98043.99999999987
17625,98043.99999999987
17626,98043.99999999987
17627,98043.99999999987
17628,98043.99999999987
17629,98043.99999999987
17630,98043.99999999987
17631,98043.99999999987
17632,98043.99999999987
17633,98043.99999999987
17634,98043.99999999987
17635,98043.99999999987
17636,98043.99999999987
17637,98043.99999999987
17638,98043.99999999987
17639,98043.99999999987
17640,98043.99999999987
17641,98043.99999999987
17642,98043.99999999987
17643,98043.99999999987
17644,98043.99999999987
17645,98043.99999999987
17646,98043.99999999987
17647,98043.99999999987
17648,98043.99999999987
17649,98043.99999999987
17650,98043.99999999987
17651,98043.99999999987
17652,98043.99999999987
17653,98043.99999999987
17654,98043.99999999987
17655,98043.99999999987
17656,98043.99999999987
17657,98043.99999999987
17658,98043.99999999987
17659,98043.99999999987
17660,98043.99999999987
17661,98043.99999999987
17662,98043.99999999987
17663,98043.99999999987
17664,98043.99999999987
17665,98043.99999999987
17666,98043.99999999987
17667,98043.99999999987
17668,98043.99999999987
17669,98043.99999999987
17670,98043.99999999987
17671,98043.99999999987
17672,98043.99999999987
17673,98043.99999999987
17674,98043.99999999987
17675,98043.99999999987
17676,98043.99999999987
17677,98043.99999999987
17678,98043.99999999987
17679,98043.99999999987
17680,98043.99999999987
17681,98043.99999999987
17682,98043.99999999987
17683,98043.99999999987
17684,98043.99999999987
17685,98043.99999999987
17686,98043.99999999987
17687,98043.99999999987
17688,98043.99999999987
17689,98043.99999999987
17690,98043.99999999987
17691,98043.99999999987
17692,98043.99999999987
17693,98043.99999999987
17694,98043.99999999987
17695,98043.99999999987
17696,98043.99999999987
17697,98043.99999999987
17698,98043.99999999987
17699,98043.99999999987
17700,98043.99999999987
17701,98043.99999999987
17702,98043.99999999987
17703,98043.99999999987
17704,98043.99999999987
17705,98043.99999999987
17706,98043.99999999987
17707,98043.99999999987
17708,98043.99999999987
17709,98043.99999999987
17710,98043.99999999987
17711,98043.99999999987
17712,98043.99999999987
17713,98043.99999999987
17714,98043.99999999987
17715,98043.99999999987
17716,98043.99999999987
17717,98043.99999999987
17718,98043.99999999987
17719,98043.99999999987
17720,98043.99999999987
17721,98043.99999999987
17722,98043.99999999987
17723,98043.99999999987
17724,98043.99999999987
17725,98043.99999999987
17726,98043.99999999987
17727,98043.99999999987
17728,98043.99999999987
17729,98043.99999999987
17730,98043.99999999987
17731,98043.99999999987
17732,98043.99999999987
17733,98043.99999999987
17734,98043.99999999987
17735,98043.99999999987
17736,98043.99999999987
17737,98043.99999999987
17738,98043.99999999987
17739,98043.99999999987
17740,98043.99999999987
17741,98043.99999999987
17742,98043.99999999987
17743,98043.99999999987
17744,98043.99999999987
17745,98043.99999999987
17746,98043.99999999987
17747,98043.99999999987
17748,98043.99999999987
17749,98043.99999999987
17750,98043.99999999987
17751,98043.99999999987
17752,98043.99999999987
17753,98043.99999999987
17754,98043.99999999987
17755,98043.99999999987
17756,98043.99999999987
17757,98043.99999999987
17758,98043.99999999987
17759,98043.99999999987
17760,98043.99999999987
17761,98043.99999999987
17762,98043.99999999987
17763,98043.99999999987
17764,98043.99999999987
17765,98043.99999999987
17766,98043.99999999987
17767,98043.99999999987
17768,98043.99999999987
17769,98043.99999999987
17770,98043.99999999987
17771,98043.99999999987
17772,98043.99999999987
17773,98043.99999999987
17774,98043.99999999987
17775,98043.99999999987
17776,98043.99999999987
17777,98043.99999999987
17778,98043.99999999987
17779,98043.99999999987
17780,98043.99999999987
17781,98043.99999999987
17782,98043.99999999987
17783,98043.99999999987
17784,98043.99999999987
17785,98043.99999999987
17786,98043.99999999987
17787,98043.99999999987
17788,98043.99999999987
17789,98043.99999999987
17790,98043.99999999987
17791,98043.99999999987
17792,98043.99999999987
17793,98043.99999999987
17794,98043.99999999987
17795,98043.99999999987
17796,98043.99999999987
17797,98043.99999999987
17798,98043.99999999987
17799,98043.99999999987
17800,98043.99999999987
17801,98043.99999999987
17802,98043.99999999987
17803,98043.99999999987
17804,98043.99999999987
17805,98043.99999999987
17806,98043.99999999987
17807,98043.99999999987
17808,98043.99999999987
17809,98043.99999999987
17810,98043.99999999987
17811,98043.99999999987
17812,98043.99999999987
17813,98043.99999999987
17814,98043.99999999987
17815,98043.99999999987
17816,98043.99999999987
17817,98043.99999999987
17818,98043.99999999987
17819,98043.99999999987
17820,98043.99999999987
17821,98043.99999999987
17822,98043.99999999987
17823,98043.99999999987
17824,98043.99999999987
17825,98043.99999999987
17826,98043.99999999987
17827,98043.99999999987
17828,98043.99999999987
17829,98043.99999999987
17830,98043.99999999987
17831,98043.99999999987
17832,98043.99999999987
17833,98043.99999999987
17834,98043.99999999987
17835,98043.99999999987
17836,98043.99999999987
17837,98043.99999999987
17838,98043.99999999987
17839,98043.99999999987
17840,98043.99999999987
17841,98043.99999999987
17842,98043.99999999987
17843,98043.99999999987
17844,98043.99999999987
17845,98043.99999999987
17846,98043.99999999987
17847,98043.99999999987
17848,98043.99999999987
17849,98043.99999999987
17850,98043.99999999987
17851,98043.99999999987
17852,98043.99999999987
17853,98043.99999999987
17854,98043.99999999987
17855,98043.99999999987
17856,98043.99999999987
17857,98043.99999999987
17858,98043.99999999987
17859,98043.99999999987
17860,98043.99999999987
17861,98043.99999999987
17862,98043.99999999987
17863,98043.99999999987
17864,98043.99999999987
17865,98043.99999999987
17866,98043.99999999987
17867,98043.99999999987
17868,98043.99999999987
17869,98043.99999999987
17870,98043.99999999987
17871,98043.99999999987
17872,98043.99999999987
17873,98043.99999999987
17874,98043.99999999987
17875,98043.99999999987
17876,98043.99999999987
17877,98043.99999999987
17878,98043.99999999987
17879,98043.99999999987
17880,98043.99999999987
17881,98043.99999999987
17882,98043.99999999987
17883,98043.99999999987
17884,98043.99999999987
17885,98043.99999999987
17886,98043.99999999987
17887,98043.99999999987
17888,98043.99999999987
17889,98043.99999999987
17890,98043.99999999987
17891,98043.99999999987
17892,98043.99999999987
17893,98043.99999999987
17894,98043.99999999987
17895,98043.99999999987
17896,98043.99999999987
17897,98043.99999999987
17898,98043.99999999987
17899,98043.99999999987
17900,98043.99999999987
17901,98043.99999999987
17902,98043.99999999987
17903,98043.99999999987
17904,98043.99999999987
17905,98043.99999999987
17906,98043.99999999987
17907,98043.99999999987
17908,98043.99999999987
17909,98043.99999999987
17910,98043.99999999987
17911,98043.99999999987
17912,98043.99999999987
17913,98043.99999999987
17914,98043.99999999987
17915,98043.99999999987
17916,98043.99999999987
17917,98043.99999999987
17918,98043.99999999987
17919,98043.99999999987
17920,98043.99999999987
17921,98043.99999999987
17922,98043.99999999987
17923,98043.99999999987
17924,98043.99999999987
17925,98043.99999999987
17926,98043.99999999987
17927,98043.99999999987
17928,98043.99999999987
17929,98043.99999999987
17930,98043.99999999987
17931,98043.99999999987
17932,98043.99999999987
17933,98043.99999999987
17934,98043.99999999987
17935,98043.99999999987
17936,98043.99999999987
17937,98043.99999999987
17938,98043.99999999987
17939,98043.99999999987
17940,98043.99999999987
17941,98043.99999999987
17942,98043.99999999987
17943,98043.99999999987
17944,98043.99999999987
17945,98043.99999999987
17946,98043.99999999987
17947,98043.99999999987
17948,98043.99999999987
17949,98043.99999999987
17950,98043.99999999987
17951,98043.99999999987
17952,98043.99999999987
17953,98043.99999999987
17954,98043.99999999987
17955,98043.99999999987
17956,98043.99999999987
17957,98043.99999999987
17958,98043.99999999987
17959,98043.99999999987
17960,98043.99999999987
17961,98043.99999999987
17962,98043.99999999987
17963,98043.99999999987
17964,98043.99999999987
17965,98043.99999999987
17966,98043.99999999987
17967,98043.99999999987
17968,98043.99999999987
17969,98043.99999999987
17970,98043.99999999987
17971,98043.99999999987
17972,98043.99999999987
17973,98043.99999999987
17974,98043.99999999987
17975,98043.99999999987
17976,98043.99999999987
17977,98043.99999999987
17978,98043.99999999987
17979,98043.99999999987
17980,98043.99999999987
17981,98043.99999999987
17982,98043.99999999987
17983,98043.99999999987
17984,98043.99999999987
17985,98043.99999999987
17986,98043.99999999987
17987,98043.99999999987
17988,98043.99999999987
17989,98043.99999999987
17990,98043.99999999987
17991,98043.99999999987
17992,98043.99999999987
17993,98043.99999999987
17994,98043.99999999987
17995,98043.99999999987
17996,98043.99999999987
17997,98043.99999999987
17998,98043.99999999987
17999,98043.99999999987
18000,98043.99999999987
18001,98043.99999999987
18002,98043.99999999987
18003,98043.99999999987
18004,98043.99999999987
18005,98043.99999999987
18006,98043.99999999987
18007,98043.99999999987
18008,98043.99999999987
18009,98043.99999999987
18010,98043.99999999987
18011,98043.99999999987
18012,98043.99999999987
18013,98043.99999999987
18014,98043.99999999987
18015,98043.99999999987
18016,98043.99999999987
18017,98043.99999999987
18018,98043.99999999987
18019,98043.99999999987
18020,98043.99999999987
18021,98043.99999999987
18022,98043.99999999987
18023,98043.99999999987
18024,98043.99999999987
18025,98043.99999999987
18026,98043.99999999987
18027,98043.99999999987
18028,98043.99999999987
18029,98043.99999999987
18030,98043.99999999987
18031,98043.99999999987
18032,98043.99999999987
18033,98043.99999999987
18034,98043.99999999987
18035,98043.99999999987
18036,98043.99999999987
18037,98043.99999999987
18038,98043.99999999987
18039,98043.99999999987
18040,98043.99999999987
18041,98043.99999999987
18042,98043.99999999987
18043,98043.99999999987
18044,98043.99999999987
18045,98043.99999999987
18046,98043.99999999987
18047,98043.99999999987
18048,98043.99999999987
18049,98043.99999999987
18050,98043.99999999987
18051,98043.99999999987
18052,98043.99999999987
18053,98043.99999999987
18054,98043.99999999987
18055,98043.99999999987
18056,98043.99999999987
18057,98043.99999999987
18058,98043.99999999987
18059,98043.99999999987
18060,98043.99999999987
18061,98043.99999999987
18062,98043.99999999987
18063,98043.99999999987
18064,98043.99999999987
18065,98043.99999999987
18066,98043.99999999987
18067,98043.99999999987
18068,98043.99999999987
18069,98043.99999999987
18070,98043.99999999987
18071,98043.99999999987
18072,98043.99999999987
18073,98043.99999999987
18074,98043.99999999987
18075,98043.99999999987
18076,98043.99999999987
18077,98043.99999999987
18078,98043.99999999987
18079,98043.99999999987
18080,98043.99999999987
18081,98043.99999999987
18082,98043.99999999987
18083,98043.99999999987
18084,98043.99999999987
18085,98043.99999999987
18086,98043.99999999987
18087,98043.99999999987
18088,98043.99999999987
18089,98043.99999999987
18090,98043.99999999987
18091,98043.99999999987
18092,98043.99999999987
18093,98043.99999999987
18094,98043.99999999987
18095,98043.99999999987
18096,98043.99999999987
18097,98043.99999999987
18098,98043.99999999987
18099,98043.99999999987
18100,98043.99999999987
18101,98043.99999999987
18102,98043.99999999987
18103,98043.99999999987
18104,98043.99999999987
18105,98043.99999999987
18106,98043.99999999987
18107,98043.99999999987
18108,98043.99999999987
18109,98043.99999999987
18110,98043.99999999987
18111,98043.99999999987
18112,98043.99999999987
18113,98043.99999999987
18114,98043.99999999987
18115,98043.99999999987
18116,98043.99999999987
18117,98043.99999999987
18118,98043.99999999987
18119,98043.99999999987
18120,98043.99999999987
18121,98043.99999999987
18122,98043.99999999987
18123,98043.99999999987
18124,98043.99999999987
18125,98043.99999999987
18126,98043.99999999987
18127,98043.99999999987
18128,98043.99999999987
18129,98043.99999999987
18130,98043.99999999987
18131,98043.99999999987
18132,98043.99999999987
18133,98043.99999999987
18134,98043.99999999987
18135,98043.99999999987
18136,98043.99999999987
18137,98043.99999999987
18138,98043.99999999987
18139,98043.99999999987
18140,98043.99999999987
18141,98043.99999999987
18142,98043.99999999987
18143,98043.99999999987
18144,98043.99999999987
18145,98043.99999999987
18146,98043.99999999987
18147,98043.99999999987
18148,98043.99999999987
18149,98043.99999999987
18150,98043.99999999987
18151,98043.99999999987
18152,98043.99999999987
18153,98043.99999999987
18154,98043.99999999987
18155,98043.99999999987
18156,98043.99999999987
18157,98043.99999999987
18158,98043.99999999987
18159,98043.99999999987
18160,98043.99999999987
18161,98043.99999999987
18162,98043.99999999987
18163,98043.99999999987
18164,98043.99999999987
18165,98043.99999999987
18166,98043.99999999987
18167,98043.99999999987
18168,98043.99999999987
18169,98043.99999999987
18170,98043.99999999987
18171,98043.99999999987
18172,98043.99999999987
18173,98043.99999999987
18174,98043.99999999987
18175,98043.99999999987
18176,98043.99999999987
18177,98043.99999999987
18178,98043.99999999987
18179,98043.99999999987
18180,98043.99999999987
18181,98043.99999999987
18182,98043.99999999987
18183,98043.99999999987
18184,98043.99999999987
18185,98043.99999999987
18186,98043.99999999987
18187,98043.99999999987
18188,98043.99999999987
18189,98043.99999999987
18190,98043.99999999987
18191,98043.99999999987
18192,98043.99999999987
18193,98043.99999999987
18194,98043.99999999987
18195,98043.99999999987
18196,98043.99999999987
18197,98043.99999999987
18198,98043.99999999987
18199,98043.99999999987
18200,98043.99999999987
18201,98043.99999999987
18202,98043.99999999987
18203,98043.99999999987
18204,98043.99999999987
18205,98043.99999999987
18206,98043.99999999987
18207,98043.99999999987
18208,98043.99999999987
18209,98043.99999999987
18210,98043.99999999987
18211,98043.99999999987
18212,98043.99999999987
18213,98043.99999999987
18214,98043.99999999987
18215,98043.99999999987
18216,98043.99999999987
18217,98043.99999999987
18218,98043.99999999987
18219,98043.99999999987
18220,98043.99999999987
18221,98043.99999999987
18222,98043.99999999987
18223,98043.99999999987
18224,98043.99999999987
18225,98043.99999999987
18226,98043.99999999987
18227,98043.99999999987
18228,98043.99999999987
18229,98043.99999999987
18230,98043.99999999987
18231,98043.99999999987
18232,98043.99999999987
18233,98043.99999999987
18234,98043.99999999987
18235,98043.99999999987
18236,98043.99999999987
18237,98043.99999999987
18238,98043.99999999987
18239,98043.99999999987
18240,98043.99999999987
18241,98043.99999999987
18242,98043.99999999987
18243,98043.99999999987
18244,98043.99999999987
18245,98043.99999999987
18246,98043.99999999987
18247,98043.99999999987
18248,98043.99999999987
18249,98043.99999999987
18250,98043.99999999987
18251,98043.99999999987
18252,98043.99999999987
18253,98043.99999999987
18254,98043.99999999987
18255,98043.99999999987
18256,98043.99999999987
18257,98043.99999999987
18258,98043.99999999987
18259,98043.99999999987
18260,98043.99999999987
18261,98043.99999999987
18262,98043.99999999987
18263,98043.99999999987
18264,98043.99999999987
18265,98043.99999999987
18266,98043.99999999987
18267,98043.99999999987
18268,98043.99999999987
18269,98043.99999999987
18270,98043.99999999987
18271,98043.99999999987
18272,98043.99999999987
18273,98043.99999999987
18274,98043.99999999987
18275,98043.99999999987
18276,98043.99999999987
18277,98043.99999999987
18278,98043.99999999987
18279,98043.99999999987
18280,98043.99999999987
18281,98043.99999999987
18282,98043.99999999987
18283,98043.99999999987
18284,98043.99999999987
18285,98043.99999999987
18286,98043.99999999987
18287,98043.99999999987
18288,98043.99999999987
18289,98043.99999999987
18290,98043.99999999987
18291,98043.99999999987
18292,98043.99999999987
18293,98043.99999999987
18294,98043.99999999987
18295,98043.99999999987
18296,98043.99999999987
18297,98043.99999999987
18298,98043.99999999987
18299,98043.99999999987
18300,98043.99999999987
18301,98043.99999999987
18302,98043.99999999987
18303,98043.99999999987
18304,98043.99999999987
18305,98043.99999999987
18306,98043.99999999987
18307,98043.99999999987
18308,98043.99999999987
18309,98043.99999999987
18310,98043.99999999987
18311,98043.99999999987
18312,98043.99999999987
18313,98043.99999999987
18314,98043.99999999987
18315,98043.99999999987
18316,98043.99999999987
18317,98043.99999999987
18318,98043.99999999987
18319,98043.99999999987
18320,98043.99999999987
18321,98043.99999999987
18322,98043.99999999987
18323,98043.99999999987
18324,98043.99999999987
18325,98043.99999999987
18326,98043.99999999987
18327,98043.99999999987
18328,98043.99999999987
18329,98043.99999999987
18330,98043.99999999987
18331,98043.99999999987
18332,98043.99999999987
18333,98043.99999999987
18334,98043.99999999987
18335,98043.99999999987
18336,98043.99999999987
18337,98043.99999999987
18338,98043.99999999987
18339,98043.99999999987
18340,98043.99999999987
18341,98043.99999999987
18342,98043.99999999987
18343,98043.99999999987
18344,98043.99999999987
18345,98043.99999999987
18346,98043.99999999987
18347,98043.99999999987
18348,98043.99999999987
18349,98043.99999999987
18350,98043.99999999987
18351,98043.99999999987
18352,98043.99999999987
18353,98043.99999999987
18354,98043.99999999987
18355,98043.99999999987
18356,98043.99999999987
18357,98043.99999999987
18358,98043.99999999987
18359,98043.99999999987
18360,98043.99999999987
18361,98043.99999999987
18362,98043.99999999987
18363,98043.99999999987
18364,98043.99999999987
18365,98043.99999999987
18366,98043.99999999987
18367,98043.99999999987
18368,98043.99999999987
18369,98043.99999999987
18370,98043.99999999987
18371,98043.99999999987
18372,98043.99999999987
18373,98043.99999999987
18374,98043.99999999987
18375,98043.99999999987
18376,98043.99999999987
18377,98043.99999999987
18378,98043.99999999987
18379,98043.99999999987
18380,98043.99999999987
18381,98043.99999999987
18382,98043.99999999987
18383,98043.99999999987
18384,98043.99999999987
18385,98043.99999999987
18386,98043.99999999987
18387,98043.99999999987
18388,98043.99999999987
18389,98043.99999999987
18390,98043.99999999987
18391,98043.99999999987
18392,98043.99999999987
18393,98043.99999999987
18394,98043.99999999987
18395,98043.99999999987
18396,98043.99999999987
18397,98043.99999999987
18398,98043.99999999987
18399,98043.99999999987
18400,98043.99999999987
18401,98043.99999999987
18402,98043.99999999987
18403,98043.99999999987
18404,98043.99999999987
18405,98043.99999999987
18406,98043.99999999987
18407,98043.99999999987
18408,98043.99999999987
18409,98043.99999999987
18410,98043.99999999987
18411,98043.99999999987
18412,98043.99999999987
18413,98043.99999999987
18414,98043.99999999987
18415,98043.99999999987
18416,98043.99999999987
18417,98043.99999999987
18418,98043.99999999987
18419,98043.99999999987
18420,98043.99999999987
18421,98043.99999999987
18422,98043.99999999987
18423,98043.99999999987
18424,98043.99999999987
18425,98043.99999999987
18426,98043.99999999987
18427,98043.99999999987
18428,98043.99999999987
18429,98043.99999999987
18430,98043.99999999987
18431,98043.99999999987
18432,98043.99999999987
18433,98043.99999999987
18434,98043.99999999987
18435,98043.99999999987
18436,98043.99999999987
18437,98043.99999999987
18438,98043.99999999987
18439,98043.99999999987
18440,98043.99999999987
18441,98043.99999999987
18442,98043.99999999987
18443,98043.99999999987
18444,98043.99999999987
18445,98043.99999999987
18446,98043.99999999987
18447,98043.99999999987
18448,98043.99999999987
18449,98043.99999999987
18450,98043.99999999987
18451,98043.99999999987
18452,98043.99999999987
18453,98043.99999999987
18454,98043.99999999987
18455,98043.99999999987
18456,98043.99999999987
18457,98043.99999999987
18458,98043.99999999987
18459,98043.99999999987
18460,98043.99999999987
18461,98043.99999999987
18462,98043.99999999987
18463,98043.99999999987
18464,98043.99999999987
18465,98043.99999999987
18466,98043.99999999987
18467,98043.99999999987
18468,98043.99999999987
18469,98043.99999999987
18470,98043.99999999987
18471,98043.99999999987
18472,98043.99999999987
18473,98043.99999999987
18474,98043.99999999987
18475,98043.99999999987
18476,98043.99999999987
18477,98043.99999999987
18478,98043.99999999987
18479,98043.99999999987
18480,98043.99999999987
18481,98043.99999999987
18482,98043.99999999987
18483,98043.99999999987
18484,98043.99999999987
18485,98043.99999999987
18486,98043.99999999987
18487,98043.99999999987
18488,98043.99999999987
18489,98043.99999999987
18490,98043.99999999987
18491,98043.99999999987
18492,98043.99999999987
18493,98043.99999999987
18494,98043.99999999987
18495,98043.99999999987
18496,98043.99999999987
18497,98043.99999999987
18498,98043.99999999987
18499,98043.99999999987
18500,98043.99999999987
18501,98043.99999999987
18502,98043.99999999987
18503,98043.99999999987
18504,98043.99999999987
18505,98043.99999999987
18506,98043.99999999987
18507,98043.99999999987
18508,98043.99999999987
18509,98043.99999999987
18510,98043.99999999987
18511,98043.99999999987
18512,98043.99999999987
18513,98043.99999999987
18514,98043.99999999987
18515,98043.99999999987
18516,98043.99999999987
18517,98043.99999999987
18518,98043.99999999987
18519,98043.99999999987
18520,98043.99999999987
18521,98043.99999999987
18522,98043.99999999987
18523,98043.99999999987
18524,98043.99999999987
18525,98043.99999999987
18526,98043.99999999987
18527,98043.99999999987
18528,98043.99999999987
18529,98043.99999999987
18530,98043.99999999987
18531,98043.99999999987
18532,98043.99999999987
18533,98043.99999999987
18534,98043.99999999987
18535,98043.99999999987
18536,98043.99999999987
18537,98043.99999999987
18538,98043.99999999987
18539,98043.99999999987
18540,98043.99999999987
18541,98043.99999999987
18542,98043.99999999987
18543,98043.99999999987
18544,98043.99999999987
18545,98043.99999999987
18546,98043.99999999987
18547,98043.99999999987
18548,98043.99999999987
18549,98043.99999999987
18550,98043.99999999987
18551,98043.99999999987
18552,98043.99999999987
18553,98043.99999999987
18554,98043.99999999987
18555,98043.99999999987
18556,98043.99999999987
18557,98043.99999999987
18558,98043.99999999987
18559,98043.99999999987
18560,98043.99999999987
18561,98043.99999999987
18562,98043.99999999987
18563,98043.99999999987
18564,98043.99999999987
18565,98043.99999999987
18566,98043.99999999987
18567,98043.99999999987
18568,98043.99999999987
18569,98043.99999999987
18570,98043.99999999987
18571,98043.99999999987
18572,98043.99999999987
18573,98043.99999999987
18574,98043.99999999987
18575,98043.99999999987
18576,98043.99999999987
18577,98043.99999999987
18578,98043.99999999987
18579,98043.99999999987
18580,98043.99999999987
18581,98043.99999999987
18582,98043.99999999987
18583,98043.99999999987
18584,98043.99999999987
18585,98043.99999999987
18586,98043.99999999987
18587,98043.99999999987
18588,98043.99999999987
18589,98043.99999999987
18590,98043.99999999987
18591,98043.99999999987
18592,98043.99999999987
18593,98043.99999999987
18594,98043.99999999987
18595,98043.99999999987
18596,98043.99999999987
18597,98043.99999999987
18598,98043.99999999987
18599,98043.99999999987
18600,98043.99999999987
18601,98043.99999999987
18602,98043.99999999987
18603,98043.99999999987
18604,98043.99999999987
18605,98043.99999999987
18606,98043.99999999987
18607,98043.99999999987
18608,98043.99999999987
18609,98043.99999999987
18610,98043.99999999987
18611,98043.99999999987
18612,98043.99999999987
18613,98043.99999999987
18614,98043.99999999987
18615,98043.99999999987
18616,98043.99999999987
18617,98043.99999999987
18618,98043.99999999987
18619,98043.99999999987
18620,98043.99999999987
18621,98043.99999999987
18622,98043.99999999987
18623,98043.99999999987
18624,98043.99999999987
18625,98043.99999999987
18626,98043.99999999987
18627,98043.99999999987
18628,98043.99999999987
18629,98043.99999999987
18630,98043.99999999987
18631,98043.99999999987
18632,98043.99999999987
18633,98043.99999999987
18634,98043.99999999987
18635,98043.99999999987
18636,98043.99999999987
18637,98043.99999999987
18638,98043.99999999987
18639,98043.99999999987
18640,98043.99999999987
18641,98043.99999999987
18642,98043.99999999987
18643,98043.99999999987
18644,98043.99999999987
18645,98043.99999999987
18646,98043.99999999987
18647,98043.99999999987
18648,98043.99999999987
18649,98043.99999999987
18650,98043.99999999987
18651,98043.99999999987
18652,98043.99999999987
18653,98043.99999999987
18654,98043.99999999987
18655,98043.99999999987
18656,98043.99999999987
18657,98043.99999999987
18658,98043.99999999987
18659,98043.99999999987
18660,98043.99999999987
18661,98043.99999999987
18662,98043.99999999987
18663,98043.99999999987
18664,98043.99999999987
18665,98043.99999999987
18666,98043.99999999987
18667,98043.99999999987
18668,98043.99999999987
18669,98043.99999999987
18670,98043.99999999987
18671,98043.99999999987
18672,98043.99999999987
18673,98043.99999999987
18674,98043.99999999987
18675,98043.99999999987
18676,98043.99999999987
18677,98043.99999999987
18678,98043.99999999987
18679,98043.99999999987
18680,98043.99999999987
18681,98043.99999999987
18682,98043.99999999987
18683,98043.99999999987
18684,98043.99999999987
18685,98043.99999999987
18686,98043.99999999987
18687,98043.99999999987
18688,98043.99999999987
18689,98043.99999999987
18690,98043.99999999987
18691,98043.99999999987
18692,98043.99999999987
18693,98043.99999999987
18694,98043.99999999987
18695,98043.99999999987
18696,98043.99999999987
18697,98043.99999999987
18698,98043.99999999987
18699,98043.99999999987
18700,98043.99999999987
18701,98043.99999999987
18702,98043.99999999987
18703,98043.99999999987
18704,98043.99999999987
18705,98043.99999999987
18706,98043.99999999987
18707,98043.99999999987
18708,98043.99999999987
18709,98043.99999999987
18710,98043.99999999987
18711,98043.99999999987
18712,98043.99999999987
18713,98043.99999999987
18714,98043.99999999987
18715,98043.99999999987
18716,98043.99999999987
18717,98043.99999999987
18718,98043.99999999987
18719,98043.99999999987
18720,98043.99999999987
18721,98043.99999999987
18722,98043.99999999987
18723,98043.99999999987
18724,98043.99999999987
18725,98043.99999999987
18726,98043.99999999987
18727,98043.99999999987
18728,98043.99999999987
18729,98043.99999999987
18730,98043.99999999987
18731,98043.99999999987
18732,98043.99999999987
18733,98043.99999999987
18734,98043.99999999987
18735,98043.99999999987
18736,98043.99999999987
18737,98043.99999999987
18738,98043.99999999987
18739,98043.99999999987
18740,98043.99999999987
18741,98043.99999999987
18742,98043.99999999987
18743,98043.99999999987
18744,98043.99999999987
18745,98043.99999999987
18746,98043.99999999987
18747,98043.99999999987
18748,98043.99999999987
18749,98043.99999999987
18750,98043.99999999987
18751,98043.99999999987
18752,98043.99999999987
18753,98043.99999999987
18754,98043.99999999987
18755,98043.99999999987
18756,98043.99999999987
18757,98043.99999999987
18758,98043.99999999987
18759,98043.99999999987
18760,98043.99999999987
18761,98043.99999999987
18762,98043.99999999987
18763,98043.99999999987
18764,98043.99999999987
18765,98043.99999999987
18766,98043.99999999987
18767,98043.99999999987
18768,98043.99999999987
18769,98043.99999999987
18770,98043.99999999987
18771,98043.99999999987
18772,98043.99999999987
18773,98043.99999999987
18774,98043.99999999987
18775,98043.99999999987
18776,98043.99999999987
18777,98043.99999999987
18778,98043.99999999987
18779,98043.99999999987
18780,98043.99999999987
18781,98043.99999999987
18782,98043.99999999987
18783,98043.99999999987
18784,98043.99999999987
18785,98043.99999999987
18786,98043.99999999987
18787,98043.99999999987
18788,98043.99999999987
18789,98043.99999999987
18790,98043.99999999987
18791,98043.99999999987
18792,98043.99999999987
18793,98043.99999999987
18794,98043.99999999987
18795,98043.99999999987
18796,98043.99999999987
18797,98043.99999999987
18798,98043.99999999987
18799,98043.99999999987
18800,98043.99999999987
18801,98043.99999999987
18802,98043.99999999987
18803,98043.99999999987
18804,98043.99999999987
18805,98043.99999999987
18806,98043.99999999987
18807,98043.99999999987
18808,98043.99999999987
18809,98043.99999999987
18810,98043.99999999987
18811,98043.99999999987
18812,98043.99999999987
18813,98043.99999999987
18814,98043.99999999987
18815,98043.99999999987
18816,98043.99999999987
18817,98043.99999999987
18818,98043.99999999987
18819,98043.99999999987
18820,98043.99999999987
18821,98043.99999999987
18822,98043.99999999987
18823,98043.99999999987
18824,98043.99999999987
18825,98043.99999999987
18826,98043.99999999987
18827,98043.99999999987
18828,98043.99999999987
18829,98043.99999999987
18830,98043.99999999987
18831,98043.99999999987
18832,98043.99999999987
18833,98043.99999999987
18834,98043.99999999987
18835,98043.99999999987
18836,98043.99999999987
18837,98043.99999999987
18838,98043.99999999987
18839,98043.99999999987
18840,98043.99999999987
18841,98043.99999999987
18842,98043.99999999987
18843,98043.99999999987
18844,98043.99999999987
18845,98043.99999999987
18846,98043.99999999987
18847,98043.99999999987
18848,98043.99999999987
18849,98043.99999999987
18850,98043.99999999987
18851,98043.99999999987
18852,98043.99999999987
18853,98043.99999999987
18854,98043.99999999987
18855,98043.99999999987
18856,98043.99999999987
18857,98043.99999999987
18858,98043.99999999987
18859,98043.99999999987
18860,98043.99999999987
18861,98043.99999999987
18862,98043.99999999987
18863,98043.99999999987
18864,98043.99999999987
18865,98043.99999999987
18866,98043.99999999987
18867,98043.99999999987
18868,98043.99999999987
18869,98043.99999999987
18870,98043.99999999987
18871,98043.99999999987
18872,98043.99999999987
18873,98043.99999999987
18874,98043.99999999987
18875,98043.99999999987
18876,98043.99999999987
18877,98043.99999999987
18878,98043.99999999987
18879,98043.99999999987
18880,98043.99999999987
18881,98043.99999999987
18882,98043.99999999987
18883,98043.99999999987
18884,98043.99999999987
18885,98043.99999999987
18886,98043.99999999987
18887,98043.99999999987
18888,98043.99999999987
18889,98043.99999999987
18890,98043.99999999987
18891,98043.99999999987
18892,98043.99999999987
18893,98043.99999999987
18894,98043.99999999987
18895,98043.99999999987
18896,98043.99999999987
18897,98043.99999999987
18898,98043.99999999987
18899,98043.99999999987
18900,98043.99999999987
18901,98043.99999999987
18902,98043.99999999987
18903,98043.99999999987
18904,98043.99999999987
18905,98043.99999999987
18906,98043.99999999987
18907,98043.99999999987
18908,98043.99999999987
18909,98043.99999999987
18910,98043.99999999987
18911,98043.99999999987
18912,98043.99999999987
18913,98043.99999999987
18914,98043.99999999987
18915,98043.99999999987
18916,98043.99999999987
18917,98043.99999999987
18918,98043.99999999987
18919,98043.99999999987
18920,98043.99999999987
18921,98043.99999999987
18922,98043.99999999987
18923,98043.99999999987
18924,98043.99999999987
18925,98043.99999999987
18926,98043.99999999987
18927,98043.99999999987
18928,98043.99999999987
18929,98043.99999999987
18930,98043.99999999987
18931,98043.99999999987
18932,98043.99999999987
18933,98043.99999999987
18934,98043.99999999987
18935,98043.99999999987
18936,98043.99999999987
18937,98043.99999999987
18938,98043.99999999987
18939,98043.99999999987
18940,98043.99999999987
18941,98043.99999999987
18942,98043.99999999987
18943,98043.99999999987
18944,98043.99999999987
18945,98043.99999999987
18946,98043.99999999987
18947,98043.99999999987
18948,98043.99999999987
18949,98043.99999999987
18950,98043.99999999987
18951,98043.99999999987
18952,98043.99999999987
18953,98043.99999999987
18954,98043.99999999987
18955,98043.99999999987
18956,98043.99999999987
18957,98043.99999999987
18958,98043.99999999987
18959,98043.99999999987
18960,98043.99999999987
18961,98043.99999999987
18962,98043.99999999987
18963,98043.99999999987
18964,98043.99999999987
18965,98043.99999999987
18966,98043.99999999987
18967,98043.99999999987
18968,98043.99999999987
18969,98043.99999999987
18970,98043.99999999987
18971,98043.99999999987
18972,98043.99999999987
18973,98043.99999999987
18974,98043.99999999987
18975,98043.99999999987
18976,98043.99999999987
18977,98043.99999999987
18978,98043.99999999987
18979,98043.99999999987
18980,98043.99999999987
18981,98043.99999999987
18982,98043.99999999987
18983,98043.99999999987
18984,98043.99999999987
18985,98043.99999999987
18986,98043.99999999987
18987,98043.99999999987
18988,98043.99999999987
18989,98043.99999999987
18990,98043.99999999987
18991,98043.99999999987
18992,98043.99999999987
18993,98043.99999999987
18994,98043.99999999987
18995,98043.99999999987
18996,98043.99999999987
18997,98043.99999999987
18998,98043.99999999987
18999,98043.99999999987
19000,98043.99999999987
19001,98043.99999999987
19002,98043.99999999987
19003,98043.99999999987
19004,98043.99999999987
19005,98043.99999999987
19006,98043.99999999987
19007,98043.99999999987
19008,98043.99999999987
19009,98043.99999999987
19010,98043.99999999987
19011,98043.99999999987
19012,98043.99999999987
19013,98043.99999999987
19014,98043.99999999987
19015,98043.99999999987
19016,98043.99999999987
19017,98043.99999999987
19018,98043.99999999987
19019,98043.99999999987
19020,98043.99999999987
19021,98043.99999999987
19022,98043.99999999987
19023,98043.99999999987
19024,98043.99999999987
19025,98043.99999999987
19026,98043.99999999987
19027,98043.99999999987
19028,98043.99999999987
19029,98043.99999999987
19030,98043.99999999987
19031,98043.99999999987
19032,98043.99999999987
19033,98043.99999999987
19034,98043.99999999987
19035,98043.99999999987
19036,98043.99999999987
19037,98043.99999999987
19038,98043.99999999987
19039,98043.99999999987
19040,98043.99999999987
19041,98043.99999999987
19042,98043.99999999987
19043,98043.99999999987
19044,98043.99999999987
19045,98043.99999999987
19046,98043.99999999987
19047,98043.99999999987
19048,98043.99999999987
19049,98043.99999999987
19050,98043.99999999987
19051,98043.99999999987
19052,98043.99999999987
19053,98043.99999999987
19054,98043.99999999987
19055,98043.99999999987
19056,98043.99999999987
19057,98043.99999999987
19058,98043.99999999987
19059,98043.99999999987
19060,98043.99999999987
19061,98043.99999999987
19062,98043.99999999987
19063,98043.99999999987
19064,98043.99999999987
19065,98043.99999999987
19066,98043.99999999987
19067,98043.99999999987
19068,98043.99999999987
19069,98043.99999999987
19070,98043.99999999987
19071,98043.99999999987
19072,98043.99999999987
19073,98043.99999999987
19074,98043.99999999987
19075,98043.99999999987
19076,98043.99999999987
19077,98043.99999999987
19078,98043.99999999987
19079,98043.99999999987
19080,98043.99999999987
19081,98043.99999999987
19082,98043.99999999987
19083,98043.99999999987
19084,98043.99999999987
19085,98043.99999999987
19086,98043.99999999987
19087,98043.99999999987
19088,98043.99999999987
19089,98043.99999999987
19090,98043.99999999987
19091,98043.99999999987
19092,98043.99999999987
19093,98043.99999999987
19094,98043.99999999987
19095,98043.99999999987
19096,98043.99999999987
19097,98043.99999999987
19098,98043.99999999987
19099,98043.99999999987
19100,98043.99999999987
19101,98043.99999999987
19102,98043.99999999987
19103,98043.99999999987
19104,98043.99999999987
19105,98043.99999999987
19106,98043.99999999987
19107,98043.99999999987
19108,98043.99999999987
19109,98043.99999999987
19110,98043.99999999987
19111,98043.99999999987
19112,98043.99999999987
19113,98043.99999999987
19114,98043.99999999987
19115,98043.99999999987
19116,98043.99999999987
19117,98043.99999999987
19118,98043.99999999987
19119,98043.99999999987
19120,98043.99999999987
19121,98043.99999999987
19122,98043.99999999987
19123,98043.99999999987
19124,98043.99999999987
19125,98043.99999999987
19126,98043.99999999987
19127,98043.99999999987
19128,98043.99999999987
19129,98043.99999999987
19130,98043.99999999987
19131,98043.99999999987
19132,98043.99999999987
19133,98043.99999999987
19134,98043.99999999987
19135,98043.99999999987
19136,98043.99999999987
19137,98043.99999999987
19138,98043.99999999987
19139,98043.99999999987
19140,98043.99999999987
19141,98043.99999999987
19142,98043.99999999987
19143,98043.99999999987
19144,98043.99999999987
19145,98043.99999999987
19146,98043.99999999987
19147,98043.99999999987
19148,98043.99999999987
19149,98043.99999999987
19150,98043.99999999987
19151,98043.99999999987
19152,98043.99999999987
19153,98043.99999999987
19154,98043.99999999987
19155,98043.99999999987
19156,98043.99999999987
19157,98043.99999999987
19158,98043.99999999987
19159,98043.99999999987
19160,98043.99999999987
19161,98043.99999999987
19162,98043.99999999987
19163,98043.99999999987
19164,98043.99999999987
19165,98043.99999999987
19166,98043.99999999987
19167,98043.99999999987
19168,98043.99999999987
19169,98043.99999999987
19170,98043.99999999987
19171,98043.99999999987
19172,98043.99999999987
19173,98043.99999999987
19174,98043.99999999987
19175,98043.99999999987
19176,98043.99999999987
19177,98043.99999999987
19178,98043.99999999987
19179,98043.99999999987
19180,98043.99999999987
19181,98043.99999999987
19182,98043.99999999987
19183,98043.99999999987
19184,98043.99999999987
19185,98043.99999999987
19186,98043.99999999987
19187,98043.99999999987
19188,98043.99999999987
19189,98043.99999999987
19190,98043.99999999987
19191,98043.99999999987
19192,98043.99999999987
19193,98043.99999999987
19194,98043.99999999987
19195,98043.99999999987
19196,98043.99999999987
19197,98043.99999999987
19198,98043.99999999987
19199,98043.99999999987
19200,98043.99999999987
19201,98043.99999999987
19202,98043.99999999987
19203,98043.99999999987
19204,98043.99999999987
19205,98043.99999999987
19206,98043.99999999987
19207,98043.99999999987
19208,98043.99999999987
19209,98043.99999999987
19210,98043.99999999987
19211,98043.99999999987
19212,98043.99999999987
19213,98043.99999999987
19214,98043.99999999987
19215,98043.99999999987
19216,98043.99999999987
19217,98043.99999999987
19218,98043.99999999987
19219,98043.99999999987
19220,98043.99999999987
19221,98043.99999999987
19222,98043.99999999987
19223,98043.99999999987
19224,98043.99999999987
19225,98043.99999999987
19226,98043.99999999987
19227,98043.99999999987
19228,98043.99999999987
19229,98043.99999999987
19230,98043.99999999987
19231,98043.99999999987
19232,98043.99999999987
19233,98043.99999999987
19234,98043.99999999987
19235,98043.99999999987
19236,98043.99999999987
19237,98043.99999999987
19238,98043.99999999987
19239,98043.99999999987
19240,98043.99999999987
19241,98043.99999999987
19242,98043.99999999987
19243,98043.99999999987
19244,98043.99999999987
19245,98043.99999999987
19246,98043.99999999987
19247,98043.99999999987
19248,98043.99999999987
19249,98043.99999999987
19250,98043.99999999987
19251,98043.99999999987
19252,98043.99999999987
19253,98043.99999999987
19254,98043.99999999987
19255,98043.99999999987
19256,98043.99999999987
19257,98043.99999999987
19258,98043.99999999987
19259,98043.99999999987
19260,98043.99999999987
19261,98043.99999999987
19262,98043.99999999987
19263,98043.99999999987
19264,98043.99999999987
19265,98043.99999999987
19266,98043.99999999987
19267,98043.99999999987
19268,98043.99999999987
19269,98043.99999999987
19270,98043.99999999987
19271,98043.99999999987
19272,98043.99999999987
19273,98043.99999999987
19274,98043.99999999987
19275,98043.99999999987
19276,98043.99999999987
19277,98043.99999999987
19278,98043.99999999987
19279,98043.99999999987
19280,98043.99999999987
19281,98043.99999999987
19282,98043.99999999987
19283,98043.99999999987
19284,98043.99999999987
19285,98043.99999999987
19286,98043.99999999987
19287,98043.99999999987
19288,98043.99999999987
19289,98043.99999999987
19290,98043.99999999987
19291,98043.99999999987
19292,98043.99999999987
19293,98043.99999999987
19294,98043.99999999987
19295,98043.99999999987
19296,98043.99999999987
19297,98043.99999999987
19298,98043.99999999987
19299,98043.99999999987
19300,98043.99999999987
19301,98043.99999999987
19302,98043.99999999987
19303,98043.99999999987
19304,98043.99999999987
19305,98043.99999999987
19306,98043.99999999987
19307,98043.99999999987
19308,98043.99999999987
19309,98043.99999999987
19310,98043.99999999987
19311,98043.99999999987
19312,98043.99999999987
19313,98043.99999999987
19314,98043.99999999987
19315,98043.99999999987
19316,98043.99999999987
19317,98043.99999999987
19318,98043.99999999987
19319,98043.99999999987
19320,98043.99999999987
19321,98043.99999999987
19322,98043.99999999987
19323,98043.99999999987
19324,98043.99999999987
19325,98043.99999999987
19326,98043.99999999987
19327,98043.99999999987
19328,98043.99999999987
19329,98043.99999999987
19330,98043.99999999987
19331,98043.99999999987
19332,98043.99999999987
19333,98043.99999999987
19334,98043.99999999987
19335,98043.99999999987
19336,98043.99999999987
19337,98043.99999999987
19338,98043.99999999987
19339,98043.99999999987
19340,98043.99999999987
19341,98043.99999999987
19342,98043.99999999987
19343,98043.99999999987
19344,98043.99999999987
19345,98043.99999999987
19346,98043.99999999987
19347,98043.99999999987
19348,98043.99999999987
19349,98043.99999999987
19350,98043.99999999987
19351,98043.99999999987
19352,98043.99999999987
19353,98043.99999999987
19354,98043.99999999987
19355,98043.99999999987
19356,98043.99999999987
19357,98043.99999999987
19358,98043.99999999987
19359,98043.99999999987
19360,98043.99999999987
19361,98043.99999999987
19362,98043.99999999987
19363,98043.99999999987
19364,98043.99999999987
19365,98043.99999999987
19366,98043.99999999987
19367,98043.99999999987
19368,98043.99999999987
19369,98043.99999999987
19370,98043.99999999987
19371,98043.99999999987
19372,98043.99999999987
19373,98043.99999999987
19374,98043.99999999987
19375,98043.99999999987
19376,98043.99999999987
19377,98043.99999999987
19378,98043.99999999987
19379,98043.99999999987
19380,98043.99999999987
19381,98043.99999999987
19382,98043.99999999987
19383,98043.99999999987
19384,98043.99999999987
19385,98043.99999999987
19386,98043.99999999987
19387,98043.99999999987
19388,98043.99999999987
19389,98043.99999999987
19390,98043.99999999987
19391,98043.99999999987
19392,98043.99999999987
19393,98043.99999999987
19394,98043.99999999987
19395,98043.99999999987
19396,98043.99999999987
19397,98043.99999999987
19398,98043.99999999987
19399,98043.99999999987
19400,98043.99999999987
19401,98043.99999999987
19402,98043.99999999987
19403,98043.99999999987
19404,98043.99999999987
19405,98043.99999999987
19406,98043.99999999987
19407,98043.99999999987
19408,98043.99999999987
19409,98043.99999999987
19410,98043.99999999987
19411,98043.99999999987
19412,98043.99999999987
19413,98043.99999999987
19414,98043.99999999987
19415,98043.99999999987
19416,98043.99999999987
19417,98043.99999999987
19418,98043.99999999987
19419,98043.99999999987
19420,98043.99999999987
19421,98043.99999999987
19422,98043.99999999987
19423,98043.99999999987
19424,98043.99999999987
19425,98043.99999999987
19426,98043.99999999987
19427,98043.99999999987
19428,98043.99999999987
19429,98043.99999999987
19430,98043.99999999987
19431,98043.99999999987
19432,98043.99999999987
19433,98043.99999999987
19434,98043.99999999987
19435,98043.99999999987
19436,98043.99999999987
19437,98043.99999999987
19438,98043.99999999987
19439,98043.99999999987
19440,98043.99999999987
19441,98043.99999999987
19442,98043.99999999987
19443,98043.99999999987
19444,98043.99999999987
19445,98043.99999999987
19446,98043.99999999987
19447,98043.99999999987
19448,98043.99999999987
19449,98043.99999999987
19450,98043.99999999987
19451,98043.99999999987
19452,98043.99999999987
19453,98043.99999999987
19454,98043.99999999987
19455,98043.99999999987
19456,98043.99999999987
19457,98043.99999999987
19458,98043.99999999987
19459,98043.99999999987
19460,98043.99999999987
19461,98043.99999999987
19462,98043.99999999987
19463,98043.99999999987
19464,98043.99999999987
19465,98043.99999999987
19466,98043.99999999987
19467,98043.99999999987
19468,98043.99999999987
19469,98043.99999999987
19470,98043.99999999987
19471,98043.99999999987
19472,98043.99999999987
19473,98043.99999999987
19474,98043.99999999987
19475,98043.99999999987
19476,98043.99999999987
19477,98043.99999999987
19478,98043.99999999987
19479,98043.99999999987
19480,98043.99999999987
19481,98043.99999999987
19482,98043.99999999987
19483,98043.99999999987
19484,98043.99999999987
19485,98043.99999999987
19486,98043.99999999987
19487,98043.99999999987
19488,98043.99999999987
19489,98043.99999999987
19490,98043.99999999987
19491,98043.99999999987
19492,98043.99999999987
19493,98043.99999999987
19494,98043.99999999987
19495,98043.99999999987
19496,98043.99999999987
19497,98043.99999999987
19498,98043.99999999987
19499,98043.99999999987
19500,98043.99999999987
19501,98043.99999999987
19502,98043.99999999987
19503,98043.99999999987
19504,98043.99999999987
19505,98043.99999999987
19506,98043.99999999987
19507,98043.99999999987
19508,98043.99999999987
19509,98043.99999999987
19510,98043.99999999987
19511,98043.99999999987
19512,98043.99999999987
19513,98043.99999999987
19514,98043.99999999987
19515,98043.99999999987
19516,98043.99999999987
19517,98043.99999999987
19518,98043.99999999987
19519,98043.99999999987
19520,98043.99999999987
19521,98043.99999999987
19522,98043.99999999987
19523,98043.99999999987
19524,98043.99999999987
19525,98043.99999999987
19526,98043.99999999987
19527,98043.99999999987
19528,98043.99999999987
19529,98043.99999999987
19530,98043.99999999987
19531,98043.99999999987
19532,98043.99999999987
19533,98043.99999999987
19534,98043.99999999987
19535,98043.99999999987
19536,98043.99999999987
19537,98043.99999999987
19538,98043.99999999987
19539,98043.99999999987
19540,98043.99999999987
19541,98043.99999999987
19542,98043.99999999987
19543,98043.99999999987
19544,98043.99999999987
19545,98043.99999999987
19546,98043.99999999987
19547,98043.99999999987
19548,98043.99999999987
19549,98043.99999999987
19550,98043.99999999987
19551,98043.99999999987
19552,98043.99999999987
19553,98043.99999999987
19554,98043.99999999987
19555,98043.99999999987
19556,98043.99999999987
19557,98043.99999999987
19558,98043.99999999987
19559,98043.99999999987
19560,98043.99999999987
19561,98043.99999999987
19562,98043.99999999987
19563,98043.99999999987
19564,98043.99999999987
19565,98043.99999999987
19566,98043.99999999987
19567,98043.99999999987
19568,98043.99999999987
19569,98043.99999999987
19570,98043.99999999987
19571,98043.99999999987
19572,98043.99999999987
19573,98043.99999999987
19574,98043.99999999987
19575,98043.99999999987
19576,98043.99999999987
19577,98043.99999999987
19578,98043.99999999987
19579,98043.99999999987
19580,98043.99999999987
19581,98043.99999999987
19582,98043.99999999987
19583,98043.99999999987
19584,98043.99999999987
19585,98043.99999999987
19586,98043.99999999987
19587,98043.99999999987
19588,98043.99999999987
19589,98043.99999999987
19590,98043.99999999987
19591,98043.99999999987
19592,98043.99999999987
19593,98043.99999999987
19594,98043.99999999987
19595,98043.99999999987
19596,98043.99999999987
19597,98043.99999999987
19598,98043.99999999987
19599,98043.99999999987
19600,98043.99999999987
19601,98043.99999999987
19602,98043.99999999987
19603,98043.99999999987
19604,98043.99999999987
19605,98043.99999999987
19606,98043.99999999987
19607,98043.99999999987
19608,98043.99999999987
19609,98043.99999999987
19610,98043.99999999987
19611,98043.99999999987
19612,98043.99999999987
19613,98043.99999999987
19614,98043.99999999987
19615,98043.99999999987
19616,98043.99999999987
19617,98043.99999999987
19618,98043.99999999987
19619,98043.99999999987
19620,98043.99999999987
19621,98043.99999999987
19622,98043.99999999987
19623,98043.99999999987
19624,98043.99999999987
19625,98043.99999999987
19626,98043.99999999987
19627,98043.99999999987
19628,98043.99999999987
19629,98043.99999999987
19630,98043.99999999987
19631,98043.99999999987
19632,98043.99999999987
19633,98043.99999999987
19634,98043.99999999987
19635,98043.99999999987
19636,98043.99999999987
19637,98043.99999999987
19638,98043.99999999987
19639,98043.99999999987
19640,98043.99999999987
19641,98043.99999999987
19642,98043.99999999987
19643,98043.99999999987
19644,98043.99999999987
19645,98043.99999999987
19646,98043.99999999987
19647,98043.99999999987
19648,98043.99999999987
19649,98043.99999999987
19650,98043.99999999987
19651,98043.99999999987
19652,98043.99999999987
19653,98043.99999999987
19654,98043.99999999987
19655,98043.99999999987
19656,98043.99999999987
19657,98043.99999999987
19658,98043.99999999987
19659,98043.99999999987
19660,98043.99999999987
19661,98043.99999999987
19662,98043.99999999987
19663,98043.99999999987
19664,98043.99999999987
19665,98043.99999999987
19666,98043.99999999987
19667,98043.99999999987
19668,98043.99999999987
19669,98043.99999999987
19670,98043.99999999987
19671,98043.99999999987
19672,98043.99999999987
19673,98043.99999999987
19674,98043.99999999987
19675,98043.99999999987
19676,98043.99999999987
19677,98043.99999999987
19678,98043.99999999987
19679,98043.99999999987
19680,98043.99999999987
19681,98043.99999999987
19682,98043.99999999987
19683,98043.99999999987
19684,98043.99999999987
19685,98043.99999999987
19686,98043.99999999987
19687,98043.99999999987
19688,98043.99999999987
19689,98043.99999999987
19690,98043.99999999987
19691,98043.99999999987
19692,98043.99999999987
19693,98043.99999999987
19694,98043.99999999987
19695,98043.99999999987
19696,98043.99999999987
19697,98043.99999999987
19698,98043.99999999987
19699,98043.99999999987
19700,98043.99999999987
19701,98043.99999999987
19702,98043.99999999987
19703,98043.99999999987
19704,98043.99999999987
19705,98043.99999999987
19706,98043.99999999987
19707,98043.99999999987
19708,98043.99999999987
19709,98043.99999999987
19710,98043.99999999987
19711,98043.99999999987
19712,98043.99999999987
19713,98043.99999999987
19714,98043.99999999987
19715,98043.99999999987
19716,98043.99999999987
19717,98043.99999999987
19718,98043.99999999987
19719,98043.99999999987
19720,98043.99999999987
19721,98043.99999999987
19722,98043.99999999987
19723,98043.99999999987
19724,98043.99999999987
19725,98043.99999999987
19726,98043.99999999987
19727,98043.99999999987
19728,98043.99999999987
19729,98043.99999999987
19730,98043.99999999987
19731,98043.99999999987
19732,98043.99999999987
19733,98043.99999999987
19734,98043.99999999987
19735,98043.99999999987
19736,98043.99999999987
19737,98043.99999999987
19738,98043.99999999987
19739,98043.99999999987
19740,98043.99999999987
19741,98043.99999999987
19742,98043.99999999987
19743,98043.99999999987
19744,98043.99999999987
19745,98043.99999999987
19746,98043.99999999987
19747,98043.99999999987
19748,98043.99999999987
19749,98043.99999999987
19750,98043.99999999987
19751,98043.99999999987
19752,98043.99999999987
19753,98043.99999999987
19754,98043.99999999987
19755,98043.99999999987
19756,98043.99999999987
19757,98043.99999999987
19758,98043.99999999987
19759,98043.99999999987
19760,98043.99999999987
19761,98043.99999999987
19762,98043.99999999987
19763,98043.99999999987
19764,98043.99999999987
19765,98043.99999999987
19766,98043.99999999987
19767,98043.99999999987
19768,98043.99999999987
19769,98043.99999999987
19770,98043.99999999987
19771,98043.99999999987
19772,98043.99999999987
19773,98043.99999999987
19774,98043.99999999987
19775,98043.99999999987
19776,98043.99999999987
19777,98043.99999999987
19778,98043.99999999987
19779,98043.99999999987
19780,98043.99999999987
19781,98043.99999999987
19782,98043.99999999987
19783,98043.99999999987
19784,98043.99999999987
19785,98043.99999999987
19786,98043.99999999987
19787,98043.99999999987
19788,98043.99999999987
19789,98043.99999999987
19790,98043.99999999987
19791,98043.99999999987
19792,98043.99999999987
19793,98043.99999999987
19794,98043.99999999987
19795,98043.99999999987
19796,98043.99999999987
19797,98043.99999999987
19798,98043.99999999987
19799,98043.99999999987
19800,98043.99999999987
19801,98043.99999999987
19802,98043.99999999987
19803,98043.99999999987
19804,98043.99999999987
19805,98043.99999999987
19806,98043.99999999987
19807,98043.99999999987
19808,98043.99999999987
19809,98043.99999999987
19810,98043.99999999987
19811,98043.99999999987
19812,98043.99999999987
19813,98043.99999999987
19814,98043.99999999987
19815,98043.99999999987
19816,98043.99999999987
19817,98043.99999999987
19818,98043.99999999987
19819,98043.99999999987
19820,98043.99999999987
19821,98043.99999999987
19822,98043.99999999987
19823,98043.99999999987
19824,98043.99999999987
19825,98043.99999999987
19826,98043.99999999987
19827,98043.99999999987
19828,98043.99999999987
19829,98043.99999999987
19830,98043.99999999987
19831,98043.99999999987
19832,98043.99999999987
19833,98043.99999999987
19834,98043.99999999987
19835,98043.99999999987
19836,98043.99999999987
19837,98043.99999999987
19838,98043.99999999987
19839,98043.99999999987
19840,98043.99999999987
19841,98043.99999999987
19842,98043.99999999987
19843,98043.99999999987
19844,98043.99999999987
19845,98043.99999999987
19846,98043.99999999987
19847,98043.99999999987
19848,98043.99999999987
19849,98043.99999999987
19850,98043.99999999987
19851,98043.99999999987
19852,98043.99999999987
19853,98043.99999999987
19854,98043.99999999987
19855,98043.99999999987
19856,98043.99999999987
19857,98043.99999999987
19858,98043.99999999987
19859,98043.99999999987
19860,98043.99999999987
19861,98043.99999999987
19862,98043.99999999987
19863,98043.99999999987
19864,98043.99999999987
19865,98043.99999999987
19866,98043.99999999987
19867,98043.99999999987
19868,98043.99999999987
19869,98043.99999999987
19870,98043.99999999987
19871,98043.99999999987
19872,98043.99999999987
19873,98043.99999999987
19874,98043.99999999987
19875,98043.99999999987
19876,98043.99999999987
19877,98043.99999999987
19878,98043.99999999987
19879,98043.99999999987
19880,98043.99999999987
19881,98043.99999999987
19882,98043.99999999987
19883,98043.99999999987
19884,98043.99999999987
19885,98043.99999999987
19886,98043.99999999987
19887,98043.99999999987
19888,98043.99999999987
19889,98043.99999999987
19890,98043.99999999987
19891,98043.99999999987
19892,98043.99999999987
19893,98043.99999999987
19894,98043.99999999987
19895,98043.99999999987
19896,98043.99999999987
19897,98043.99999999987
19898,98043.99999999987
19899,98043.99999999987
19900,98043.99999999987
19901,98043.99999999987
19902,98043.99999999987
19903,98043.99999999987
19904,98043.99999999987
19905,98043.99999999987
19906,98043.99999999987
19907,98043.99999999987
19908,98043.99999999987
19909,98043.99999999987
19910,98043.99999999987
19911,98043.99999999987
19912,98043.99999999987
19913,98043.99999999987
19914,98043.99999999987
19915,98043.99999999987
19916,98043.99999999987
19917,98043.99999999987
19918,98043.99999999987
19919,98043.99999999987
19920,98043.99999999987
19921,98043.99999999987
19922,98043.99999999987
19923,98043.99999999987
19924,98043.99999999987
19925,98043.99999999987
19926,98043.99999999987
19927,98043.99999999987
19928,98043.99999999987
19929,98043.99999999987
19930,98043.99999999987
19931,98043.99999999987
19932,98043.99999999987
19933,98043.99999999987
19934,98043.99999999987
19935,98043.99999999987
19936,98043.99999999987
19937,98043.99999999987
19938,98043.99999999987
19939,98043.99999999987
19940,98043.99999999987
19941,98043.99999999987
19942,98043.99999999987
19943,98043.99999999987
19944,98043.99999999987
19945,98043.99999999987
19946,98043.99999999987
19947,98043.99999999987
19948,98043.99999999987
19949,98043.99999999987
19950,98043.99999999987
19951,98043.99999999987
19952,98043.99999999987
19953,98043.99999999987
19954,98043.99999999987
19955,98043.99999999987
19956,98043.99999999987
19957,98043.99999999987
19958,98043.99999999987
19959,98043.99999999987
19960,98043.99999999987
19961,98043.99999999987
19962,98043.99999999987
19963,98043.99999999987
19964,98043.99999999987
19965,98043.99999999987
19966,98043.99999999987
19967,98043.99999999987
19968,98043.99999999987
19969,98043.99999999987
19970,98043.99999999987
19971,98043.99999999987
19972,98043.99999999987
19973,98043.99999999987
19974,98043.99999999987
19975,98043.99999999987
19976,98043.99999999987
19977,98043.99999999987
19978,98043.99999999987
19979,98043.99999999987
19980,98043.99999999987
19981,98043.99999999987
19982,98043.99999999987
19983,98043.99999999987
19984,98043.99999999987
19985,98043.99999999987
19986,98043.99999999987
19987,98043.99999999987
19988,98043.99999999987
19989,98043.99999999987
19990,98043.99999999987
19991,98043.99999999987
19992,98043.99999999987
19993,98043.99999999987
19994,98043.99999999987
19995,98043.99999999987
19996,98043.99999999987
19997,98043.99999999987
19998,98043.99999999987
19999,98043.99999999987
20000,98043.99999999987
20001,98043.99999999987
20002,98043.99999999987
20003,98043.99999999987
20004,98043.99999999987
20005,98043.99999999987
20006,98043.99999999987
20007,98043.99999999987
20008,98043.99999999987
20009,98043.99999999987
20010,98043.99999999987
20011,98043.99999999987
20012,98043.99999999987
20013,98043.99999999987
20014,98043.99999999987
20015,98043.99999999987
20016,98043.99999999987
20017,98043.99999999987
20018,98043.99999999987
20019,98043.99999999987
20020,98043.99999999987
20021,98043.99999999987
20022,98043.99999999987
20023,98043.99999999987
20024,98043.99999999987
20025,98043.99999999987
20026,98043.99999999987
20027,98043.99999999987
20028,98043.99999999987
20029,98043.99999999987
20030,98043.99999999987
20031,98043.99999999987
20032,98043.99999999987
20033,98043.99999999987
20034,98043.99999999987
20035,98043.99999999987
20036,98043.99999999987
20037,98043.99999999987
20038,98043.99999999987
20039,98043.99999999987
20040,98043.99999999987
20041,98043.99999999987
20042,98043.99999999987
20043,98043.99999999987
20044,98043.99999999987
20045,98043.99999999987
20046,98043.99999999987
20047,98043.99999999987
20048,98043.99999999987
20049,98043.99999999987
20050,98043.99999999987
20051,98043.99999999987
20052,98043.99999999987
20053,98043.99999999987
20054,98043.99999999987
20055,98043.99999999987
20056,98043.99999999987
20057,98043.99999999987
20058,98043.99999999987
20059,98043.99999999987
20060,98043.99999999987
20061,98043.99999999987
20062,98043.99999999987
20063,98043.99999999987
20064,98043.99999999987
20065,98043.99999999987
20066,98043.99999999987
20067,98043.99999999987
20068,98043.99999999987
20069,98043.99999999987
20070,98043.99999999987
20071,98043.99999999987
20072,98043.99999999987
20073,98043.99999999987
20074,98043.99999999987
20075,98043.99999999987
20076,98043.99999999987
20077,98043.99999999987
20078,98043.99999999987
20079,98043.99999999987
20080,98043.99999999987
20081,98043.99999999987
20082,98043.99999999987
20083,98043.99999999987
20084,98043.99999999987
20085,98043.99999999987
20086,98043.99999999987
20087,98043.99999999987
20088,98043.99999999987
20089,98043.99999999987
20090,98043.99999999987
20091,98043.99999999987
20092,98043.99999999987
20093,98043.99999999987
20094,98043.99999999987
20095,98043.99999999987
20096,98043.99999999987
20097,98043.99999999987
20098,98043.99999999987
20099,98043.99999999987
20100,98043.99999999987
20101,98043.99999999987
20102,98043.99999999987
20103,98043.99999999987
20104,98043.99999999987
20105,98043.99999999987
20106,98043.99999999987
20107,98043.99999999987
20108,98043.99999999987
20109,98043.99999999987
20110,98043.99999999987
20111,98043.99999999987
20112,98043.99999999987
20113,98043.99999999987
20114,98043.99999999987
20115,98043.99999999987
20116,98043.99999999987
20117,98043.99999999987
20118,98043.99999999987
20119,98043.99999999987
20120,98043.99999999987
20121,98043.99999999987
20122,98043.99999999987
20123,98043.99999999987
20124,98043.99999999987
20125,98043.99999999987
20126,98043.99999999987
20127,98043.99999999987
20128,98043.99999999987
20129,98043.99999999987
20130,98043.99999999987
20131,98043.99999999987
20132,98043.99999999987
20133,98043.99999999987
20134,98043.99999999987
20135,98043.99999999987
20136,98043.99999999987
20137,98043.99999999987
20138,98043.99999999987
20139,98043.99999999987
20140,98043.99999999987
20141,98043.99999999987
20142,98043.99999999987
20143,98043.99999999987
20144,98043.99999999987
20145,98043.99999999987
20146,98043.99999999987
20147,98043.99999999987
20148,98043.99999999987
20149,98043.99999999987
20150,98043.99999999987
20151,98043.99999999987
20152,98043.99999999987
20153,98043.99999999987
20154,98043.99999999987
20155,98043.99999999987
20156,98043.99999999987
20157,98043.99999999987
20158,98043.99999999987
20159,98043.99999999987
20160,98043.99999999987
20161,98043.99999999987
20162,98043.99999999987
20163,98043.99999999987
20164,98043.99999999987
20165,98043.99999999987
20166,98043.99999999987
20167,98043.99999999987
20168,98043.99999999987
20169,98043.99999999987
20170,98043.99999999987
20171,98043.99999999987
20172,98043.99999999987
20173,98043.99999999987
20174,98043.99999999987
20175,98043.99999999987
20176,98043.99999999987
20177,98043.99999999987
20178,98043.99999999987
20179,98043.99999999987
20180,98043.99999999987
20181,98043.99999999987
20182,98043.99999999987
20183,98043.99999999987
20184,98043.99999999987
20185,98043.99999999987
20186,98043.99999999987
20187,98043.99999999987
20188,98043.99999999987
20189,98043.99999999987
20190,98043.99999999987
20191,98043.99999999987
20192,98043.99999999987
20193,98043.99999999987
20194,98043.99999999987
20195,98043.99999999987
20196,98043.99999999987
20197,98043.99999999987
20198,98043.99999999987
20199,98043.99999999987
20200,98043.99999999987
20201,98043.99999999987
20202,98043.99999999987
20203,98043.99999999987
20204,98043.99999999987
20205,98043.99999999987
20206,98043.99999999987
20207,98043.99999999987
20208,98043.99999999987
20209,98043.99999999987
20210,98043.99999999987
20211,98043.99999999987
20212,98043.99999999987
20213,98043.99999999987
20214,98043.99999999987
20215,98043.99999999987
20216,98043.99999999987
20217,98043.99999999987
20218,98043.99999999987
20219,98043.99999999987
20220,98043.99999999987
20221,98043.99999999987
20222,98043.99999999987
20223,98043.99999999987
20224,98043.99999999987
20225,98043.99999999987
20226,98043.99999999987
20227,98043.99999999987
20228,98043.99999999987
20229,98043.99999999987
20230,98043.99999999987
20231,98043.99999999987
20232,98043.99999999987
20233,98043.99999999987
20234,98043.99999999987
20235,98043.99999999987
20236,98043.99999999987
20237,98043.99999999987
20238,98043.99999999987
20239,98043.99999999987
20240,98043.99999999987
20241,98043.99999999987
20242,98043.99999999987
20243,98043.99999999987
20244,98043.99999999987
20245,98043.99999999987
20246,98043.99999999987
20247,98043.99999999987
20248,98043.99999999987
20249,98043.99999999987
20250,98043.99999999987
20251,98043.99999999987
20252,98043.99999999987
20253,98043.99999999987
20254,98043.99999999987
20255,98043.99999999987
20256,98043.99999999987
20257,98043.99999999987
20258,98043.99999999987
20259,98043.99999999987
20260,98043.99999999987
20261,98043.99999999987
20262,98043.99999999987
20263,98043.99999999987
20264,98043.99999999987
20265,98043.99999999987
20266,98043.99999999987
20267,98043.99999999987
20268,98043.99999999987
20269,98043.99999999987
20270,98043.99999999987
20271,98043.99999999987
20272,98043.99999999987
20273,98043.99999999987
20274,98043.99999999987
20275,98043.99999999987
20276,98043.99999999987
20277,98043.99999999987
20278,98043.99999999987
20279,98043.99999999987
20280,98043.99999999987
20281,98043.99999999987
20282,98043.99999999987
20283,98043.99999999987
20284,98043.99999999987
20285,98043.99999999987
20286,98043.99999999987
20287,98043.99999999987
20288,98043.99999999987
20289,98043.99999999987
20290,98043.99999999987
20291,98043.99999999987
20292,98043.99999999987
20293,98043.99999999987
20294,98043.99999999987
20295,98043.99999999987
20296,98043.99999999987
20297,98043.99999999987
20298,98043.99999999987
20299,98043.99999999987
20300,98043.99999999987
20301,98043.99999999987
20302,98043.99999999987
20303,98043.99999999987
20304,98043.99999999987
20305,98043.99999999987
20306,98043.99999999987
20307,98043.99999999987
20308,98043.99999999987
20309,98043.99999999987
20310,98043.99999999987
20311,98043.99999999987
20312,98043.99999999987
20313,98043.99999999987
20314,98043.99999999987
20315,98043.99999999987
20316,98043.99999999987
20317,98043.99999999987
20318,98043.99999999987
20319,98043.99999999987
20320,98043.99999999987
20321,98043.99999999987
20322,98043.99999999987
20323,98043.99999999987
20324,98043.99999999987
20325,98043.99999999987
20326,98043.99999999987
20327,98043.99999999987
20328,98043.99999999987
20329,98043.99999999987
20330,98043.99999999987
20331,98043.99999999987
20332,98043.99999999987
20333,98043.99999999987
20334,98043.99999999987
20335,98043.99999999987
20336,98043.99999999987
20337,98043.99999999987
20338,98043.99999999987
20339,98043.99999999987
20340,98043.99999999987
20341,98043.99999999987
20342,98043.99999999987
20343,98043.99999999987
20344,98043.99999999987
20345,98043.99999999987
20346,98043.99999999987
20347,98043.99999999987
20348,98043.99999999987
20349,98043.99999999987
20350,98043.99999999987
20351,98043.99999999987
20352,98043.99999999987
20353,98043.99999999987
20354,98043.99999999987
20355,98043.99999999987
20356,98043.99999999987
20357,98043.99999999987
20358,98043.99999999987
20359,98043.99999999987
20360,98043.99999999987
20361,98043.99999999987
20362,98043.99999999987
20363,98043.99999999987
20364,98043.99999999987
20365,98043.99999999987
20366,98043.99999999987
20367,98043.99999999987
20368,98043.99999999987
20369,98043.99999999987
20370,98043.99999999987
20371,98043.99999999987
20372,98043.99999999987
20373,98043.99999999987
20374,98043.99999999987
20375,98043.99999999987
20376,98043.99999999987
20377,98043.99999999987
20378,98043.99999999987
20379,98043.99999999987
20380,98043.99999999987
20381,98043.99999999987
20382,98043.99999999987
20383,98043.99999999987
20384,98043.99999999987
20385,98043.99999999987
20386,98043.99999999987
20387,98043.99999999987
20388,98043.99999999987
20389,98043.99999999987
20390,98043.99999999987
20391,98043.99999999987
20392,98043.99999999987
20393,98043.99999999987
20394,98043.99999999987
20395,98043.99999999987
20396,98043.99999999987
20397,98043.99999999987
20398,98043.99999999987
20399,98043.99999999987
20400,98043.99999999987
20401,98043.99999999987
20402,98043.99999999987
20403,98043.99999999987
20404,98043.99999999987
20405,98043.99999999987
20406,98043.99999999987
20407,98043.99999999987
20408,98043.99999999987
20409,98043.99999999987
20410,98043.99999999987
20411,98043.99999999987
20412,98043.99999999987
20413,98043.99999999987
20414,98043.99999999987
20415,98043.99999999987
20416,98043.99999999987
20417,98043.99999999987
20418,98043.99999999987
20419,98043.99999999987
20420,98043.99999999987
20421,98043.99999999987
20422,98043.99999999987
20423,98043.99999999987
20424,98043.99999999987
20425,98043.99999999987
20426,98043.99999999987
20427,98043.99999999987
20428,98043.99999999987
20429,98043.99999999987
20430,98043.99999999987
20431,98043.99999999987
20432,98043.99999999987
20433,98043.99999999987
20434,98043.99999999987
20435,98043.99999999987
20436,98043.99999999987
20437,98043.99999999987
20438,98043.99999999987
20439,98043.99999999987
20440,98043.99999999987
20441,98043.99999999987
20442,98043.99999999987
20443,98043.99999999987
20444,98043.99999999987
20445,98043.99999999987
20446,98043.99999999987
20447,98043.99999999987
20448,98043.99999999987
20449,98043.99999999987
20450,98043.99999999987
20451,98043.99999999987
20452,98043.99999999987
20453,98043.99999999987
20454,98043.99999999987
20455,98043.99999999987
20456,98043.99999999987
20457,98043.99999999987
20458,98043.99999999987
20459,98043.99999999987
20460,98043.99999999987
20461,98043.99999999987
20462,98043.99999999987
20463,98043.99999999987
20464,98043.99999999987
20465,98043.99999999987
20466,98043.99999999987
20467,98043.99999999987
20468,98043.99999999987
20469,98043.99999999987
20470,98043.99999999987
20471,98043.99999999987
20472,98043.99999999987
20473,98043.99999999987
20474,98043.99999999987
20475,98043.99999999987
20476,98043.99999999987
20477,98043.99999999987
20478,98043.99999999987
20479,98043.99999999987
20480,98043.99999999987
20481,98043.99999999987
20482,98043.99999999987
20483,98043.99999999987
20484,98043.99999999987
20485,98043.99999999987
20486,98043.99999999987
20487,98043.99999999987
20488,98043.99999999987
20489,98043.99999999987
20490,98043.99999999987
20491,98043.99999999987
20492,98043.99999999987
20493,98043.99999999987
20494,98043.99999999987
20495,98043.99999999987
20496,98043.99999999987
20497,98043.99999999987
20498,98043.99999999987
20499,98043.99999999987
20500,98043.99999999987
20501,98043.99999999987
20502,98043.99999999987
20503,98043.99999999987
20504,98043.99999999987
20505,98043.99999999987
20506,98043.99999999987
20507,98043.99999999987
20508,98043.99999999987
20509,98043.99999999987
20510,98043.99999999987
20511,98043.99999999987
20512,98043.99999999987
20513,98043.99999999987
20514,98043.99999999987
20515,98043.99999999987
20516,98043.99999999987
20517,98043.99999999987
20518,98043.99999999987
20519,98043.99999999987
20520,98043.99999999987
20521,98043.99999999987
20522,98043.99999999987
20523,98043.99999999987
20524,98043.99999999987
20525,98043.99999999987
20526,98043.99999999987
20527,98043.99999999987
20528,98043.99999999987
20529,98043.99999999987
20530,98043.99999999987
20531,98043.99999999987
20532,98043.99999999987
20533,98043.99999999987
20534,98043.99999999987
20535,98043.99999999987
20536,98043.99999999987
20537,98043.99999999987
20538,98043.99999999987
20539,98043.99999999987
20540,98043.99999999987
20541,98043.99999999987
20542,98043.99999999987
20543,98043.99999999987
20544,98043.99999999987
20545,98043.99999999987
20546,98043.99999999987
20547,98043.99999999987
20548,98043.99999999987
20549,98043.99999999987
20550,98043.99999999987
20551,98043.99999999987
20552,98043.99999999987
20553,98043.99999999987
20554,98043.99999999987
20555,98043.99999999987
20556,98043.99999999987
20557,98043.99999999987
20558,98043.99999999987
20559,98043.99999999987
20560,98043.99999999987
20561,98043.99999999987
20562,98043.99999999987
20563,98043.99999999987
20564,98043.99999999987
20565,98043.99999999987
20566,98043.99999999987
20567,98043.99999999987
20568,98043.99999999987
20569,98043.99999999987
20570,98043.99999999987
20571,98043.99999999987
20572,98043.99999999987
20573,98043.99999999987
20574,98043.99999999987
20575,98043.99999999987
20576,98043.99999999987
20577,98043.99999999987
20578,98043.99999999987
20579,98043.99999999987
20580,98043.99999999987
20581,98043.99999999987
20582,98043.99999999987
20583,98043.99999999987
20584,98043.99999999987
20585,98043.99999999987
20586,98043.99999999987
20587,98043.99999999987
20588,98043.99999999987
20589,98043.99999999987
20590,98043.99999999987
20591,98043.99999999987
20592,98043.99999999987
20593,98043.99999999987
20594,98043.99999999987
20595,98043.99999999987
20596,98043.99999999987
20597,98043.99999999987
20598,98043.99999999987
20599,98043.99999999987
20600,98043.99999999987
20601,98043.99999999987
20602,98043.99999999987
20603,98043.99999999987
20604,98043.99999999987
20605,98043.99999999987
20606,98043.99999999987
20607,98043.99999999987
20608,98043.99999999987
20609,98043.99999999987
20610,98043.99999999987
20611,98043.99999999987
20612,98043.99999999987
20613,98043.99999999987
20614,98043.99999999987
20615,98043.99999999987
20616,98043.99999999987
20617,98043.99999999987
20618,98043.99999999987
20619,98043.99999999987
20620,98043.99999999987
20621,98043.99999999987
20622,98043.99999999987
20623,98043.99999999987
20624,98043.99999999987
20625,98043.99999999987
20626,98043.99999999987
20627,98043.99999999987
20628,98043.99999999987
20629,98043.99999999987
20630,98043.99999999987
20631,98043.99999999987
20632,98043.99999999987
20633,98043.99999999987
20634,98043.99999999987
20635,98043.99999999987
20636,98043.99999999987
20637,98043.99999999987
20638,98043.99999999987
20639,98043.99999999987
20640,98043.99999999987
20641,98043.99999999987
20642,98043.99999999987
20643,98043.99999999987
20644,98043.99999999987
20645,98043.99999999987
20646,98043.99999999987
20647,98043.99999999987
20648,98043.99999999987
20649,98043.99999999987
20650,98043.99999999987
20651,98043.99999999987
20652,98043.99999999987
20653,98043.99999999987
20654,98043.99999999987
20655,98043.99999999987
20656,98043.99999999987
20657,98043.99999999987
20658,98043.99999999987
20659,98043.99999999987
20660,98043.99999999987
20661,98043.99999999987
20662,98043.99999999987
20663,98043.99999999987
20664,98043.99999999987
20665,98043.99999999987
20666,98043.99999999987
20667,98043.99999999987
20668,98043.99999999987
20669,98043.99999999987
20670,98043.99999999987
20671,98043.99999999987
20672,98043.99999999987
20673,98043.99999999987
20674,98043.99999999987
20675,98043.99999999987
20676,98043.99999999987
20677,98043.99999999987
20678,98043.99999999987
20679,98043.99999999987
20680,98043.99999999987
20681,98043.99999999987
20682,98043.99999999987
20683,98043.99999999987
20684,98043.99999999987
20685,98043.99999999987
20686,98043.99999999987
20687,98043.99999999987
20688,98043.99999999987
20689,98043.99999999987
20690,98043.99999999987
20691,98043.99999999987
20692,98043.99999999987
20693,98043.99999999987
20694,98043.99999999987
20695,98043.99999999987
20696,98043.99999999987
20697,98043.99999999987
20698,98043.99999999987
20699,98043.99999999987
20700,98043.99999999987
20701,98043.99999999987
20702,98043.99999999987
20703,98043.99999999987
20704,98043.99999999987
20705,98043.99999999987
20706,98043.99999999987
20707,98043.99999999987
20708,98043.99999999987
20709,98043.99999999987
20710,98043.99999999987
20711,98043.99999999987
20712,98043.99999999987
20713,98043.99999999987
20714,98043.99999999987
20715,98043.99999999987
20716,98043.99999999987
20717,98043.99999999987
20718,98043.99999999987
20719,98043.99999999987
20720,98043.99999999987
20721,98043.99999999987
20722,98043.99999999987
20723,98043.99999999987
20724,98043.99999999987
20725,98043.99999999987
20726,98043.99999999987
20727,98043.99999999987
20728,98043.99999999987
20729,98043.99999999987
20730,98043.99999999987
20731,98043.99999999987
20732,98043.99999999987
20733,98043.99999999987
20734,98043.99999999987
20735,98043.99999999987
20736,98043.99999999987
20737,98043.99999999987
20738,98043.99999999987
20739,98043.99999999987
20740,98043.99999999987
20741,98043.99999999987
20742,98043.99999999987
20743,98043.99999999987
20744,98043.99999999987
20745,98043.99999999987
20746,98043.99999999987
20747,98043.99999999987
20748,98043.99999999987
20749,98043.99999999987
20750,98043.99999999987
20751,98043.99999999987
20752,98043.99999999987
20753,98043.99999999987
20754,98043.99999999987
20755,98043.99999999987
20756,98043.99999999987
20757,98043.99999999987
20758,98043.99999999987
20759,98043.99999999987
20760,98043.99999999987
20761,98043.99999999987
20762,98043.99999999987
20763,98043.99999999987
20764,98043.99999999987
20765,98043.99999999987
20766,98043.99999999987
20767,98043.99999999987
20768,98043.99999999987
20769,98043.99999999987
20770,98043.99999999987
20771,98043.99999999987
20772,98043.99999999987
20773,98043.99999999987
20774,98043.99999999987
20775,98043.99999999987
20776,98043.99999999987
20777,98043.99999999987
20778,98043.99999999987
20779,98043.99999999987
20780,98043.99999999987
20781,98043.99999999987
20782,98043.99999999987
20783,98043.99999999987
20784,98043.99999999987
20785,98043.99999999987
20786,98043.99999999987
20787,98043.99999999987
20788,98043.99999999987
20789,98043.99999999987
20790,98043.99999999987
20791,98043.99999999987
20792,98043.99999999987
20793,98043.99999999987
20794,98043.99999999987
20795,98043.99999999987
20796,98043.99999999987
20797,98043.99999999987
20798,98043.99999999987
20799,98043.99999999987
20800,98043.99999999987
20801,98043.99999999987
20802,98043.99999999987
20803,98043.99999999987
20804,98043.99999999987
20805,98043.99999999987
20806,98043.99999999987
20807,98043.99999999987
20808,98043.99999999987
20809,98043.99999999987
20810,98043.99999999987
20811,98043.99999999987
20812,98043.99999999987
20813,98043.99999999987
20814,98043.99999999987
20815,98043.99999999987
20816,98043.99999999987
20817,98043.99999999987
20818,98043.99999999987
20819,98043.99999999987
20820,98043.99999999987
20821,98043.99999999987
20822,98043.99999999987
20823,98043.99999999987
20824,98043.99999999987
20825,98043.99999999987
20826,98043.99999999987
20827,98043.99999999987
20828,98043.99999999987
20829,98043.99999999987
20830,98043.99999999987
20831,98043.99999999987
20832,98043.99999999987
20833,98043.99999999987
20834,98043.99999999987
20835,98043.99999999987
20836,98043.99999999987
20837,98043.99999999987
20838,98043.99999999987
20839,98043.99999999987
20840,98043.99999999987
20841,98043.99999999987
20842,98043.99999999987
20843,98043.99999999987
20844,98043.99999999987
20845,98043.99999999987
20846,98043.99999999987
20847,98043.99999999987
20848,98043.99999999987
20849,98043.99999999987
20850,98043.99999999987
20851,98043.99999999987
20852,98043.99999999987
20853,98043.99999999987
20854,98043.99999999987
20855,98043.99999999987
20856,98043.99999999987
20857,98043.99999999987
20858,98043.99999999987
20859,98043.99999999987
20860,98043.99999999987
20861,98043.99999999987
20862,98043.99999999987
20863,98043.99999999987
20864,98043.99999999987
20865,98043.99999999987
20866,98043.99999999987
20867,98043.99999999987
20868,98043.99999999987
20869,98043.99999999987
20870,98043.99999999987
20871,98043.99999999987
20872,98043.99999999987
20873,98043.99999999987
20874,98043.99999999987
20875,98043.99999999987
20876,98043.99999999987
20877,98043.99999999987
20878,98043.99999999987
20879,98043.99999999987
20880,98043.99999999987
20881,98043.99999999987
20882,98043.99999999987
20883,98043.99999999987
20884,98043.99999999987
20885,98043.99999999987
20886,98043.99999999987
20887,98043.99999999987
20888,98043.99999999987
20889,98043.99999999987
20890,98043.99999999987
20891,98043.99999999987
20892,98043.99999999987
20893,98043.99999999987
20894,98043.99999999987
20895,98043.99999999987
20896,98043.99999999987
20897,98043.99999999987
20898,98043.99999999987
20899,98043.99999999987
20900,98043.99999999987
20901,98043.99999999987
20902,98043.99999999987
20903,98043.99999999987
20904,98043.99999999987
20905,98043.99999999987
20906,98043.99999999987
20907,98043.99999999987
20908,98043.99999999987
20909,98043.99999999987
20910,98043.99999999987
20911,98043.99999999987
20912,98043.99999999987
20913,98043.99999999987
20914,98043.99999999987
20915,98043.99999999987
20916,98043.99999999987
20917,98043.99999999987
20918,98043.99999999987
20919,98043.99999999987
20920,98043.99999999987
20921,98043.99999999987
20922,98043.99999999987
20923,98043.99999999987
20924,98043.99999999987
20925,98043.99999999987
20926,98043.99999999987
20927,98043.99999999987
20928,98043.99999999987
20929,98043.99999999987
20930,98043.99999999987
20931,98043.99999999987
20932,98043.99999999987
20933,98043.99999999987
20934,98043.99999999987
20935,98043.99999999987
20936,98043.99999999987
20937,98043.99999999987
20938,98043.99999999987
20939,98043.99999999987
20940,98043.99999999987
20941,98043.99999999987
20942,98043.99999999987
20943,98043.99999999987
20944,98043.99999999987
20945,98043.99999999987
20946,98043.99999999987
20947,98043.99999999987
20948,98043.99999999987
20949,98043.99999999987
20950,98043.99999999987
20951,98043.99999999987
20952,98043.99999999987
20953,98043.99999999987
20954,98043.99999999987
20955,98043.99999999987
20956,98043.99999999987
20957,98043.99999999987
20958,98043.99999999987
20959,98043.99999999987
20960,98043.99999999987
20961,98043.99999999987
20962,98043.99999999987
20963,98043.99999999987
20964,98043.99999999987
20965,98043.99999999987
20966,98043.99999999987
20967,98043.99999999987
20968,98043.99999999987
20969,98043.99999999987
20970,98043.99999999987
20971,98043.99999999987
20972,98043.99999999987
20973,98043.99999999987
20974,98043.99999999987
20975,98043.99999999987
20976,98043.99999999987
20977,98043.99999999987
20978,98043.99999999987
20979,98043.99999999987
20980,98043.99999999987
20981,98043.99999999987
20982,98043.99999999987
20983,98043.99999999987
20984,98043.99999999987
20985,98043.99999999987
20986,98043.99999999987
20987,98043.99999999987
20988,98043.99999999987
20989,98043.99999999987
20990,98043.99999999987
20991,98043.99999999987
20992,98043.99999999987
20993,98043.99999999987
20994,98043.99999999987
20995,98043.99999999987
20996,98043.99999999987
20997,98043.99999999987
20998,98043.99999999987
20999,98043.99999999987
21000,98043.99999999987
21001,98043.99999999987
21002,98043.99999999987
21003,98043.99999999987
21004,98043.99999999987
21005,98043.99999999987
21006,98043.99999999987
21007,98043.99999999987
21008,98043.99999999987
21009,98043.99999999987
21010,98043.99999999987
21011,98043.99999999987
21012,98043.99999999987
21013,98043.99999999987
21014,98043.99999999987
21015,98043.99999999987
21016,98043.99999999987
21017,98043.99999999987
21018,98043.99999999987
21019,98043.99999999987
21020,98043.99999999987
21021,98043.99999999987
21022,98043.99999999987
21023,98043.99999999987
21024,98043.99999999987
21025,98043.99999999987
21026,98043.99999999987
21027,98043.99999999987
21028,98043.99999999987
21029,98043.99999999987
21030,98043.99999999987
21031,98043.99999999987
21032,98043.99999999987
21033,98043.99999999987
21034,98043.99999999987
21035,98043.99999999987
21036,98043.99999999987
21037,98043.99999999987
21038,98043.99999999987
21039,98043.99999999987
21040,98043.99999999987
21041,98043.99999999987
21042,98043.99999999987
21043,98043.99999999987
21044,98043.99999999987
21045,98043.99999999987
21046,98043.99999999987
21047,98043.99999999987
21048,98043.99999999987
21049,98043.99999999987
21050,98043.99999999987
21051,98043.99999999987
21052,98043.99999999987
21053,98043.99999999987
21054,98043.99999999987
21055,98043.99999999987
21056,98043.99999999987
21057,98043.99999999987
21058,98043.99999999987
21059,98043.99999999987
21060,98043.99999999987
21061,98043.99999999987
21062,98043.99999999987
21063,98043.99999999987
21064,98043.99999999987
21065,98043.99999999987
21066,98043.99999999987
21067,98043.99999999987
21068,98043.99999999987
21069,98043.99999999987
21070,98043.99999999987
21071,98043.99999999987
21072,98043.99999999987
21073,98043.99999999987
21074,98043.99999999987
21075,98043.99999999987
21076,98043.99999999987
21077,98043.99999999987
21078,98043.99999999987
21079,98043.99999999987
21080,98043.99999999987
21081,98043.99999999987
21082,98043.99999999987
21083,98043.99999999987
21084,98043.99999999987
21085,98043.99999999987
21086,98043.99999999987
21087,98043.99999999987
21088,98043.99999999987
21089,98043.99999999987
21090,98043.99999999987
21091,98043.99999999987
21092,98043.99999999987
21093,98043.99999999987
21094,98043.99999999987
21095,98043.99999999987
21096,98043.99999999987
21097,98043.99999999987
21098,98043.99999999987
21099,98043.99999999987
21100,98043.99999999987
21101,98043.99999999987
21102,98043.99999999987
21103,98043.99999999987
21104,98043.99999999987
21105,98043.99999999987
21106,98043.99999999987
21107,98043.99999999987
21108,98043.99999999987
21109,98043.99999999987
21110,98043.99999999987
21111,98043.99999999987
21112,98043.99999999987
21113,98043.99999999987
21114,98043.99999999987
21115,98043.99999999987
21116,98043.99999999987
21117,98043.99999999987
21118,98043.99999999987
21119,98043.99999999987
21120,98043.99999999987
21121,98043.99999999987
21122,98043.99999999987
21123,98043.99999999987
21124,98043.99999999987
21125,98043.99999999987
21126,98043.99999999987
21127,98043.99999999987
21128,98043.99999999987
21129,98043.99999999987
21130,98043.99999999987
21131,98043.99999999987
21132,98043.99999999987
21133,98043.99999999987
21134,98043.99999999987
21135,98043.99999999987
21136,98043.99999999987
21137,98043.99999999987
21138,98043.99999999987
21139,98043.99999999987
21140,98043.99999999987
21141,98043.99999999987
21142,98043.99999999987
21143,98043.99999999987
21144,98043.99999999987
21145,98043.99999999987
21146,98043.99999999987
21147,98043.99999999987
21148,98043.99999999987
21149,98043.99999999987
21150,98043.99999999987
21151,98043.99999999987
21152,98043.99999999987
21153,98043.99999999987
21154,98043.99999999987
21155,98043.99999999987
21156,98043.99999999987
21157,98043.99999999987
21158,98043.99999999987
21159,98043.99999999987
21160,98043.99999999987
21161,98043.99999999987
21162,98043.99999999987
21163,98043.99999999987
21164,98043.99999999987
21165,98043.99999999987
21166,98043.99999999987
21167,98043.99999999987
21168,98043.99999999987
21169,98043.99999999987
21170,98043.99999999987
21171,98043.99999999987
21172,98043.99999999987
21173,98043.99999999987
21174,98043.99999999987
21175,98043.99999999987
21176,98043.99999999987
21177,98043.99999999987
21178,98043.99999999987
21179,98043.99999999987
21180,98043.99999999987
21181,98043.99999999987
21182,98043.99999999987
21183,98043.99999999987
21184,98043.99999999987
21185,98043.99999999987
21186,98043.99999999987
21187,98043.99999999987
21188,98043.99999999987
21189,98043.99999999987
21190,98043.99999999987
21191,98043.99999999987
21192,98043.99999999987
21193,98043.99999999987
21194,98043.99999999987
21195,98043.99999999987
21196,98043.99999999987
21197,98043.99999999987
21198,98043.99999999987
21199,98043.99999999987
21200,98043.99999999987
21201,98043.99999999987
21202,98043.99999999987
21203,98043.99999999987
21204,98043.99999999987
21205,98043.99999999987
21206,98043.99999999987
21207,98043.99999999987
21208,98043.99999999987
21209,98043.99999999987
21210,98043.99999999987
21211,98043.99999999987
21212,98043.99999999987
21213,98043.99999999987
21214,98043.99999999987
21215,98043.99999999987
21216,98043.99999999987
21217,98043.99999999987
21218,98043.99999999987
21219,98043.99999999987
21220,98043.99999999987
21221,98043.99999999987
21222,98043.99999999987
21223,98043.99999999987
21224,98043.99999999987
21225,98043.99999999987
21226,98043.99999999987
21227,98043.99999999987
21228,98043.99999999987
21229,98043.99999999987
21230,98043.99999999987
21231,98043.99999999987
21232,98043.99999999987
21233,98043.99999999987
21234,98043.99999999987
21235,98043.99999999987
21236,98043.99999999987
21237,98043.99999999987
21238,98043.99999999987
21239,98043.99999999987
21240,98043.99999999987
21241,98043.99999999987
21242,98043.99999999987
21243,98043.99999999987
21244,98043.99999999987
21245,98043.99999999987
21246,98043.99999999987
21247,98043.99999999987
21248,98043.99999999987
21249,98043.99999999987
21250,98043.99999999987
21251,98043.99999999987
21252,98043.99999999987
21253,98043.99999999987
21254,98043.99999999987
21255,98043.99999999987
21256,98043.99999999987
21257,98043.99999999987
21258,98043.99999999987
21259,98043.99999999987
21260,98043.99999999987
21261,98043.99999999987
21262,98043.99999999987
21263,98043.99999999987
21264,98043.99999999987
21265,98043.99999999987
21266,98043.99999999987
21267,98043.99999999987
21268,98043.99999999987
21269,98043.99999999987
21270,98043.99999999987
21271,98043.99999999987
21272,98043.99999999987
21273,98043.99999999987
21274,98043.99999999987
21275,98043.99999999987
21276,98043.99999999987
21277,98043.99999999987
21278,98043.99999999987
21279,98043.99999999987
21280,98043.99999999987
21281,98043.99999999987
21282,98043.99999999987
21283,98043.99999999987
21284,98043.99999999987
21285,98043.99999999987
21286,98043.99999999987
21287,98043.99999999987
21288,98043.99999999987
21289,98043.99999999987
21290,98043.99999999987
21291,98043.99999999987
21292,98043.99999999987
21293,98043.99999999987
21294,98043.99999999987
21295,98043.99999999987
21296,98043.99999999987
21297,98043.99999999987
21298,98043.99999999987
21299,98043.99999999987
21300,98043.99999999987
21301,98043.99999999987
21302,98043.99999999987
21303,98043.99999999987
21304,98043.99999999987
21305,98043.99999999987
21306,98043.99999999987
21307,98043.99999999987
21308,98043.99999999987
21309,98043.99999999987
21310,98043.99999999987
21311,98043.99999999987
21312,98043.99999999987
21313,98043.99999999987
21314,98043.99999999987
21315,98043.99999999987
21316,98043.99999999987
21317,98043.99999999987
21318,98043.99999999987
21319,98043.99999999987
21320,98043.99999999987
21321,98043.99999999987
21322,98043.99999999987
21323,98043.99999999987
21324,98043.99999999987
21325,98043.99999999987
21326,98043.99999999987
21327,98043.99999999987
21328,98043.99999999987
21329,98043.99999999987
21330,98043.99999999987
21331,98043.99999999987
21332,98043.99999999987
21333,98043.99999999987
21334,98043.99999999987
21335,98043.99999999987
21336,98043.99999999987
21337,98043.99999999987
21338,98043.99999999987
21339,98043.99999999987
21340,98043.99999999987
21341,98043.99999999987
21342,98043.99999999987
21343,98043.99999999987
21344,98043.99999999987
21345,98043.99999999987
21346,98043.99999999987
21347,98043.99999999987
21348,98043.99999999987
21349,98043.99999999987
21350,98043.99999999987
21351,98043.99999999987
21352,98043.99999999987
21353,98043.99999999987
21354,98043.99999999987
21355,98043.99999999987
21356,98043.99999999987
21357,98043.99999999987
21358,98043.99999999987
21359,98043.99999999987
21360,98043.99999999987
21361,98043.99999999987
21362,98043.99999999987
21363,98043.99999999987
21364,98043.99999999987
21365,98043.99999999987
21366,98043.99999999987
21367,98043.99999999987
21368,98043.99999999987
21369,98043.99999999987
21370,98043.99999999987
21371,98043.99999999987
21372,98043.99999999987
21373,98043.99999999987
21374,98043.99999999987
21375,98043.99999999987
21376,98043.99999999987
21377,98043.99999999987
21378,98043.99999999987
21379,98043.99999999987
21380,98043.99999999987
21381,98043.99999999987
21382,98043.99999999987
21383,98043.99999999987
21384,98043.99999999987
21385,98043.99999999987
21386,98043.99999999987
21387,98043.99999999987
21388,98043.99999999987
21389,98043.99999999987
21390,98043.99999999987
21391,98043.99999999987
21392,98043.99999999987
21393,98043.99999999987
21394,98043.99999999987
21395,98043.99999999987
21396,98043.99999999987
21397,98043.99999999987
21398,98043.99999999987
21399,98043.99999999987
21400,98043.99999999987
21401,98043.99999999987
21402,98043.99999999987
21403,98043.99999999987
21404,98043.99999999987
21405,98043.99999999987
21406,98043.99999999987
21407,98043.99999999987
21408,98043.99999999987
21409,98043.99999999987
21410,98043.99999999987
21411,98043.99999999987
21412,98043.99999999987
21413,98043.99999999987
21414,98043.99999999987
21415,98043.99999999987
21416,98043.99999999987
21417,98043.99999999987
21418,98043.99999999987
21419,98043.99999999987
21420,98043.99999999987
21421,98043.99999999987
21422,98043.99999999987
21423,98043.99999999987
21424,98043.99999999987
21425,98043.99999999987
21426,98043.99999999987
21427,98043.99999999987
21428,98043.99999999987
21429,98043.99999999987
21430,98043.99999999987
21431,98043.99999999987
21432,98043.99999999987
21433,98043.99999999987
21434,98043.99999999987
21435,98043.99999999987
21436,98043.99999999987
21437,98043.99999999987
21438,98043.99999999987
21439,98043.99999999987
21440,98043.99999999987
21441,98043.99999999987
21442,98043.99999999987
21443,98043.99999999987
21444,98043.99999999987
21445,98043.99999999987
21446,98043.99999999987
21447,98043.99999999987
21448,98043.99999999987
21449,98043.99999999987
21450,98043.99999999987
21451,98043.99999999987
21452,98043.99999999987
21453,98043.99999999987
21454,98043.99999999987
21455,98043.99999999987
21456,98043.99999999987
21457,98043.99999999987
21458,98043.99999999987
21459,98043.99999999987
21460,98043.99999999987
21461,98043.99999999987
21462,98043.99999999987
21463,98043.99999999987
21464,98043.99999999987
21465,98043.99999999987
21466,98043.99999999987
21467,98043.99999999987
21468,98043.99999999987
21469,98043.99999999987
21470,98043.99999999987
21471,98043.99999999987
21472,98043.99999999987
21473,98043.99999999987
21474,98043.99999999987
21475,98043.99999999987
21476,98043.99999999987
21477,98043.99999999987
21478,98043.99999999987
21479,98043.99999999987
21480,98043.99999999987
21481,98043.99999999987
21482,98043.99999999987
21483,98043.99999999987
21484,98043.99999999987
21485,98043.99999999987
21486,98043.99999999987
21487,98043.99999999987
21488,98043.99999999987
21489,98043.99999999987
21490,98043.99999999987
21491,98043.99999999987
21492,98043.99999999987
21493,98043.99999999987
21494,98043.99999999987
21495,98043.99999999987
21496,98043.99999999987
21497,98043.99999999987
21498,98043.99999999987
21499,98043.99999999987
21500,98043.99999999987
21501,98043.99999999987
21502,98043.99999999987
21503,98043.99999999987
21504,98043.99999999987
21505,98043.99999999987
21506,98043.99999999987
21507,98043.99999999987
21508,98043.99999999987
21509,98043.99999999987
21510,98043.99999999987
21511,98043.99999999987
21512,98043.99999999987
21513,98043.99999999987
21514,98043.99999999987
21515,98043.99999999987
21516,98043.99999999987
21517,98043.99999999987
21518,98043.99999999987
21519,98043.99999999987
21520,98043.99999999987
21521,98043.99999999987
21522,98043.99999999987
21523,98043.99999999987
21524,98043.99999999987
21525,98043.99999999987
21526,98043.99999999987
21527,98043.99999999987
21528,98043.99999999987
21529,98043.99999999987
21530,98043.99999999987
21531,98043.99999999987
21532,98043.99999999987
21533,98043.99999999987
21534,98043.99999999987
21535,98043.99999999987
21536,98043.99999999987
21537,98043.99999999987
21538,98043.99999999987
21539,98043.99999999987
21540,98043.99999999987
21541,98043.99999999987
21542,98043.99999999987
21543,98043.99999999987
21544,98043.99999999987
21545,98043.99999999987
21546,98043.99999999987
21547,98043.99999999987
21548,98043.99999999987
21549,98043.99999999987
21550,98043.99999999987
21551,98043.99999999987
21552,98043.99999999987
21553,98043.99999999987
21554,98043.99999999987
21555,98043.99999999987
21556,98043.99999999987
21557,98043.99999999987
21558,98043.99999999987
21559,98043.99999999987
21560,98043.99999999987
21561,98043.99999999987
21562,98043.99999999987
21563,98043.99999999987
21564,98043.99999999987
21565,98043.99999999987
21566,98043.99999999987
21567,98043.99999999987
21568,98043.99999999987
21569,98043.99999999987
21570,98043.99999999987
21571,98043.99999999987
21572,98043.99999999987
21573,98043.99999999987
21574,98043.99999999987
21575,98043.99999999987
21576,98043.99999999987
21577,98043.99999999987
21578,98043.99999999987
21579,98043.99999999987
21580,98043.99999999987
21581,98043.99999999987
21582,98043.99999999987
21583,98043.99999999987
21584,98043.99999999987
21585,98043.99999999987
21586,98043.99999999987
21587,98043.99999999987
21588,98043.99999999987
21589,98043.99999999987
21590,98043.99999999987
21591,98043.99999999987
21592,98043.99999999987
21593,98043.99999999987
21594,98043.99999999987
21595,98043.99999999987
21596,98043.99999999987
21597,98043.99999999987
21598,98043.99999999987
21599,98043.99999999987
21600,98043.99999999987
21601,98043.99999999987
21602,98043.99999999987
21603,98043.99999999987
21604,98043.99999999987
21605,98043.99999999987
21606,98043.99999999987
21607,98043.99999999987
21608,98043.99999999987
21609,98043.99999999987
21610,98043.99999999987
21611,98043.99999999987
21612,98043.99999999987
21613,98043.99999999987
21614,98043.99999999987
21615,98043.99999999987
21616,98043.99999999987
21617,98043.99999999987
21618,98043.99999999987
21619,98043.99999999987
21620,98043.99999999987
21621,98043.99999999987
21622,98043.99999999987
21623,98043.99999999987
21624,98043.99999999987
21625,98043.99999999987
21626,98043.99999999987
21627,98043.99999999987
21628,98043.99999999987
21629,98043.99999999987
21630,98043.99999999987
21631,98043.99999999987
21632,98043.99999999987
21633,98043.99999999987
21634,98043.99999999987
21635,98043.99999999987
21636,98043.99999999987
21637,98043.99999999987
21638,98043.99999999987
21639,98043.99999999987
21640,98043.99999999987
21641,98043.99999999987
21642,98043.99999999987
21643,98043.99999999987
21644,98043.99999999987
21645,98043.99999999987
21646,98043.99999999987
21647,98043.99999999987
21648,98043.99999999987
21649,98043.99999999987
21650,98043.99999999987
21651,98043.99999999987
21652,98043.99999999987
21653,98043.99999999987
21654,98043.99999999987
21655,98043.99999999987
21656,98043.99999999987
21657,98043.99999999987
21658,98043.99999999987
21659,98043.99999999987
21660,98043.99999999987
21661,98043.99999999987
21662,98043.99999999987
21663,98043.99999999987
21664,98043.99999999987
21665,98043.99999999987
21666,98043.99999999987
21667,98043.99999999987
21668,98043.99999999987
21669,98043.99999999987
21670,98043.99999999987
21671,98043.99999999987
21672,98043.99999999987
21673,98043.99999999987
21674,98043.99999999987
21675,98043.99999999987
21676,98043.99999999987
21677,98043.99999999987
21678,98043.99999999987
21679,98043.99999999987
21680,98043.99999999987
21681,98043.99999999987
21682,98043.99999999987
21683,98043.99999999987
21684,98043.99999999987
21685,98043.99999999987
21686,98043.99999999987
21687,98043.99999999987
21688,98043.99999999987
21689,98043.99999999987
21690,98043.99999999987
21691,98043.99999999987
21692,98043.99999999987
21693,98043.99999999987
21694,98043.99999999987
21695,98043.99999999987
21696,98043.99999999987
21697,98043.99999999987
21698,98043.99999999987
21699,98043.99999999987
21700,98043.99999999987
21701,98043.99999999987
21702,98043.99999999987
21703,98043.99999999987
21704,98043.99999999987
21705,98043.99999999987
21706,98043.99999999987
21707,98043.99999999987
21708,98043.99999999987
21709,98043.99999999987
21710,98043.99999999987
21711,98043.99999999987
21712,98043.99999999987
21713,98043.99999999987
21714,98043.99999999987
21715,98043.99999999987
21716,98043.99999999987
21717,98043.99999999987
21718,98043.99999999987
21719,98043.99999999987
21720,98043.99999999987
21721,98043.99999999987
21722,98043.99999999987
21723,98043.99999999987
21724,98043.99999999987
21725,98043.99999999987
21726,98043.99999999987
21727,98043.99999999987
21728,98043.99999999987
21729,98043.99999999987
21730,98043.99999999987
21731,98043.99999999987
21732,98043.99999999987
21733,98043.99999999987
21734,98043.99999999987
21735,98043.99999999987
21736,98043.99999999987
21737,98043.99999999987
21738,98043.99999999987
21739,98043.99999999987
21740,98043.99999999987
21741,98043.99999999987
21742,98043.99999999987
21743,98043.99999999987
21744,98043.99999999987
21745,98043.99999999987
21746,98043.99999999987
21747,98043.99999999987
21748,98043.99999999987
21749,98043.99999999987
21750,98043.99999999987
21751,98043.99999999987
21752,98043.99999999987
21753,98043.99999999987
21754,98043.99999999987
21755,98043.99999999987
21756,98043.99999999987
21757,98043.99999999987
21758,98043.99999999987
21759,98043.99999999987
21760,98043.99999999987
21761,98043.99999999987
21762,98043.99999999987
21763,98043.99999999987
21764,98043.99999999987
21765,98043.99999999987
21766,98043.99999999987
21767,98043.99999999987
21768,98043.99999999987
21769,98043.99999999987
21770,98043.99999999987
21771,98043.99999999987
21772,98043.99999999987
21773,98043.99999999987
21774,98043.99999999987
21775,98043.99999999987
21776,98043.99999999987
21777,98043.99999999987
21778,98043.99999999987
21779,98043.99999999987
21780,98043.99999999987
21781,98043.99999999987
21782,98043.99999999987
21783,98043.99999999987
21784,98043.99999999987
21785,98043.99999999987
21786,98043.99999999987
21787,98043.99999999987
21788,98043.99999999987
21789,98043.99999999987
21790,98043.99999999987
21791,98043.99999999987
21792,98043.99999999987
21793,98043.99999999987
21794,98043.99999999987
21795,98043.99999999987
21796,98043.99999999987
21797,98043.99999999987
21798,98043.99999999987
21799,98043.99999999987
21800,98043.99999999987
21801,98043.99999999987
21802,98043.99999999987
21803,98043.99999999987
21804,98043.99999999987
21805,98043.99999999987
21806,98043.99999999987
21807,98043.99999999987
21808,98043.99999999987
21809,98043.99999999987
21810,98043.99999999987
21811,98043.99999999987
21812,98043.99999999987
21813,98043.99999999987
21814,98043.99999999987
21815,98043.99999999987
21816,98043.99999999987
21817,98043.99999999987
21818,98043.99999999987
21819,98043.99999999987
21820,98043.99999999987
21821,98043.99999999987
21822,98043.99999999987
21823,98043.99999999987
21824,98043.99999999987
21825,98043.99999999987
21826,98043.99999999987
21827,98043.99999999987
21828,98043.99999999987
21829,98043.99999999987
21830,98043.99999999987
21831,98043.99999999987
21832,98043.99999999987
21833,98043.99999999987
21834,98043.99999999987
21835,98043.99999999987
21836,98043.99999999987
21837,98043.99999999987
21838,98043.99999999987
21839,98043.99999999987
21840,98043.99999999987
21841,98043.99999999987
21842,98043.99999999987
21843,98043.99999999987
21844,98043.99999999987
21845,98043.99999999987
21846,98043.99999999987
21847,98043.99999999987
21848,98043.99999999987
21849,98043.99999999987
21850,98043.99999999987
21851,98043.99999999987
21852,98043.99999999987
21853,98043.99999999987
21854,98043.99999999987
21855,98043.99999999987
21856,98043.99999999987
21857,98043.99999999987
21858,98043.99999999987
21859,98043.99999999987
21860,98043.99999999987
21861,98043.99999999987
21862,98043.99999999987
21863,98043.99999999987
21864,98043.99999999987
21865,98043.99999999987
21866,98043.99999999987
21867,98043.99999999987
21868,98043.99999999987
21869,98043.99999999987
21870,98043.99999999987
21871,98043.99999999987
21872,98043.99999999987
21873,98043.99999999987
21874,98043.99999999987
21875,98043.99999999987
21876,98043.99999999987
21877,98043.99999999987
21878,98043.99999999987
21879,98043.99999999987
21880,98043.99999999987
21881,98043.99999999987
21882,98043.99999999987
21883,98043.99999999987
21884,98043.99999999987
21885,98043.99999999987
21886,98043.99999999987
21887,98043.99999999987
21888,98043.99999999987
21889,98043.99999999987
21890,98043.99999999987
21891,98043.99999999987
21892,98043.99999999987
21893,98043.99999999987
21894,98043.99999999987
21895,98043.99999999987
21896,98043.99999999987
21897,98043.99999999987
21898,98043.99999999987
21899,98043.99999999987
21900,98043.99999999987
21901,98043.99999999987
21902,98043.99999999987
21903,98043.99999999987
21904,98043.99999999987
21905,98043.99999999987
21906,98043.99999999987
21907,98043.99999999987
21908,98043.99999999987
21909,98043.99999999987
21910,98043.99999999987
21911,98043.99999999987
21912,98043.99999999987
21913,98043.99999999987
21914,98043.99999999987
21915,98043.99999999987
21916,98043.99999999987
21917,98043.99999999987
21918,98043.99999999987
21919,98043.99999999987
21920,98043.99999999987
21921,98043.99999999987
21922,98043.99999999987
21923,98043.99999999987
21924,98043.99999999987
21925,98043.99999999987
21926,98043.99999999987
21927,98043.99999999987
21928,98043.99999999987
21929,98043.99999999987
21930,98043.99999999987
21931,98043.99999999987
21932,98043.99999999987
21933,98043.99999999987
21934,98043.99999999987
21935,98043.99999999987
21936,98043.99999999987
21937,98043.99999999987
21938,98043.99999999987
21939,98043.99999999987
21940,98043.99999999987
21941,98043.99999999987
21942,98043.99999999987
21943,98043.99999999987
21944,98043.99999999987
21945,98043.99999999987
21946,98043.99999999987
21947,98043.99999999987
21948,98043.99999999987
21949,98043.99999999987
21950,98043.99999999987
21951,98043.99999999987
21952,98043.99999999987
21953,98043.99999999987
21954,98043.99999999987
21955,98043.99999999987
21956,98043.99999999987
21957,98043.99999999987
21958,98043.99999999987
21959,98043.99999999987
21960,98043.99999999987
21961,98043.99999999987
21962,98043.99999999987
21963,98043.99999999987
21964,98043.99999999987
21965,98043.99999999987
21966,98043.99999999987
21967,98043.99999999987
21968,98043.99999999987
21969,98043.99999999987
21970,98043.99999999987
21971,98043.99999999987
21972,98043.99999999987
21973,98043.99999999987
21974,98043.99999999987
21975,98043.99999999987
21976,98043.99999999987
21977,98043.99999999987
21978,98043.99999999987
21979,98043.99999999987
21980,98043.99999999987
21981,98043.99999999987
21982,98043.99999999987
21983,98043.99999999987
21984,98043.99999999987
21985,98043.99999999987
21986,98043.99999999987
21987,98043.99999999987
21988,98043.99999999987
21989,98043.99999999987
21990,98043.99999999987
21991,98043.99999999987
21992,98043.99999999987
21993,98043.99999999987
21994,98043.99999999987
21995,98043.99999999987
21996,98043.99999999987
21997,98043.99999999987
21998,98043.99999999987
21999,98043.99999999987
22000,98043.99999999987
22001,98043.99999999987
22002,98043.99999999987
22003,98043.99999999987
22004,98043.99999999987
22005,98043.99999999987
22006,98043.99999999987
22007,98043.99999999987
22008,98043.99999999987
22009,98043.99999999987
22010,98043.99999999987
22011,98043.99999999987
22012,98043.99999999987
22013,98043.99999999987
22014,98043.99999999987
22015,98043.99999999987
22016,98043.99999999987
22017,98043.99999999987
22018,98043.99999999987
22019,98043.99999999987
22020,98043.99999999987
22021,98043.99999999987
22022,98043.99999999987
22023,98043.99999999987
22024,98043.99999999987
22025,98043.99999999987
22026,98043.99999999987
22027,98043.99999999987
22028,98043.99999999987
22029,98043.99999999987
22030,98043.99999999987
22031,98043.99999999987
22032,98043.99999999987
22033,98043.99999999987
22034,98043.99999999987
22035,98043.99999999987
22036,98043.99999999987
22037,98043.99999999987
22038,98043.99999999987
22039,98043.99999999987
22040,98043.99999999987
22041,98043.99999999987
22042,98043.99999999987
22043,98043.99999999987
22044,98043.99999999987
22045,98043.99999999987
22046,98043.99999999987
22047,98043.99999999987
22048,98043.99999999987
22049,98043.99999999987
22050,98043.99999999987
22051,98043.99999999987
22052,98043.99999999987
22053,98043.99999999987
22054,98043.99999999987
22055,98043.99999999987
22056,98043.99999999987
22057,98043.99999999987
22058,98043.99999999987
22059,98043.99999999987
22060,98043.99999999987
22061,98043.99999999987
22062,98043.99999999987
22063,98043.99999999987
22064,98043.99999999987
22065,98043.99999999987
22066,98043.99999999987
22067,98043.99999999987
22068,98043.99999999987
22069,98043.99999999987
22070,98043.99999999987
22071,98043.99999999987
22072,98043.99999999987
22073,98043.99999999987
22074,98043.99999999987
22075,98043.99999999987
22076,98043.99999999987
22077,98043.99999999987
22078,98043.99999999987
22079,98043.99999999987
22080,98043.99999999987
22081,98043.99999999987
22082,98043.99999999987
22083,98043.99999999987
22084,98043.99999999987
22085,98043.99999999987
22086,98043.99999999987
22087,98043.99999999987
22088,98043.99999999987
22089,98043.99999999987
22090,98043.99999999987
22091,98043.99999999987
22092,98043.99999999987
22093,98043.99999999987
22094,98043.99999999987
22095,98043.99999999987
22096,98043.99999999987
22097,98043.99999999987
22098,98043.99999999987
22099,98043.99999999987
22100,98043.99999999987
22101,98043.99999999987
22102,98043.99999999987
22103,98043.99999999987
22104,98043.99999999987
22105,98043.99999999987
22106,98043.99999999987
22107,98043.99999999987
22108,98043.99999999987
22109,98043.99999999987
22110,98043.99999999987
22111,98043.99999999987
22112,98043.99999999987
22113,98043.99999999987
22114,98043.99999999987
22115,98043.99999999987
22116,98043.99999999987
22117,98043.99999999987
22118,98043.99999999987
22119,98043.99999999987
22120,98043.99999999987
22121,98043.99999999987
22122,98043.99999999987
22123,98043.99999999987
22124,98043.99999999987
22125,98043.99999999987
22126,98043.99999999987
22127,98043.99999999987
22128,98043.99999999987
22129,98043.99999999987
22130,98043.99999999987
22131,98043.99999999987
22132,98043.99999999987
22133,98043.99999999987
22134,98043.99999999987
22135,98043.99999999987
22136,98043.99999999987
22137,98043.99999999987
22138,98043.99999999987
22139,98043.99999999987
22140,98043.99999999987
22141,98043.99999999987
22142,98043.99999999987
22143,98043.99999999987
22144,98043.99999999987
22145,98043.99999999987
22146,98043.99999999987
22147,98043.99999999987
22148,98043.99999999987
22149,98043.99999999987
22150,98043.99999999987
22151,98043.99999999987
22152,98043.99999999987
22153,98043.99999999987
22154,98043.99999999987
22155,98043.99999999987
22156,98043.99999999987
22157,98043.99999999987
22158,98043.99999999987
22159,98043.99999999987
22160,98043.99999999987
22161,98043.99999999987
22162,98043.99999999987
22163,98043.99999999987
22164,98043.99999999987
22165,98043.99999999987
22166,98043.99999999987
22167,98043.99999999987
22168,98043.99999999987
22169,98043.99999999987
22170,98043.99999999987
22171,98043.99999999987
22172,98043.99999999987
22173,98043.99999999987
22174,98043.99999999987
22175,98043.99999999987
22176,98043.99999999987
22177,98043.99999999987
22178,98043.99999999987
22179,98043.99999999987
22180,98043.99999999987
22181,98043.99999999987
22182,98043.99999999987
22183,98043.99999999987
22184,98043.99999999987
22185,98043.99999999987
22186,98043.99999999987
22187,98043.99999999987
22188,98043.99999999987
22189,98043.99999999987
22190,98043.99999999987
22191,98043.99999999987
22192,98043.99999999987
22193,98043.99999999987
22194,98043.99999999987
22195,98043.99999999987
22196,98043.99999999987
22197,98043.99999999987
22198,98043.99999999987
22199,98043.99999999987
22200,98043.99999999987
22201,98043.99999999987
22202,98043.99999999987
22203,98043.99999999987
22204,98043.99999999987
22205,98043.99999999987
22206,98043.99999999987
22207,98043.99999999987
22208,98043.99999999987
22209,98043.99999999987
22210,98043.99999999987
22211,98043.99999999987
22212,98043.99999999987
22213,98043.99999999987
22214,98043.99999999987
22215,98043.99999999987
22216,98043.99999999987
22217,98043.99999999987
22218,98043.99999999987
22219,98043.99999999987
22220,98043.99999999987
22221,98043.99999999987
22222,98043.99999999987
22223,98043.99999999987
22224,98043.99999999987
22225,98043.99999999987
22226,98043.99999999987
22227,98043.99999999987
22228,98043.99999999987
22229,98043.99999999987
22230,98043.99999999987
22231,98043.99999999987
22232,98043.99999999987
22233,98043.99999999987
22234,98043.99999999987
22235,98043.99999999987
22236,98043.99999999987
22237,98043.99999999987
22238,98043.99999999987
22239,98043.99999999987
22240,98043.99999999987
22241,98043.99999999987
22242,98043.99999999987
22243,98043.99999999987
22244,98043.99999999987
22245,98043.99999999987
22246,98043.99999999987
22247,98043.99999999987
22248,98043.99999999987
22249,98043.99999999987
22250,98043.99999999987
22251,98043.99999999987
22252,98043.99999999987
22253,98043.99999999987
22254,98043.99999999987
22255,98043.99999999987
22256,98043.99999999987
22257,98043.99999999987
22258,98043.99999999987
22259,98043.99999999987
22260,98043.99999999987
22261,98043.99999999987
22262,98043.99999999987
22263,98043.99999999987
22264,98043.99999999987
22265,98043.99999999987
22266,98043.99999999987
22267,98043.99999999987
22268,98043.99999999987
22269,98043.99999999987
22270,98043.99999999987
22271,98043.99999999987
22272,98043.99999999987
22273,98043.99999999987
22274,98043.99999999987
22275,98043.99999999987
22276,98043.99999999987
22277,98043.99999999987
22278,98043.99999999987
22279,98043.99999999987
22280,98043.99999999987
22281,98043.99999999987
22282,98043.99999999987
22283,98043.99999999987
22284,98043.99999999987
22285,98043.99999999987
22286,98043.99999999987
22287,98043.99999999987
22288,98043.99999999987
22289,98043.99999999987
22290,98043.99999999987
22291,98043.99999999987
22292,98043.99999999987
22293,98043.99999999987
22294,98043.99999999987
22295,98043.99999999987
22296,98043.99999999987
22297,98043.99999999987
22298,98043.99999999987
22299,98043.99999999987
22300,98043.99999999987
22301,98043.99999999987
22302,98043.99999999987
22303,98043.99999999987
22304,98043.99999999987
22305,98043.99999999987
22306,98043.99999999987
22307,98043.99999999987
22308,98043.99999999987
22309,98043.99999999987
22310,98043.99999999987
22311,98043.99999999987
22312,98043.99999999987
22313,98043.99999999987
22314,98043.99999999987
22315,98043.99999999987
22316,98043.99999999987
22317,98043.99999999987
22318,98043.99999999987
22319,98043.99999999987
22320,98043.99999999987
22321,98043.99999999987
22322,98043.99999999987
22323,98043.99999999987
22324,98043.99999999987
22325,98043.99999999987
22326,98043.99999999987
22327,98043.99999999987
22328,98043.99999999987
22329,98043.99999999987
22330,98043.99999999987
22331,98043.99999999987
22332,98043.99999999987
22333,98043.99999999987
22334,98043.99999999987
22335,98043.99999999987
22336,98043.99999999987
22337,98043.99999999987
22338,98043.99999999987
22339,98043.99999999987
22340,98043.99999999987
22341,98043.99999999987
22342,98043.99999999987
22343,98043.99999999987
22344,98043.99999999987
22345,98043.99999999987
22346,98043.99999999987
22347,98043.99999999987
22348,98043.99999999987
22349,98043.99999999987
22350,98043.99999999987
22351,98043.99999999987
22352,98043.99999999987
22353,98043.99999999987
22354,98043.99999999987
22355,98043.99999999987
22356,98043.99999999987
22357,98043.99999999987
22358,98043.99999999987
22359,98043.99999999987
22360,98043.99999999987
22361,98043.99999999987
22362,98043.99999999987
22363,98043.99999999987
22364,98043.99999999987
22365,98043.99999999987
22366,98043.99999999987
22367,98043.99999999987
22368,98043.99999999987
22369,98043.99999999987
22370,98043.99999999987
22371,98043.99999999987
22372,98043.99999999987
22373,98043.99999999987
22374,98043.99999999987
22375,98043.99999999987
22376,98043.99999999987
22377,98043.99999999987
22378,98043.99999999987
22379,98043.99999999987
22380,98043.99999999987
22381,98043.99999999987
22382,98043.99999999987
22383,98043.99999999987
22384,98043.99999999987
22385,98043.99999999987
22386,98043.99999999987
22387,98043.99999999987
22388,98043.99999999987
22389,98043.99999999987
22390,98043.99999999987
22391,98043.99999999987
22392,98043.99999999987
22393,98043.99999999987
22394,98043.99999999987
22395,98043.99999999987
22396,98043.99999999987
22397,98043.99999999987
22398,98043.99999999987
22399,98043.99999999987
22400,98043.99999999987
22401,98043.99999999987
22402,98043.99999999987
22403,98043.99999999987
22404,98043.99999999987
22405,98043.99999999987
22406,98043.99999999987
22407,98043.99999999987
22408,98043.99999999987
22409,98043.99999999987
22410,98043.99999999987
22411,98043.99999999987
22412,98043.99999999987
22413,98043.99999999987
22414,98043.99999999987
22415,98043.99999999987
22416,98043.99999999987
22417,98043.99999999987
22418,98043.99999999987
22419,98043.99999999987
22420,98043.99999999987
22421,98043.99999999987
22422,98043.99999999987
22423,98043.99999999987
22424,98043.99999999987
22425,98043.99999999987
22426,98043.99999999987
22427,98043.99999999987
22428,98043.99999999987
22429,98043.99999999987
22430,98043.99999999987
22431,98043.99999999987
22432,98043.99999999987
22433,98043.99999999987
22434,98043.99999999987
22435,98043.99999999987
22436,98043.99999999987
22437,98043.99999999987
22438,98043.99999999987
22439,98043.99999999987
22440,98043.99999999987
22441,98043.99999999987
22442,98043.99999999987
22443,98043.99999999987
22444,98043.99999999987
22445,98043.99999999987
22446,98043.99999999987
22447,98043.99999999987
22448,98043.99999999987
22449,98043.99999999987
22450,98043.99999999987
22451,98043.99999999987
22452,98043.99999999987
22453,98043.99999999987
22454,98043.99999999987
22455,98043.99999999987
22456,98043.99999999987
22457,98043.99999999987
22458,98043.99999999987
22459,98043.99999999987
22460,98043.99999999987
22461,98043.99999999987
22462,98043.99999999987
22463,98043.99999999987
22464,98043.99999999987
22465,98043.99999999987
22466,98043.99999999987
22467,98043.99999999987
22468,98043.99999999987
22469,98043.99999999987
22470,98043.99999999987
22471,98043.99999999987
22472,98043.99999999987
22473,98043.99999999987
22474,98043.99999999987
22475,98043.99999999987
22476,98043.99999999987
22477,98043.99999999987
22478,98043.99999999987
22479,98043.99999999987
22480,98043.99999999987
22481,98043.99999999987
22482,98043.99999999987
22483,98043.99999999987
22484,98043.99999999987
22485,98043.99999999987
22486,98043.99999999987
22487,98043.99999999987
22488,98043.99999999987
22489,98043.99999999987
22490,98043.99999999987
22491,98043.99999999987
22492,98043.99999999987
22493,98043.99999999987
22494,98043.99999999987
22495,98043.99999999987
22496,98043.99999999987
22497,98043.99999999987
22498,98043.99999999987
22499,98043.99999999987
22500,98043.99999999987
22501,98043.99999999987
22502,98043.99999999987
22503,98043.99999999987
22504,98043.99999999987
22505,98043.99999999987
22506,98043.99999999987
22507,98043.99999999987
22508,98043.99999999987
22509,98043.99999999987
22510,98043.99999999987
22511,98043.99999999987
22512,98043.99999999987
22513,98043.99999999987
22514,98043.99999999987
22515,98043.99999999987
22516,98043.99999999987
22517,98043.99999999987
22518,98043.99999999987
22519,98043.99999999987
22520,98043.99999999987
22521,98043.99999999987
22522,98043.99999999987
22523,98043.99999999987
22524,98043.99999999987
22525,98043.99999999987
22526,98043.99999999987
22527,98043.99999999987
22528,98043.99999999987
22529,98043.99999999987
22530,98043.99999999987
22531,98043.99999999987
22532,98043.99999999987
22533,98043.99999999987
22534,98043.99999999987
22535,98043.99999999987
22536,98043.99999999987
22537,98043.99999999987
22538,98043.99999999987
22539,98043.99999999987
22540,98043.99999999987
22541,98043.99999999987
22542,98043.99999999987
22543,98043.99999999987
22544,98043.99999999987
22545,98043.99999999987
22546,98043.99999999987
22547,98043.99999999987
22548,98043.99999999987
22549,98043.99999999987
22550,98043.99999999987
22551,98043.99999999987
22552,98043.99999999987
22553,98043.99999999987
22554,98043.99999999987
22555,98043.99999999987
22556,98043.99999999987
22557,98043.99999999987
22558,98043.99999999987
22559,98043.99999999987
22560,98043.99999999987
22561,98043.99999999987
22562,98043.99999999987
22563,98043.99999999987
22564,98043.99999999987
22565,98043.99999999987
22566,98043.99999999987
22567,98043.99999999987
22568,98043.99999999987
22569,98043.99999999987
22570,98043.99999999987
22571,98043.99999999987
22572,98043.99999999987
22573,98043.99999999987
22574,98043.99999999987
22575,98043.99999999987
22576,98043.99999999987
22577,98043.99999999987
22578,98043.99999999987
22579,98043.99999999987
22580,98043.99999999987
22581,98043.99999999987
22582,98043.99999999987
22583,98043.99999999987
22584,98043.99999999987
22585,98043.99999999987
22586,98043.99999999987
22587,98043.99999999987
22588,98043.99999999987
22589,98043.99999999987
22590,98043.99999999987
22591,98043.99999999987
22592,98043.99999999987
22593,98043.99999999987
22594,98043.99999999987
22595,98043.99999999987
22596,98043.99999999987
22597,98043.99999999987
22598,98043.99999999987
22599,98043.99999999987
22600,98043.99999999987
22601,98043.99999999987
22602,98043.99999999987
22603,98043.99999999987
22604,98043.99999999987
22605,98043.99999999987
22606,98043.99999999987
22607,98043.99999999987
22608,98043.99999999987
22609,98043.99999999987
22610,98043.99999999987
22611,98043.99999999987
22612,98043.99999999987
22613,98043.99999999987
22614,98043.99999999987
22615,98043.99999999987
22616,98043.99999999987
22617,98043.99999999987
22618,98043.99999999987
22619,98043.99999999987
22620,98043.99999999987
22621,98043.99999999987
22622,98043.99999999987
22623,98043.99999999987
22624,98043.99999999987
22625,98043.99999999987
22626,98043.99999999987
22627,98043.99999999987
22628,98043.99999999987
22629,98043.99999999987
22630,98043.99999999987
22631,98043.99999999987
22632,98043.99999999987
22633,98043.99999999987
22634,98043.99999999987
22635,98043.99999999987
22636,98043.99999999987
22637,98043.99999999987
22638,98043.99999999987
22639,98043.99999999987
22640,98043.99999999987
22641,98043.99999999987
22642,98043.99999999987
22643,98043.99999999987
22644,98043.99999999987
22645,98043.99999999987
22646,98043.99999999987
22647,98043.99999999987
22648,98043.99999999987
22649,98043.99999999987
22650,98043.99999999987
22651,98043.99999999987
22652,98043.99999999987
22653,98043.99999999987
22654,98043.99999999987
22655,98043.99999999987
22656,98043.99999999987
22657,98043.99999999987
22658,98043.99999999987
22659,98043.99999999987
22660,98043.99999999987
22661,98043.99999999987
22662,98043.99999999987
22663,98043.99999999987
22664,98043.99999999987
22665,98043.99999999987
22666,98043.99999999987
22667,98043.99999999987
22668,98043.99999999987
22669,98043.99999999987
22670,98043.99999999987
22671,98043.99999999987
22672,98043.99999999987
22673,98043.99999999987
22674,98043.99999999987
22675,98043.99999999987
22676,98043.99999999987
22677,98043.99999999987
22678,98043.99999999987
22679,98043.99999999987
22680,98043.99999999987
22681,98043.99999999987
22682,98043.99999999987
22683,98043.99999999987
22684,98043.99999999987
22685,98043.99999999987
22686,98043.99999999987
22687,98043.99999999987
22688,98043.99999999987
22689,98043.99999999987
22690,98043.99999999987
22691,98043.99999999987
22692,98043.99999999987
22693,98043.99999999987
22694,98043.99999999987
22695,98043.99999999987
22696,98043.99999999987
22697,98043.99999999987
22698,98043.99999999987
22699,98043.99999999987
22700,98043.99999999987
22701,98043.99999999987
22702,98043.99999999987
22703,98043.99999999987
22704,98043.99999999987
22705,98043.99999999987
22706,98043.99999999987
22707,98043.99999999987
22708,98043.99999999987
22709,98043.99999999987
22710,98043.99999999987
22711,98043.99999999987
22712,98043.99999999987
22713,98043.99999999987
22714,98043.99999999987
22715,98043.99999999987
22716,98043.99999999987
22717,98043.99999999987
22718,98043.99999999987
22719,98043.99999999987
22720,98043.99999999987
22721,98043.99999999987
22722,98043.99999999987
22723,98043.99999999987
22724,98043.99999999987
22725,98043.99999999987
22726,98043.99999999987
22727,98043.99999999987
22728,98043.99999999987
22729,98043.99999999987
22730,98043.99999999987
22731,98043.99999999987
22732,98043.99999999987
22733,98043.99999999987
22734,98043.99999999987
22735,98043.99999999987
22736,98043.99999999987
22737,98043.99999999987
22738,98043.99999999987
22739,98043.99999999987
22740,98043.99999999987
22741,98043.99999999987
22742,98043.99999999987
22743,98043.99999999987
22744,98043.99999999987
22745,98043.99999999987
22746,98043.99999999987
22747,98043.99999999987
22748,98043.99999999987
22749,98043.99999999987
22750,98043.99999999987
22751,98043.99999999987
22752,98043.99999999987
22753,98043.99999999987
22754,98043.99999999987
22755,98043.99999999987
22756,98043.99999999987
22757,98043.99999999987
22758,98043.99999999987
22759,98043.99999999987
22760,98043.99999999987
22761,98043.99999999987
22762,98043.99999999987
22763,98043.99999999987
22764,98043.99999999987
22765,98043.99999999987
22766,98043.99999999987
22767,98043.99999999987
22768,98043.99999999987
22769,98043.99999999987
22770,98043.99999999987
22771,98043.99999999987
22772,98043.99999999987
22773,98043.99999999987
22774,98043.99999999987
22775,98043.99999999987
22776,98043.99999999987
22777,98043.99999999987
22778,98043.99999999987
22779,98043.99999999987
22780,98043.99999999987
22781,98043.99999999987
22782,98043.99999999987
22783,98043.99999999987
22784,98043.99999999987
22785,98043.99999999987
22786,98043.99999999987
22787,98043.99999999987
22788,98043.99999999987
22789,98043.99999999987
22790,98043.99999999987
22791,98043.99999999987
22792,98043.99999999987
22793,98043.99999999987
22794,98043.99999999987
22795,98043.99999999987
22796,98043.99999999987
22797,98043.99999999987
22798,98043.99999999987
22799,98043.99999999987
22800,98043.99999999987
22801,98043.99999999987
22802,98043.99999999987
22803,98043.99999999987
22804,98043.99999999987
22805,98043.99999999987
22806,98043.99999999987
22807,98043.99999999987
22808,98043.99999999987
22809,98043.99999999987
22810,98043.99999999987
22811,98043.99999999987
22812,98043.99999999987
22813,98043.99999999987
22814,98043.99999999987
22815,98043.99999999987
22816,98043.99999999987
22817,98043.99999999987
22818,98043.99999999987
22819,98043.99999999987
22820,98043.99999999987
22821,98043.99999999987
22822,98043.99999999987
22823,98043.99999999987
22824,98043.99999999987
22825,98043.99999999987
22826,98043.99999999987
22827,98043.99999999987
22828,98043.99999999987
22829,98043.99999999987
22830,98043.99999999987
22831,98043.99999999987
22832,98043.99999999987
22833,98043.99999999987
22834,98043.99999999987
22835,98043.99999999987
22836,98043.99999999987
22837,98043.99999999987
22838,98043.99999999987
22839,98043.99999999987
22840,98043.99999999987
22841,98043.99999999987
22842,98043.99999999987
22843,98043.99999999987
22844,98043.99999999987
22845,98043.99999999987
22846,98043.99999999987
22847,98043.99999999987
22848,98043.99999999987
22849,98043.99999999987
22850,98043.99999999987
22851,98043.99999999987
22852,98043.99999999987
22853,98043.99999999987
22854,98043.99999999987
22855,98043.99999999987
22856,98043.99999999987
22857,98043.99999999987
22858,98043.99999999987
22859,98043.99999999987
22860,98043.99999999987
22861,98043.99999999987
22862,98043.99999999987
22863,98043.99999999987
22864,98043.99999999987
22865,98043.99999999987
22866,98043.99999999987
22867,98043.99999999987
22868,98043.99999999987
22869,98043.99999999987
22870,98043.99999999987
22871,98043.99999999987
22872,98043.99999999987
22873,98043.99999999987
22874,98043.99999999987
22875,98043.99999999987
22876,98043.99999999987
22877,98043.99999999987
22878,98043.99999999987
22879,98043.99999999987
22880,98043.99999999987
22881,98043.99999999987
22882,98043.99999999987
22883,98043.99999999987
22884,98043.99999999987
22885,98043.99999999987
22886,98043.99999999987
22887,98043.99999999987
22888,98043.99999999987
22889,98043.99999999987
22890,98043.99999999987
22891,98043.99999999987
22892,98043.99999999987
22893,98043.99999999987
22894,98043.99999999987
22895,98043.99999999987
22896,98043.99999999987
22897,98043.99999999987
22898,98043.99999999987
22899,98043.99999999987
22900,98043.99999999987
22901,98043.99999999987
22902,98043.99999999987
22903,98043.99999999987
22904,98043.99999999987
22905,98043.99999999987
22906,98043.99999999987
22907,98043.99999999987
22908,98043.99999999987
22909,98043.99999999987
22910,98043.99999999987
22911,98043.99999999987
22912,98043.99999999987
22913,98043.99999999987
22914,98043.99999999987
22915,98043.99999999987
22916,98043.99999999987
22917,98043.99999999987
22918,98043.99999999987
22919,98043.99999999987
22920,98043.99999999987
22921,98043.99999999987
22922,98043.99999999987
22923,98043.99999999987
22924,98043.99999999987
22925,98043.99999999987
22926,98043.99999999987
22927,98043.99999999987
22928,98043.99999999987
22929,98043.99999999987
22930,98043.99999999987
22931,98043.99999999987
22932,98043.99999999987
22933,98043.99999999987
22934,98043.99999999987
22935,98043.99999999987
22936,98043.99999999987
22937,98043.99999999987
22938,98043.99999999987
22939,98043.99999999987
22940,98043.99999999987
22941,98043.99999999987
22942,98043.99999999987
22943,98043.99999999987
22944,98043.99999999987
22945,98043.99999999987
22946,98043.99999999987
22947,98043.99999999987
22948,98043.99999999987
22949,98043.99999999987
22950,98043.99999999987
22951,98043.99999999987
22952,98043.99999999987
22953,98043.99999999987
22954,98043.99999999987
22955,98043.99999999987
22956,98043.99999999987
22957,98043.99999999987
22958,98043.99999999987
22959,98043.99999999987
22960,98043.99999999987
22961,98043.99999999987
22962,98043.99999999987
22963,98043.99999999987
22964,98043.99999999987
22965,98043.99999999987
22966,98043.99999999987
22967,98043.99999999987
22968,98043.99999999987
22969,98043.99999999987
22970,98043.99999999987
22971,98043.99999999987
22972,98043.99999999987
22973,98043.99999999987
22974,98043.99999999987
22975,98043.99999999987
22976,98043.99999999987
22977,98043.99999999987
22978,98043.99999999987
22979,98043.99999999987
22980,98043.99999999987
22981,98043.99999999987
22982,98043.99999999987
22983,98043.99999999987
22984,98043.99999999987
22985,98043.99999999987
22986,98043.99999999987
22987,98043.99999999987
22988,98043.99999999987
22989,98043.99999999987
22990,98043.99999999987
22991,98043.99999999987
22992,98043.99999999987
22993,98043.99999999987
22994,98043.99999999987
22995,98043.99999999987
22996,98043.99999999987
22997,98043.99999999987
22998,98043.99999999987
22999,98043.99999999987
23000,98043.99999999987
23001,98043.99999999987
23002,98043.99999999987
23003,98043.99999999987
23004,98043.99999999987
23005,98043.99999999987
23006,98043.99999999987
23007,98043.99999999987
23008,98043.99999999987
23009,98043.99999999987
23010,98043.99999999987
23011,98043.99999999987
23012,98043.99999999987
23013,98043.99999999987
23014,98043.99999999987
23015,98043.99999999987
23016,98043.99999999987
23017,98043.99999999987
23018,98043.99999999987
23019,98043.99999999987
23020,98043.99999999987
23021,98043.99999999987
23022,98043.99999999987
23023,98043.99999999987
23024,98043.99999999987
23025,98043.99999999987
23026,98043.99999999987
23027,98043.99999999987
23028,98043.99999999987
23029,98043.99999999987
23030,98043.99999999987
23031,98043.99999999987
23032,98043.99999999987
23033,98043.99999999987
23034,98043.99999999987
23035,98043.99999999987
23036,98043.99999999987
23037,98043.99999999987
23038,98043.99999999987
23039,98043.99999999987
23040,98043.99999999987
23041,98043.99999999987
23042,98043.99999999987
23043,98043.99999999987
23044,98043.99999999987
23045,98043.99999999987
23046,98043.99999999987
23047,98043.99999999987
23048,98043.99999999987
23049,98043.99999999987
23050,98043.99999999987
23051,98043.99999999987
23052,98043.99999999987
23053,98043.99999999987
23054,98043.99999999987
23055,98043.99999999987
23056,98043.99999999987
23057,98043.99999999987
23058,98043.99999999987
23059,98043.99999999987
23060,98043.99999999987
23061,98043.99999999987
23062,98043.99999999987
23063,98043.99999999987
23064,98043.99999999987
23065,98043.99999999987
23066,98043.99999999987
23067,98043.99999999987
23068,98043.99999999987
23069,98043.99999999987
23070,98043.99999999987
23071,98043.99999999987
23072,98043.99999999987
23073,98043.99999999987
23074,98043.99999999987
23075,98043.99999999987
23076,98043.99999999987
23077,98043.99999999987
23078,98043.99999999987
23079,98043.99999999987
23080,98043.99999999987
23081,98043.99999999987
23082,98043.99999999987
23083,98043.99999999987
23084,98043.99999999987
23085,98043.99999999987
23086,98043.99999999987
23087,98043.99999999987
23088,98043.99999999987
23089,98043.99999999987
23090,98043.99999999987
23091,98043.99999999987
23092,98043.99999999987
23093,98043.99999999987
23094,98043.99999999987
23095,98043.99999999987
23096,98043.99999999987
23097,98043.99999999987
23098,98043.99999999987
23099,98043.99999999987
23100,98043.99999999987
23101,98043.99999999987
23102,98043.99999999987
23103,98043.99999999987
23104,98043.99999999987
23105,98043.99999999987
23106,98043.99999999987
23107,98043.99999999987
23108,98043.99999999987
23109,98043.99999999987
23110,98043.99999999987
23111,98043.99999999987
23112,98043.99999999987
23113,98043.99999999987
23114,98043.99999999987
23115,98043.99999999987
23116,98043.99999999987
23117,98043.99999999987
23118,98043.99999999987
23119,98043.99999999987
23120,98043.99999999987
23121,98043.99999999987
23122,98043.99999999987
23123,98043.99999999987
23124,98043.99999999987
23125,98043.99999999987
23126,98043.99999999987
23127,98043.99999999987
23128,98043.99999999987
23129,98043.99999999987
23130,98043.99999999987
23131,98043.99999999987
23132,98043.99999999987
23133,98043.99999999987
23134,98043.99999999987
23135,98043.99999999987
23136,98043.99999999987
23137,98043.99999999987
23138,98043.99999999987
23139,98043.99999999987
23140,98043.99999999987
23141,98043.99999999987
23142,98043.99999999987
23143,98043.99999999987
23144,98043.99999999987
23145,98043.99999999987
23146,98043.99999999987
23147,98043.99999999987
23148,98043.99999999987
23149,98043.99999999987
23150,98043.99999999987
23151,98043.99999999987
23152,98043.99999999987
23153,98043.99999999987
23154,98043.99999999987
23155,98043.99999999987
23156,98043.99999999987
23157,98043.99999999987
23158,98043.99999999987
23159,98043.99999999987
23160,98043.99999999987
23161,98043.99999999987
23162,98043.99999999987
23163,98043.99999999987
23164,98043.99999999987
23165,98043.99999999987
23166,98043.99999999987
23167,98043.99999999987
23168,98043.99999999987
23169,98043.99999999987
23170,98043.99999999987
23171,98043.99999999987
23172,98043.99999999987
23173,98043.99999999987
23174,98043.99999999987
23175,98043.99999999987
23176,98043.99999999987
23177,98043.99999999987
23178,98043.99999999987
23179,98043.99999999987
23180,98043.99999999987
23181,98043.99999999987
23182,98043.99999999987
23183,98043.99999999987
23184,98043.99999999987
23185,98043.99999999987
23186,98043.99999999987
23187,98043.99999999987
23188,98043.99999999987
23189,98043.99999999987
23190,98043.99999999987
23191,98043.99999999987
23192,98043.99999999987
23193,98043.99999999987
23194,98043.99999999987
23195,98043.99999999987
23196,98043.99999999987
23197,98043.99999999987
23198,98043.99999999987
23199,98043.99999999987
23200,98043.99999999987
23201,98043.99999999987
23202,98043.99999999987
23203,98043.99999999987
23204,98043.99999999987
23205,98043.99999999987
23206,98043.99999999987
23207,98043.99999999987
23208,98043.99999999987
23209,98043.99999999987
23210,98043.99999999987
23211,98043.99999999987
23212,98043.99999999987
23213,98043.99999999987
23214,98043.99999999987
23215,98043.99999999987
23216,98043.99999999987
23217,98043.99999999987
23218,98043.99999999987
23219,98043.99999999987
23220,98043.99999999987
23221,98043.99999999987
23222,98043.99999999987
23223,98043.99999999987
23224,98043.99999999987
23225,98043.99999999987
23226,98043.99999999987
23227,98043.99999999987
23228,98043.99999999987
23229,98043.99999999987
23230,98043.99999999987
23231,98043.99999999987
23232,98043.99999999987
23233,98043.99999999987
23234,98043.99999999987
23235,98043.99999999987
23236,98043.99999999987
23237,98043.99999999987
23238,98043.99999999987
23239,98043.99999999987
23240,98043.99999999987
23241,98043.99999999987
23242,98043.99999999987
23243,98043.99999999987
23244,98043.99999999987
23245,98043.99999999987
23246,98043.99999999987
23247,98043.99999999987
23248,98043.99999999987
23249,98043.99999999987
23250,98043.99999999987
23251,98043.99999999987
23252,98043.99999999987
23253,98043.99999999987
23254,98043.99999999987
23255,98043.99999999987
23256,98043.99999999987
23257,98043.99999999987
23258,98043.99999999987
23259,98043.99999999987
23260,98043.99999999987
23261,98043.99999999987
23262,98043.99999999987
23263,98043.99999999987
23264,98043.99999999987
23265,98043.99999999987
23266,98043.99999999987
23267,98043.99999999987
23268,98043.99999999987
23269,98043.99999999987
23270,98043.99999999987
23271,98043.99999999987
23272,98043.99999999987
23273,98043.99999999987
23274,98043.99999999987
23275,98043.99999999987
23276,98043.99999999987
23277,98043.99999999987
23278,98043.99999999987
23279,98043.99999999987
23280,98043.99999999987
23281,98043.99999999987
23282,98043.99999999987
23283,98043.99999999987
23284,98043.99999999987
23285,98043.99999999987
23286,98043.99999999987
23287,98043.99999999987
23288,98043.99999999987
23289,98043.99999999987
23290,98043.99999999987
23291,98043.99999999987
23292,98043.99999999987
23293,98043.99999999987
23294,98043.99999999987
23295,98043.99999999987
23296,98043.99999999987
23297,98043.99999999987
23298,98043.99999999987
23299,98043.99999999987
23300,98043.99999999987
23301,98043.99999999987
23302,98043.99999999987
23303,98043.99999999987
23304,98043.99999999987
23305,98043.99999999987
23306,98043.99999999987
23307,98043.99999999987
23308,98043.99999999987
23309,98043.99999999987
23310,98043.99999999987
23311,98043.99999999987
23312,98043.99999999987
23313,98043.99999999987
23314,98043.99999999987
23315,98043.99999999987
23316,98043.99999999987
23317,98043.99999999987
23318,98043.99999999987
23319,98043.99999999987
23320,98043.99999999987
23321,98043.99999999987
23322,98043.99999999987
23323,98043.99999999987
23324,98043.99999999987
23325,98043.99999999987
23326,98043.99999999987
23327,98043.99999999987
23328,98043.99999999987
23329,98043.99999999987
23330,98043.99999999987
23331,98043.99999999987
23332,98043.99999999987
23333,98043.99999999987
23334,98043.99999999987
23335,98043.99999999987
23336,98043.99999999987
23337,98043.99999999987
23338,98043.99999999987
23339,98043.99999999987
23340,98043.99999999987
23341,98043.99999999987
23342,98043.99999999987
23343,98043.99999999987
23344,98043.99999999987
23345,98043.99999999987
23346,98043.99999999987
23347,98043.99999999987
23348,98043.99999999987
23349,98043.99999999987
23350,98043.99999999987
23351,98043.99999999987
23352,98043.99999999987
23353,98043.99999999987
23354,98043.99999999987
23355,98043.99999999987
23356,98043.99999999987
23357,98043.99999999987
23358,98043.99999999987
23359,98043.99999999987
23360,98043.99999999987
23361,98043.99999999987
23362,98043.99999999987
23363,98043.99999999987
23364,98043.99999999987
23365,98043.99999999987
23366,98043.99999999987
23367,98043.99999999987
23368,98043.99999999987
23369,98043.99999999987
23370,98043.99999999987
23371,98043.99999999987
23372,98043.99999999987
23373,98043.99999999987
23374,98043.99999999987
23375,98043.99999999987
23376,98043.99999999987
23377,98043.99999999987
23378,98043.99999999987
23379,98043.99999999987
23380,98043.99999999987
23381,98043.99999999987
23382,98043.99999999987
23383,98043.99999999987
23384,98043.99999999987
23385,98043.99999999987
23386,98043.99999999987
23387,98043.99999999987
23388,98043.99999999987
23389,98043.99999999987
23390,98043.99999999987
23391,98043.99999999987
23392,98043.99999999987
23393,98043.99999999987
23394,98043.99999999987
23395,98043.99999999987
23396,98043.99999999987
23397,98043.99999999987
23398,98043.99999999987
23399,98043.99999999987
23400,98043.99999999987
23401,98043.99999999987
23402,98043.99999999987
23403,98043.99999999987
23404,98043.99999999987
23405,98043.99999999987
23406,98043.99999999987
23407,98043.99999999987
23408,98043.99999999987
23409,98043.99999999987
23410,98043.99999999987
23411,98043.99999999987
23412,98043.99999999987
23413,98043.99999999987
23414,98043.99999999987
23415,98043.99999999987
23416,98043.99999999987
23417,98043.99999999987
23418,98043.99999999987
23419,98043.99999999987
23420,98043.99999999987
23421,98043.99999999987
23422,98043.99999999987
23423,98043.99999999987
23424,98043.99999999987
23425,98043.99999999987
23426,98043.99999999987
23427,98043.99999999987
23428,98043.99999999987
23429,98043.99999999987
23430,98043.99999999987
23431,98043.99999999987
23432,98043.99999999987
23433,98043.99999999987
23434,98043.99999999987
23435,98043.99999999987
23436,98043.99999999987
23437,98043.99999999987
23438,98043.99999999987
23439,98043.99999999987
23440,98043.99999999987
23441,98043.99999999987
23442,98043.99999999987
23443,98043.99999999987
23444,98043.99999999987
23445,98043.99999999987
23446,98043.99999999987
23447,98043.99999999987
23448,98043.99999999987
23449,98043.99999999987
23450,98043.99999999987
23451,98043.99999999987
23452,98043.99999999987
23453,98043.99999999987
23454,98043.99999999987
23455,98043.99999999987
23456,98043.99999999987
23457,98043.99999999987
23458,98043.99999999987
23459,98043.99999999987
23460,98043.99999999987
23461,98043.99999999987
23462,98043.99999999987
23463,98043.99999999987
23464,98043.99999999987
23465,98043.99999999987
23466,98043.99999999987
23467,98043.99999999987
23468,98043.99999999987
23469,98043.99999999987
23470,98043.99999999987
23471,98043.99999999987
23472,98043.99999999987
23473,98043.99999999987
23474,98043.99999999987
23475,98043.99999999987
23476,98043.99999999987
23477,98043.99999999987
23478,98043.99999999987
23479,98043.99999999987
23480,98043.99999999987
23481,98043.99999999987
23482,98043.99999999987
23483,98043.99999999987
23484,98043.99999999987
23485,98043.99999999987
23486,98043.99999999987
23487,98043.99999999987
23488,98043.99999999987
23489,98043.99999999987
23490,98043.99999999987
23491,98043.99999999987
23492,98043.99999999987
23493,98043.99999999987
23494,98043.99999999987
23495,98043.99999999987
23496,98043.99999999987
23497,98043.99999999987
23498,98043.99999999987
23499,98043.99999999987
23500,98043.99999999987
23501,98043.99999999987
23502,98043.99999999987
23503,98043.99999999987
23504,98043.99999999987
23505,98043.99999999987
23506,98043.99999999987
23507,98043.99999999987
23508,98043.99999999987
23509,98043.99999999987
23510,98043.99999999987
23511,98043.99999999987
23512,98043.99999999987
23513,98043.99999999987
23514,98043.99999999987
23515,98043.99999999987
23516,98043.99999999987
23517,98043.99999999987
23518,98043.99999999987
23519,98043.99999999987
23520,98043.99999999987
23521,98043.99999999987
23522,98043.99999999987
23523,98043.99999999987
23524,98043.99999999987
23525,98043.99999999987
23526,98043.99999999987
23527,98043.99999999987
23528,98043.99999999987
23529,98043.99999999987
23530,98043.99999999987
23531,98043.99999999987
23532,98043.99999999987
23533,98043.99999999987
23534,98043.99999999987
23535,98043.99999999987
23536,98043.99999999987
23537,98043.99999999987
23538,98043.99999999987
23539,98043.99999999987
23540,98043.99999999987
23541,98043.99999999987
23542,98043.99999999987
23543,98043.99999999987
23544,98043.99999999987
23545,98043.99999999987
23546,98043.99999999987
23547,98043.99999999987
23548,98043.99999999987
23549,98043.99999999987
23550,98043.99999999987
23551,98043.99999999987
23552,98043.99999999987
23553,98043.99999999987
23554,98043.99999999987
23555,98043.99999999987
23556,98043.99999999987
23557,98043.99999999987
23558,98043.99999999987
23559,98043.99999999987
23560,98043.99999999987
23561,98043.99999999987
23562,98043.99999999987
23563,98043.99999999987
23564,98043.99999999987
23565,98043.99999999987
23566,98043.99999999987
23567,98043.99999999987
23568,98043.99999999987
23569,98043.99999999987
23570,98043.99999999987
23571,98043.99999999987
23572,98043.99999999987
23573,98043.99999999987
23574,98043.99999999987
23575,98043.99999999987
23576,98043.99999999987
23577,98043.99999999987
23578,98043.99999999987
23579,98043.99999999987
23580,98043.99999999987
23581,98043.99999999987
23582,98043.99999999987
23583,98043.99999999987
23584,98043.99999999987
23585,98043.99999999987
23586,98043.99999999987
23587,98043.99999999987
23588,98043.99999999987
23589,98043.99999999987
23590,98043.99999999987
23591,98043.99999999987
23592,98043.99999999987
23593,98043.99999999987
23594,98043.99999999987
23595,98043.99999999987
23596,98043.99999999987
23597,98043.99999999987
23598,98043.99999999987
23599,98043.99999999987
23600,98043.99999999987
23601,98043.99999999987
23602,98043.99999999987
23603,98043.99999999987
23604,98043.99999999987
23605,98043.99999999987
23606,98043.99999999987
23607,98043.99999999987
23608,98043.99999999987
23609,98043.99999999987
23610,98043.99999999987
23611,98043.99999999987
23612,98043.99999999987
23613,98043.99999999987
23614,98043.99999999987
23615,98043.99999999987
23616,98043.99999999987
23617,98043.99999999987
23618,98043.99999999987
23619,98043.99999999987
23620,98043.99999999987
23621,98043.99999999987
23622,98043.99999999987
23623,98043.99999999987
23624,98043.99999999987
23625,98043.99999999987
23626,98043.99999999987
23627,98043.99999999987
23628,98043.99999999987
23629,98043.99999999987
23630,98043.99999999987
23631,98043.99999999987
23632,98043.99999999987
23633,98043.99999999987
23634,98043.99999999987
23635,98043.99999999987
23636,98043.99999999987
23637,98043.99999999987
23638,98043.99999999987
23639,98043.99999999987
23640,98043.99999999987
23641,98043.99999999987
23642,98043.99999999987
23643,98043.99999999987
23644,98043.99999999987
23645,98043.99999999987
23646,98043.99999999987
23647,98043.99999999987
23648,98043.99999999987
23649,98043.99999999987
23650,98043.99999999987
23651,98043.99999999987
23652,98043.99999999987
23653,98043.99999999987
23654,98043.99999999987
23655,98043.99999999987
23656,98043.99999999987
23657,98043.99999999987
23658,98043.99999999987
23659,98043.99999999987
23660,98043.99999999987
23661,98043.99999999987
23662,98043.99999999987
23663,98043.99999999987
23664,98043.99999999987
23665,98043.99999999987
23666,98043.99999999987
23667,98043.99999999987
23668,98043.99999999987
23669,98043.99999999987
23670,98043.99999999987
23671,98043.99999999987
23672,98043.99999999987
23673,98043.99999999987
23674,98043.99999999987
23675,98043.99999999987
23676,98043.99999999987
23677,98043.99999999987
23678,98043.99999999987
23679,98043.99999999987
23680,98043.99999999987
23681,98043.99999999987
23682,98043.99999999987
23683,98043.99999999987
23684,98043.99999999987
23685,98043.99999999987
23686,98043.99999999987
23687,98043.99999999987
23688,98043.99999999987
23689,98043.99999999987
23690,98043.99999999987
23691,98043.99999999987
23692,98043.99999999987
23693,98043.99999999987
23694,98043.99999999987
23695,98043.99999999987
23696,98043.99999999987
23697,98043.99999999987
23698,98043.99999999987
23699,98043.99999999987
23700,98043.99999999987
23701,98043.99999999987
23702,98043.99999999987
23703,98043.99999999987
23704,98043.99999999987
23705,98043.99999999987
23706,98043.99999999987
23707,98043.99999999987
23708,98043.99999999987
23709,98043.99999999987
23710,98043.99999999987
23711,98043.99999999987
23712,98043.99999999987
23713,98043.99999999987
23714,98043.99999999987
23715,98043.99999999987
23716,98043.99999999987
23717,98043.99999999987
23718,98043.99999999987
23719,98043.99999999987
23720,98043.99999999987
23721,98043.99999999987
23722,98043.99999999987
23723,98043.99999999987
23724,98043.99999999987
23725,98043.99999999987
23726,98043.99999999987
23727,98043.99999999987
23728,98043.99999999987
23729,98043.99999999987
23730,98043.99999999987
23731,98043.99999999987
23732,98043.99999999987
23733,98043.99999999987
23734,98043.99999999987
23735,98043.99999999987
23736,98043.99999999987
23737,98043.99999999987
23738,98043.99999999987
23739,98043.99999999987
23740,98043.99999999987
23741,98043.99999999987
23742,98043.99999999987
23743,98043.99999999987
23744,98043.99999999987
23745,98043.99999999987
23746,98043.99999999987
23747,98043.99999999987
23748,98043.99999999987
23749,98043.99999999987
23750,98043.99999999987
23751,98043.99999999987
23752,98043.99999999987
23753,98043.99999999987
23754,98043.99999999987
23755,98043.99999999987
23756,98043.99999999987
23757,98043.99999999987
23758,98043.99999999987
23759,98043.99999999987
23760,98043.99999999987
23761,98043.99999999987
23762,98043.99999999987
23763,98043.99999999987
23764,98043.99999999987
23765,98043.99999999987
23766,98043.99999999987
23767,98043.99999999987
23768,98043.99999999987
23769,98043.99999999987
23770,98043.99999999987
23771,98043.99999999987
23772,98043.99999999987
23773,98043.99999999987
23774,98043.99999999987
23775,98043.99999999987
23776,98043.99999999987
23777,98043.99999999987
23778,98043.99999999987
23779,98043.99999999987
23780,98043.99999999987
23781,98043.99999999987
23782,98043.99999999987
23783,98043.99999999987
23784,98043.99999999987
23785,98043.99999999987
23786,98043.99999999987
23787,98043.99999999987
23788,98043.99999999987
23789,98043.99999999987
23790,98043.99999999987
23791,98043.99999999987
23792,98043.99999999987
23793,98043.99999999987
23794,98043.99999999987
23795,98043.99999999987
23796,98043.99999999987
23797,98043.99999999987
23798,98043.99999999987
23799,98043.99999999987
23800,98043.99999999987
23801,98043.99999999987
23802,98043.99999999987
23803,98043.99999999987
23804,98043.99999999987
23805,98043.99999999987
23806,98043.99999999987
23807,98043.99999999987
23808,98043.99999999987
23809,98043.99999999987
23810,98043.99999999987
23811,98043.99999999987
23812,98043.99999999987
23813,98043.99999999987
23814,98043.99999999987
23815,98043.99999999987
23816,98043.99999999987
23817,98043.99999999987
23818,98043.99999999987
23819,98043.99999999987
23820,98043.99999999987
23821,98043.99999999987
23822,98043.99999999987
23823,98043.99999999987
23824,98043.99999999987
23825,98043.99999999987
23826,98043.99999999987
23827,98043.99999999987
23828,98043.99999999987
23829,98043.99999999987
23830,98043.99999999987
23831,98043.99999999987
23832,98043.99999999987
23833,98043.99999999987
23834,98043.99999999987
23835,98043.99999999987
23836,98043.99999999987
23837,98043.99999999987
23838,98043.99999999987
23839,98043.99999999987
23840,98043.99999999987
23841,98043.99999999987
23842,98043.99999999987
23843,98043.99999999987
23844,98043.99999999987
23845,98043.99999999987
23846,98043.99999999987
23847,98043.99999999987
23848,98043.99999999987
23849,98043.99999999987
23850,98043.99999999987
23851,98043.99999999987
23852,98043.99999999987
23853,98043.99999999987
23854,98043.99999999987
23855,98043.99999999987
23856,98043.99999999987
23857,98043.99999999987
23858,98043.99999999987
23859,98043.99999999987
23860,98043.99999999987
23861,98043.99999999987
23862,98043.99999999987
23863,98043.99999999987
23864,98043.99999999987
23865,98043.99999999987
23866,98043.99999999987
23867,98043.99999999987
23868,98043.99999999987
23869,98043.99999999987
23870,98043.99999999987
23871,98043.99999999987
23872,98043.99999999987
23873,98043.99999999987
23874,98043.99999999987
23875,98043.99999999987
23876,98043.99999999987
23877,98043.99999999987
23878,98043.99999999987
23879,98043.99999999987
23880,98043.99999999987
23881,98043.99999999987
23882,98043.99999999987
23883,98043.99999999987
23884,98043.99999999987
23885,98043.99999999987
23886,98043.99999999987
23887,98043.99999999987
23888,98043.99999999987
23889,98043.99999999987
23890,98043.99999999987
23891,98043.99999999987
23892,98043.99999999987
23893,98043.99999999987
23894,98043.99999999987
23895,98043.99999999987
23896,98043.99999999987
23897,98043.99999999987
23898,98043.99999999987
23899,98043.99999999987
23900,98043.99999999987
23901,98043.99999999987
23902,98043.99999999987
23903,98043.99999999987
23904,98043.99999999987
23905,98043.99999999987
23906,98043.99999999987
23907,98043.99999999987
23908,98043.99999999987
23909,98043.99999999987
23910,98043.99999999987
23911,98043.99999999987
23912,98043.99999999987
23913,98043.99999999987
23914,98043.99999999987
23915,98043.99999999987
23916,98043.99999999987
23917,98043.99999999987
23918,98043.99999999987
23919,98043.99999999987
23920,98043.99999999987
23921,98043.99999999987
23922,98043.99999999987
23923,98043.99999999987
23924,98043.99999999987
23925,98043.99999999987
23926,98043.99999999987
23927,98043.99999999987
23928,98043.99999999987
23929,98043.99999999987
23930,98043.99999999987
23931,98043.99999999987
23932,98043.99999999987
23933,98043.99999999987
23934,98043.99999999987
23935,98043.99999999987
23936,98043.99999999987
23937,98043.99999999987
23938,98043.99999999987
23939,98043.99999999987
23940,98043.99999999987
23941,98043.99999999987
23942,98043.99999999987
23943,98043.99999999987
23944,98043.99999999987
23945,98043.99999999987
23946,98043.99999999987
23947,98043.99999999987
23948,98043.99999999987
23949,98043.99999999987
23950,98043.99999999987
23951,98043.99999999987
23952,98043.99999999987
23953,98043.99999999987
23954,98043.99999999987
23955,98043.99999999987
23956,98043.99999999987
23957,98043.99999999987
23958,98043.99999999987
23959,98043.99999999987
23960,98043.99999999987
23961,98043.99999999987
23962,98043.99999999987
23963,98043.99999999987
23964,98043.99999999987
23965,98043.99999999987
23966,98043.99999999987
23967,98043.99999999987
23968,98043.99999999987
23969,98043.99999999987
23970,98043.99999999987
23971,98043.99999999987
23972,98043.99999999987
23973,98043.99999999987
23974,98043.99999999987
23975,98043.99999999987
23976,98043.99999999987
23977,98043.99999999987
23978,98043.99999999987
23979,98043.99999999987
23980,98043.99999999987
23981,98043.99999999987
23982,98043.99999999987
23983,98043.99999999987
23984,98043.99999999987
23985,98043.99999999987
23986,98043.99999999987
23987,98043.99999999987
23988,98043.99999999987
23989,98043.99999999987
23990,98043.99999999987
23991,98043.99999999987
23992,98043.99999999987
23993,98043.99999999987
23994,98043.99999999987
23995,98043.99999999987
23996,98043.99999999987
23997,98043.99999999987
23998,98043.99999999987
23999,98043.99999999987
24000,98043.99999999987
24001,98043.99999999987
24002,98043.99999999987
24003,98043.99999999987
24004,98043.99999999987
24005,98043.99999999987
24006,98043.99999999987
24007,98043.99999999987
24008,98043.99999999987
24009,98043.99999999987
24010,98043.99999999987
24011,98043.99999999987
24012,98043.99999999987
24013,98043.99999999987
24014,98043.99999999987
24015,98043.99999999987
24016,98043.99999999987
24017,98043.99999999987
24018,98043.99999999987
24019,98043.99999999987
24020,98043.99999999987
24021,98043.99999999987
24022,98043.99999999987
24023,98043.99999999987
24024,98043.99999999987
24025,98043.99999999987
24026,98043.99999999987
24027,98043.99999999987
24028,98043.99999999987
24029,98043.99999999987
24030,98043.99999999987
24031,98043.99999999987
24032,98043.99999999987
24033,98043.99999999987
24034,98043.99999999987
24035,98043.99999999987
24036,98043.99999999987
24037,98043.99999999987
24038,98043.99999999987
24039,98043.99999999987
24040,98043.99999999987
24041,98043.99999999987
24042,98043.99999999987
24043,98043.99999999987
24044,98043.99999999987
24045,98043.99999999987
24046,98043.99999999987
24047,98043.99999999987
24048,98043.99999999987
24049,98043.99999999987
24050,98043.99999999987
24051,98043.99999999987
24052,98043.99999999987
24053,98043.99999999987
24054,98043.99999999987
24055,98043.99999999987
24056,98043.99999999987
24057,98043.99999999987
24058,98043.99999999987
24059,98043.99999999987
24060,98043.99999999987
24061,98043.99999999987
24062,98043.99999999987
24063,98043.99999999987
24064,98043.99999999987
24065,98043.99999999987
24066,98043.99999999987
24067,98043.99999999987
24068,98043.99999999987
24069,98043.99999999987
24070,98043.99999999987
24071,98043.99999999987
24072,98043.99999999987
24073,98043.99999999987
24074,98043.99999999987
24075,98043.99999999987
24076,98043.99999999987
24077,98043.99999999987
24078,98043.99999999987
24079,98043.99999999987
24080,98043.99999999987
24081,98043.99999999987
24082,98043.99999999987
24083,98043.99999999987
24084,98043.99999999987
24085,98043.99999999987
24086,98043.99999999987
24087,98043.99999999987
24088,98043.99999999987
24089,98043.99999999987
24090,98043.99999999987
24091,98043.99999999987
24092,98043.99999999987
24093,98043.99999999987
24094,98043.99999999987
24095,98043.99999999987
24096,98043.99999999987
24097,98043.99999999987
24098,98043.99999999987
24099,98043.99999999987
24100,98043.99999999987
24101,98043.99999999987
24102,98043.99999999987
24103,98043.99999999987
24104,98043.99999999987
24105,98043.99999999987
24106,98043.99999999987
24107,98043.99999999987
24108,98043.99999999987
24109,98043.99999999987
24110,98043.99999999987
24111,98043.99999999987
24112,98043.99999999987
24113,98043.99999999987
24114,98043.99999999987
24115,98043.99999999987
24116,98043.99999999987
24117,98043.99999999987
24118,98043.99999999987
24119,98043.99999999987
24120,98043.99999999987
24121,98043.99999999987
24122,98043.99999999987
24123,98043.99999999987
24124,98043.99999999987
24125,98043.99999999987
24126,98043.99999999987
24127,98043.99999999987
24128,98043.99999999987
24129,98043.99999999987
24130,98043.99999999987
24131,98043.99999999987
24132,98043.99999999987
24133,98043.99999999987
24134,98043.99999999987
24135,98043.99999999987
24136,98043.99999999987
24137,98043.99999999987
24138,98043.99999999987
24139,98043.99999999987
24140,98043.99999999987
24141,98043.99999999987
24142,98043.99999999987
24143,98043.99999999987
24144,98043.99999999987
24145,98043.99999999987
24146,98043.99999999987
24147,98043.99999999987
24148,98043.99999999987
24149,98043.99999999987
24150,98043.99999999987
24151,98043.99999999987
24152,98043.99999999987
24153,98043.99999999987
24154,98043.99999999987
24155,98043.99999999987
24156,98043.99999999987
24157,98043.99999999987
24158,98043.99999999987
24159,98043.99999999987
24160,98043.99999999987
24161,98043.99999999987
24162,98043.99999999987
24163,98043.99999999987
24164,98043.99999999987
24165,98043.99999999987
24166,98043.99999999987
24167,98043.99999999987
24168,98043.99999999987
24169,98043.99999999987
24170,98043.99999999987
24171,98043.99999999987
24172,98043.99999999987
24173,98043.99999999987
24174,98043.99999999987
24175,98043.99999999987
24176,98043.99999999987
24177,98043.99999999987
24178,98043.99999999987
24179,98043.99999999987
24180,98043.99999999987
24181,98043.99999999987
24182,98043.99999999987
24183,98043.99999999987
24184,98043.99999999987
24185,98043.99999999987
24186,98043.99999999987
24187,98043.99999999987
24188,98043.99999999987
24189,98043.99999999987
24190,98043.99999999987
24191,98043.99999999987
24192,98043.99999999987
24193,98043.99999999987
24194,98043.99999999987
24195,98043.99999999987
24196,98043.99999999987
24197,98043.99999999987
24198,98043.99999999987
24199,98043.99999999987
24200,98043.99999999987
24201,98043.99999999987
24202,98043.99999999987
24203,98043.99999999987
24204,98043.99999999987
24205,98043.99999999987
24206,98043.99999999987
24207,98043.99999999987
24208,98043.99999999987
24209,98043.99999999987
24210,98043.99999999987
24211,98043.99999999987
24212,98043.99999999987
24213,98043.99999999987
24214,98043.99999999987
24215,98043.99999999987
24216,98043.99999999987
24217,98043.99999999987
24218,98043.99999999987
24219,98043.99999999987
24220,98043.99999999987
24221,98043.99999999987
24222,98043.99999999987
24223,98043.99999999987
24224,98043.99999999987
24225,98043.99999999987
24226,98043.99999999987
24227,98043.99999999987
24228,98043.99999999987
24229,98043.99999999987
24230,98043.99999999987
24231,98043.99999999987
24232,98043.99999999987
24233,98043.99999999987
24234,98043.99999999987
24235,98043.99999999987
24236,98043.99999999987
24237,98043.99999999987
24238,98043.99999999987
24239,98043.99999999987
24240,98043.99999999987
24241,98043.99999999987
24242,98043.99999999987
24243,98043.99999999987
24244,98043.99999999987
24245,98043.99999999987
24246,98043.99999999987
24247,98043.99999999987
24248,98043.99999999987
24249,98043.99999999987
24250,98043.99999999987
24251,98043.99999999987
24252,98043.99999999987
24253,98043.99999999987
24254,98043.99999999987
24255,98043.99999999987
24256,98043.99999999987
24257,98043.99999999987
24258,98043.99999999987
24259,98043.99999999987
24260,98043.99999999987
24261,98043.99999999987
24262,98043.99999999987
24263,98043.99999999987
24264,98043.99999999987
24265,98043.99999999987
24266,98043.99999999987
24267,98043.99999999987
24268,98043.99999999987
24269,98043.99999999987
24270,98043.99999999987
24271,98043.99999999987
24272,98043.99999999987
24273,98043.99999999987
24274,98043.99999999987
24275,98043.99999999987
24276,98043.99999999987
24277,98043.99999999987
24278,98043.99999999987
24279,98043.99999999987
24280,98043.99999999987
24281,98043.99999999987
24282,98043.99999999987
24283,98043.99999999987
24284,98043.99999999987
24285,98043.99999999987
24286,98043.99999999987
24287,98043.99999999987
24288,98043.99999999987
24289,98043.99999999987
24290,98043.99999999987
24291,98043.99999999987
24292,98043.99999999987
24293,98043.99999999987
24294,98043.99999999987
24295,98043.99999999987
24296,98043.99999999987
24297,98043.99999999987
24298,98043.99999999987
24299,98043.99999999987
24300,98043.99999999987
24301,98043.99999999987
24302,98043.99999999987
24303,98043.99999999987
24304,98043.99999999987
24305,98043.99999999987
24306,98043.99999999987
24307,98043.99999999987
24308,98043.99999999987
24309,98043.99999999987
24310,98043.99999999987
24311,98043.99999999987
24312,98043.99999999987
24313,98043.99999999987
24314,98043.99999999987
24315,98043.99999999987
24316,98043.99999999987
24317,98043.99999999987
24318,98043.99999999987
24319,98043.99999999987
24320,98043.99999999987
24321,98043.99999999987
24322,98043.99999999987
24323,98043.99999999987
24324,98043.99999999987
24325,98043.99999999987
24326,98043.99999999987
24327,98043.99999999987
24328,98043.99999999987
24329,98043.99999999987
24330,98043.99999999987
24331,98043.99999999987
24332,98043.99999999987
24333,98043.99999999987
24334,98043.99999999987
24335,98043.99999999987
24336,98043.99999999987
24337,98043.99999999987
24338,98043.99999999987
24339,98043.99999999987
24340,98043.99999999987
24341,98043.99999999987
24342,98043.99999999987
24343,98043.99999999987
24344,98043.99999999987
24345,98043.99999999987
24346,98043.99999999987
